age,job,marital,education,default,balance,housing,loan,contact,day_of_week,month,campaign,pdays,previous,poutcome,y,had_previous_contact,campaign_log,previous_log
67,technician,married,tertiary,no,5012,no,no,cellular,16,jul,4,228,3,failure,no,1,0.6931471805599453,1.3862943611198906
52,blue-collar,married,secondary,no,1370,yes,no,unknown,6,jun,4,-1,0,no_previous_contact,no,0,0.6931471805599453,0.0
41,technician,single,tertiary,no,-134,yes,no,cellular,13,aug,4,90,1,success,no,1,0.6931471805599453,0.6931471805599453
48,management,divorced,tertiary,no,1786,yes,no,unknown,15,may,12,-1,0,no_previous_contact,no,0,2.302585092994046,0.0
60,services,single,primary,no,3786,yes,no,unknown,3,jun,9,-1,0,no_previous_contact,yes,0,1.9459101490553128,0.0
61,technician,single,secondary,no,3516,yes,no,cellular,18,nov,4,-1,0,no_previous_contact,no,0,0.6931471805599453,0.0
57,blue-collar,married,secondary,no,750,yes,no,unknown,6,jun,8,-1,0,no_previous_contact,no,0,1.791759469228055,0.0
75,retired,married,secondary,no,60,no,no,cellular,22,aug,7,-1,0,no_previous_contact,no,0,1.6094379124341005,0.0
64,management,married,tertiary,no,2622,yes,no,cellular,8,may,4,-1,0,no_previous_contact,yes,0,0.6931471805599453,0.0
69,management,divorced,tertiary,no,0,yes,no,cellular,7,may,4,297,3,failure,no,1,0.6931471805599453,1.3862943611198906
44,technician,single,tertiary,no,3338,no,no,cellular,3,feb,4,-1,0,no_previous_contact,yes,0,0.6931471805599453,0.0
46,self-employed,single,tertiary,no,3630,no,no,telephone,9,feb,4,-1,0,no_previous_contact,yes,0,0.6931471805599453,0.0
62,management,married,secondary,no,1246,yes,no,cellular,13,may,9,-1,0,no_previous_contact,no,0,1.9459101490553128,0.0
63,management,married,tertiary,no,1084,yes,no,unknown,16,may,4,-1,0,no_previous_contact,no,0,0.6931471805599453,0.0
54,management,single,tertiary,no,336,no,no,cellular,28,jul,12,-1,0,no_previous_contact,no,0,2.302585092994046,0.0
73,technician,married,secondary,no,14990,yes,no,unknown,13,may,4,-1,0,no_previous_contact,no,0,0.6931471805599453,0.0
56,blue-collar,married,secondary,no,20,yes,no,cellular,12,may,4,-1,0,no_previous_contact,no,0,0.6931471805599453,0.0
63,technician,single,secondary,no,1914,no,no,cellular,26,aug,8,-1,0,no_previous_contact,no,0,1.791759469228055,0.0
69,services,divorced,secondary,no,2024,yes,no,cellular,12,may,6,175,2,other,no,1,1.3862943611198906,1.0986122886681098
49,admin.,single,secondary,no,532,yes,no,cellular,6,apr,5,-1,0,no_previous_contact,no,0,1.0986122886681098,0.0
46,self-employed,married,tertiary,no,6440,no,no,cellular,26,aug,7,-1,0,no_previous_contact,no,0,1.6094379124341005,0.0
46,unemployed,married,secondary,no,6484,no,no,unknown,25,jun,5,-1,0,no_previous_contact,no,0,1.0986122886681098,0.0
50,management,married,tertiary,no,3602,no,no,cellular,20,nov,4,-1,0,no_previous_contact,no,0,0.6931471805599453,0.0
53,blue-collar,married,secondary,no,3462,yes,yes,cellular,14,may,5,350,4,failure,no,1,1.0986122886681098,1.6094379124341005
49,admin.,single,secondary,no,1114,no,no,cellular,17,nov,4,-1,0,no_previous_contact,yes,0,0.6931471805599453,0.0
68,management,married,tertiary,no,14498,yes,yes,cellular,19,nov,4,-1,0,no_previous_contact,no,0,0.6931471805599453,0.0
45,services,married,secondary,no,-596,no,yes,cellular,10,jul,4,-1,0,no_previous_contact,no,0,0.6931471805599453,0.0
65,unemployed,divorced,tertiary,no,128,no,no,cellular,31,jul,9,-1,0,no_previous_contact,no,0,1.9459101490553128,0.0
51,management,single,tertiary,no,3752,no,no,cellular,4,may,4,-1,0,no_previous_contact,no,0,0.6931471805599453,0.0
70,technician,married,secondary,no,1034,yes,yes,unknown,19,may,7,-1,0,no_previous_contact,no,0,1.6094379124341005,0.0
56,unknown,single,primary,no,4796,yes,no,unknown,8,may,5,-1,0,no_previous_contact,no,0,1.0986122886681098,0.0
41,blue-collar,single,primary,no,72,no,yes,cellular,31,jul,35,-1,0,no_previous_contact,no,0,3.49650756146648,0.0
72,entrepreneur,married,unknown,no,41168,no,no,telephone,31,jul,5,-1,0,no_previous_contact,no,0,1.0986122886681098,0.0
62,blue-collar,married,secondary,no,7260,yes,no,unknown,14,may,7,-1,0,no_previous_contact,no,0,1.6094379124341005,0.0
54,blue-collar,married,primary,no,1626,yes,no,unknown,8,may,5,-1,0,no_previous_contact,no,0,1.0986122886681098,0.0
41,blue-collar,married,secondary,no,980,yes,no,unknown,23,jun,8,-1,0,no_previous_contact,no,0,1.791759469228055,0.0
57,blue-collar,divorced,secondary,no,2522,yes,yes,cellular,10,jul,4,-1,0,no_previous_contact,no,0,0.6931471805599453,0.0
73,housemaid,divorced,primary,no,7716,no,no,telephone,29,jul,9,-1,0,no_previous_contact,no,0,1.9459101490553128,0.0
50,management,divorced,tertiary,no,1542,yes,yes,cellular,19,nov,4,93,5,failure,no,1,0.6931471805599453,1.791759469228055
49,blue-collar,married,secondary,no,3150,yes,no,unknown,27,may,6,-1,0,no_previous_contact,no,0,1.3862943611198906,0.0
59,technician,married,secondary,no,0,no,no,unknown,16,jun,4,-1,0,no_previous_contact,no,0,0.6931471805599453,0.0
64,management,divorced,tertiary,no,1828,no,no,cellular,4,aug,4,-1,0,no_previous_contact,yes,0,0.6931471805599453,0.0
43,technician,married,tertiary,no,1716,yes,no,cellular,17,jul,4,-1,0,no_previous_contact,no,0,0.6931471805599453,0.0
40,management,married,unknown,no,896,no,no,cellular,5,feb,4,297,1,success,yes,1,0.6931471805599453,0.6931471805599453
49,services,married,secondary,no,5912,no,no,cellular,6,aug,5,-1,0,no_previous_contact,yes,0,1.0986122886681098,0.0
56,management,married,secondary,no,3912,no,no,cellular,4,may,9,168,11,other,no,1,1.9459101490553128,2.4849066497880004
62,technician,married,tertiary,no,426,no,no,cellular,1,jun,4,-1,0,no_previous_contact,no,0,0.6931471805599453,0.0
47,management,single,tertiary,no,2746,yes,no,unknown,21,may,5,-1,0,no_previous_contact,no,0,1.0986122886681098,0.0
82,retired,married,primary,no,8132,no,no,cellular,2,apr,9,-1,0,no_previous_contact,no,0,1.9459101490553128,0.0
44,blue-collar,married,secondary,no,200,yes,yes,cellular,6,may,7,344,2,failure,no,1,1.6094379124341005,1.0986122886681098
71,blue-collar,married,primary,no,840,yes,no,cellular,29,jan,4,265,1,failure,no,1,0.6931471805599453,0.6931471805599453
67,management,married,secondary,no,9746,no,no,telephone,6,feb,9,213,9,failure,no,1,1.9459101490553128,2.302585092994046
51,unemployed,single,secondary,no,3612,yes,no,cellular,11,may,9,-1,0,no_previous_contact,no,0,1.9459101490553128,0.0
50,management,married,tertiary,no,1850,no,no,cellular,8,jun,7,-1,0,no_previous_contact,yes,0,1.6094379124341005,0.0
58,services,married,secondary,no,2900,yes,no,unknown,4,jun,5,-1,0,no_previous_contact,no,0,1.0986122886681098,0.0
60,blue-collar,married,secondary,no,5288,yes,no,cellular,21,nov,5,-1,0,no_previous_contact,no,0,1.0986122886681098,0.0
48,student,single,secondary,no,1412,yes,no,cellular,4,feb,5,-1,0,no_previous_contact,no,0,1.0986122886681098,0.0
55,technician,married,secondary,no,1388,yes,no,cellular,10,aug,7,68,11,success,no,1,1.6094379124341005,2.4849066497880004
63,services,married,secondary,no,5754,yes,no,cellular,18,nov,4,168,1,failure,no,1,0.6931471805599453,0.6931471805599453
70,technician,married,secondary,no,1034,yes,yes,cellular,6,feb,6,263,4,failure,no,1,1.3862943611198906,1.6094379124341005
45,admin.,married,secondary,no,30,yes,no,unknown,9,may,4,-1,0,no_previous_contact,no,0,0.6931471805599453,0.0
54,blue-collar,single,secondary,no,3344,yes,no,cellular,20,apr,4,648,1,failure,yes,1,0.6931471805599453,0.6931471805599453
37,services,single,unknown,no,1478,no,no,unknown,20,aug,4,-1,0,no_previous_contact,no,0,0.6931471805599453,0.0
44,management,married,tertiary,no,3426,yes,no,cellular,4,feb,5,-1,0,no_previous_contact,no,0,1.0986122886681098,0.0
40,blue-collar,single,secondary,no,2858,yes,no,unknown,29,may,6,-1,0,no_previous_contact,no,0,1.3862943611198906,0.0
52,technician,married,secondary,no,2218,yes,no,cellular,12,may,4,354,5,failure,no,1,0.6931471805599453,1.791759469228055
43,admin.,single,secondary,no,238,no,no,cellular,19,feb,6,-1,0,no_previous_contact,no,0,1.3862943611198906,0.0
54,technician,single,tertiary,no,570,no,no,cellular,19,aug,5,-1,0,no_previous_contact,no,0,1.0986122886681098,0.0
55,management,married,tertiary,no,316,no,no,telephone,30,apr,5,-1,0,no_previous_contact,yes,0,1.0986122886681098,0.0
60,services,married,secondary,no,18154,yes,no,unknown,15,may,4,-1,0,no_previous_contact,no,0,0.6931471805599453,0.0
44,technician,single,unknown,no,3458,yes,no,cellular,6,apr,4,-1,0,no_previous_contact,no,0,0.6931471805599453,0.0
55,blue-collar,married,secondary,no,3616,yes,no,cellular,12,may,4,-1,0,no_previous_contact,yes,0,0.6931471805599453,0.0
66,management,married,tertiary,no,9834,no,no,cellular,23,apr,4,-1,0,no_previous_contact,yes,0,0.6931471805599453,0.0
58,services,married,primary,no,58,no,no,telephone,7,jul,11,-1,0,no_previous_contact,no,0,2.19722457733622,0.0
69,management,married,tertiary,no,14498,yes,yes,cellular,4,feb,5,77,1,failure,no,1,1.0986122886681098,0.6931471805599453
71,services,married,secondary,no,5316,yes,no,unknown,15,may,4,-1,0,no_previous_contact,no,0,0.6931471805599453,0.0
53,unemployed,married,primary,no,14010,yes,no,cellular,7,jul,4,412,1,failure,yes,1,0.6931471805599453,0.6931471805599453
69,services,single,secondary,no,0,no,no,cellular,23,sep,4,-1,0,no_previous_contact,yes,0,0.6931471805599453,0.0
52,blue-collar,married,secondary,no,-576,yes,yes,unknown,6,jun,5,-1,0,no_previous_contact,no,0,1.0986122886681098,0.0
60,blue-collar,married,primary,no,2582,yes,no,cellular,28,aug,20,-1,0,no_previous_contact,no,0,2.8903717578961645,0.0
56,management,married,tertiary,no,502,no,yes,unknown,6,jun,6,-1,0,no_previous_contact,no,0,1.3862943611198906,0.0
55,blue-collar,married,secondary,no,1264,no,no,cellular,5,feb,5,-1,0,no_previous_contact,no,0,1.0986122886681098,0.0
48,management,single,tertiary,no,2608,yes,no,cellular,18,may,5,-1,0,no_previous_contact,yes,0,1.0986122886681098,0.0
52,services,married,primary,yes,-966,yes,yes,cellular,19,nov,6,-1,0,no_previous_contact,no,0,1.3862943611198906,0.0
42,management,married,tertiary,no,9818,no,yes,cellular,17,jul,6,-1,0,no_previous_contact,no,0,1.3862943611198906,0.0
74,unknown,divorced,unknown,no,54,no,no,unknown,5,may,6,-1,0,no_previous_contact,no,0,1.3862943611198906,0.0
57,technician,single,secondary,no,1432,yes,no,cellular,21,nov,4,-1,0,no_previous_contact,no,0,0.6931471805599453,0.0
45,admin.,single,tertiary,no,0,yes,no,cellular,11,may,6,-1,0,no_previous_contact,no,0,1.3862943611198906,0.0
63,blue-collar,married,secondary,no,1786,no,no,cellular,13,aug,5,-1,0,no_previous_contact,no,0,1.0986122886681098,0.0
47,blue-collar,married,secondary,no,450,yes,no,cellular,17,apr,4,150,1,failure,yes,1,0.6931471805599453,0.6931471805599453
53,entrepreneur,married,tertiary,no,1356,no,yes,cellular,18,nov,5,152,1,failure,no,1,1.0986122886681098,0.6931471805599453
65,technician,married,tertiary,no,6234,no,no,cellular,20,nov,5,164,1,failure,no,1,1.0986122886681098,0.6931471805599453
72,blue-collar,married,primary,no,186,yes,no,telephone,17,apr,4,-1,0,no_previous_contact,no,0,0.6931471805599453,0.0
57,admin.,single,secondary,no,60,yes,no,cellular,4,feb,4,266,3,failure,no,1,0.6931471805599453,1.3862943611198906
56,unemployed,divorced,secondary,no,542,yes,no,unknown,19,jun,5,-1,0,no_previous_contact,no,0,1.0986122886681098,0.0
55,entrepreneur,married,secondary,no,5326,yes,yes,cellular,6,feb,5,-1,0,no_previous_contact,no,0,1.0986122886681098,0.0
73,retired,divorced,primary,no,22,no,yes,cellular,10,jul,8,-1,0,no_previous_contact,no,0,1.791759469228055,0.0
51,management,divorced,tertiary,yes,-2,yes,yes,unknown,23,may,4,-1,0,no_previous_contact,no,0,0.6931471805599453,0.0
62,management,single,tertiary,no,0,no,no,unknown,11,jun,6,-1,0,no_previous_contact,no,0,1.3862943611198906,0.0
47,management,married,primary,yes,-2322,yes,yes,cellular,30,jan,8,-1,0,no_previous_contact,no,0,1.791759469228055,0.0
69,services,married,secondary,no,1624,no,no,cellular,31,jul,9,-1,0,no_previous_contact,no,0,1.9459101490553128,0.0
54,blue-collar,single,secondary,no,338,yes,no,unknown,9,may,4,-1,0,no_previous_contact,no,0,0.6931471805599453,0.0
41,blue-collar,single,primary,no,1070,yes,no,unknown,9,jun,40,-1,0,no_previous_contact,no,0,3.6375861597263857,0.0
56,entrepreneur,married,secondary,no,1436,yes,no,unknown,14,may,5,-1,0,no_previous_contact,no,0,1.0986122886681098,0.0
97,retired,divorced,primary,no,0,no,no,cellular,6,aug,6,295,1,failure,no,1,1.3862943611198906,0.6931471805599453
46,technician,single,secondary,no,2444,yes,no,cellular,20,apr,6,-1,0,no_previous_contact,no,0,1.3862943611198906,0.0
48,blue-collar,divorced,secondary,no,120,no,no,unknown,6,may,6,-1,0,no_previous_contact,no,0,1.3862943611198906,0.0
50,blue-collar,married,secondary,no,-516,yes,no,cellular,9,jul,4,-1,0,no_previous_contact,no,0,0.6931471805599453,0.0
68,blue-collar,married,secondary,no,3704,yes,no,unknown,29,may,7,-1,0,no_previous_contact,no,0,1.6094379124341005,0.0
47,blue-collar,married,primary,no,658,yes,no,cellular,3,feb,4,-1,0,no_previous_contact,no,0,0.6931471805599453,0.0
67,blue-collar,divorced,primary,no,-382,yes,no,unknown,15,may,4,-1,0,no_previous_contact,yes,0,0.6931471805599453,0.0
64,blue-collar,married,secondary,no,2254,yes,yes,cellular,10,jul,4,-1,0,no_previous_contact,no,0,0.6931471805599453,0.0
46,management,single,tertiary,no,354,yes,no,cellular,15,may,4,-1,0,no_previous_contact,no,0,0.6931471805599453,0.0
61,blue-collar,married,primary,no,3332,yes,no,unknown,9,jun,16,-1,0,no_previous_contact,no,0,2.6390573296152584,0.0
43,technician,married,secondary,no,2360,yes,no,unknown,29,may,6,-1,0,no_previous_contact,no,0,1.3862943611198906,0.0
45,services,married,primary,no,2030,yes,no,cellular,20,nov,4,113,8,failure,no,1,0.6931471805599453,2.19722457733622
64,entrepreneur,married,tertiary,no,640,yes,yes,unknown,19,may,9,-1,0,no_previous_contact,no,0,1.9459101490553128,0.0
50,technician,single,tertiary,no,970,yes,no,unknown,29,may,8,-1,0,no_previous_contact,no,0,1.791759469228055,0.0
76,housemaid,married,primary,no,422,no,no,cellular,31,aug,5,186,3,failure,yes,1,1.0986122886681098,1.3862943611198906
59,technician,married,tertiary,no,3636,yes,yes,cellular,3,nov,5,83,2,failure,no,1,1.0986122886681098,1.0986122886681098
47,blue-collar,married,secondary,no,-128,yes,no,cellular,13,may,4,-1,0,no_previous_contact,no,0,0.6931471805599453,0.0
54,blue-collar,married,secondary,no,276,no,no,unknown,9,jun,5,-1,0,no_previous_contact,no,0,1.0986122886681098,0.0
77,management,married,tertiary,no,0,no,no,cellular,13,oct,6,-1,0,no_previous_contact,no,0,1.3862943611198906,0.0
74,unemployed,married,secondary,no,2452,no,no,cellular,6,feb,6,-1,0,no_previous_contact,no,0,1.3862943611198906,0.0
39,self-employed,single,tertiary,no,5968,yes,no,unknown,27,may,4,-1,0,no_previous_contact,yes,0,0.6931471805599453,0.0
48,services,single,secondary,no,3880,yes,no,cellular,17,apr,6,329,2,failure,no,1,1.3862943611198906,1.0986122886681098
69,management,single,tertiary,no,4162,no,no,cellular,1,oct,5,108,1,failure,no,1,1.0986122886681098,0.6931471805599453
64,management,married,tertiary,no,5762,no,no,cellular,2,mar,6,-1,0,no_previous_contact,yes,0,1.3862943611198906,0.0
72,services,married,secondary,no,16532,yes,no,telephone,21,nov,4,-1,0,no_previous_contact,no,0,0.6931471805599453,0.0
61,blue-collar,married,tertiary,no,2994,yes,no,unknown,19,may,9,-1,0,no_previous_contact,no,0,1.9459101490553128,0.0
68,services,married,secondary,no,2728,no,no,cellular,17,nov,4,115,1,failure,no,1,0.6931471805599453,0.6931471805599453
66,blue-collar,married,secondary,no,926,yes,yes,cellular,15,jul,7,-1,0,no_previous_contact,no,0,1.6094379124341005,0.0
46,management,divorced,tertiary,yes,20,yes,yes,cellular,5,may,4,-1,0,no_previous_contact,no,0,0.6931471805599453,0.0
66,technician,married,unknown,no,850,yes,no,unknown,19,may,6,-1,0,no_previous_contact,no,0,1.3862943611198906,0.0
58,technician,single,secondary,no,9980,yes,no,cellular,7,apr,4,228,10,failure,no,1,0.6931471805599453,2.3978952727983707
67,management,married,tertiary,no,0,no,no,unknown,20,jun,4,-1,0,no_previous_contact,no,0,0.6931471805599453,0.0
53,services,single,tertiary,no,2836,no,no,cellular,29,jan,4,-1,0,no_previous_contact,no,0,0.6931471805599453,0.0
72,management,married,primary,no,1190,no,no,unknown,9,jun,5,-1,0,no_previous_contact,no,0,1.0986122886681098,0.0
63,technician,married,secondary,no,2000,no,no,cellular,21,nov,5,-1,0,no_previous_contact,no,0,1.0986122886681098,0.0
61,self-employed,single,secondary,no,1052,no,no,cellular,30,apr,4,87,2,other,yes,1,0.6931471805599453,1.0986122886681098
74,retired,divorced,primary,no,242,yes,no,unknown,12,may,10,-1,0,no_previous_contact,no,0,2.079441541679836,0.0
69,blue-collar,married,unknown,no,620,yes,no,telephone,28,jan,7,258,3,other,no,1,1.6094379124341005,1.3862943611198906
71,admin.,married,secondary,no,1204,no,no,cellular,14,jun,4,130,8,success,yes,1,0.6931471805599453,2.19722457733622
64,technician,divorced,tertiary,no,1748,yes,no,unknown,16,may,5,-1,0,no_previous_contact,no,0,1.0986122886681098,0.0
53,services,married,secondary,no,564,no,no,cellular,15,jan,6,-1,0,no_previous_contact,no,0,1.3862943611198906,0.0
65,technician,married,secondary,no,-140,yes,yes,cellular,28,jan,5,191,1,failure,no,1,1.0986122886681098,0.6931471805599453
78,retired,married,secondary,no,4060,no,no,cellular,6,apr,9,-1,0,no_previous_contact,no,0,1.9459101490553128,0.0
38,technician,married,secondary,no,8,yes,no,cellular,20,apr,4,-1,0,no_previous_contact,no,0,0.6931471805599453,0.0
63,services,divorced,secondary,no,402,yes,no,cellular,12,may,6,371,2,failure,no,1,1.3862943611198906,1.0986122886681098
70,unemployed,married,secondary,no,8744,yes,no,cellular,30,jul,5,-1,0,no_previous_contact,no,0,1.0986122886681098,0.0
53,blue-collar,single,secondary,no,0,no,no,cellular,30,apr,4,-1,0,no_previous_contact,no,0,0.6931471805599453,0.0
54,technician,married,secondary,no,428,yes,no,unknown,27,may,14,-1,0,no_previous_contact,no,0,2.4849066497880004,0.0
47,blue-collar,married,secondary,no,0,yes,no,unknown,7,may,4,-1,0,no_previous_contact,no,0,0.6931471805599453,0.0
57,self-employed,married,secondary,no,798,no,no,cellular,28,jan,5,-1,0,no_previous_contact,no,0,1.0986122886681098,0.0
58,blue-collar,divorced,primary,no,12,yes,no,unknown,27,may,7,-1,0,no_previous_contact,no,0,1.6094379124341005,0.0
59,services,single,secondary,no,1524,no,yes,cellular,21,nov,4,-1,0,no_previous_contact,no,0,0.6931471805599453,0.0
41,student,single,secondary,no,10592,no,no,telephone,12,aug,4,-1,0,no_previous_contact,no,0,0.6931471805599453,0.0
51,blue-collar,married,secondary,no,1856,no,no,cellular,17,apr,6,-1,0,no_previous_contact,no,0,1.3862943611198906,0.0
54,housemaid,married,primary,no,30704,no,no,unknown,16,jun,4,-1,0,no_previous_contact,no,0,0.6931471805599453,0.0
53,technician,single,secondary,no,1130,yes,no,cellular,30,apr,4,-1,0,no_previous_contact,yes,0,0.6931471805599453,0.0
51,services,married,secondary,no,1756,yes,no,cellular,20,apr,4,-1,0,no_previous_contact,no,0,0.6931471805599453,0.0
45,technician,married,secondary,no,-560,yes,no,cellular,17,apr,5,266,2,failure,no,1,1.0986122886681098,1.0986122886681098
50,admin.,married,secondary,no,4748,yes,no,cellular,11,aug,5,183,5,success,yes,1,1.0986122886681098,1.791759469228055
67,unemployed,married,secondary,no,188,no,no,cellular,10,feb,4,92,13,success,yes,1,0.6931471805599453,2.6390573296152584
64,technician,married,secondary,yes,-148,yes,no,cellular,19,nov,4,-1,0,no_previous_contact,no,0,0.6931471805599453,0.0
59,services,single,secondary,no,10,no,no,cellular,21,jul,5,-1,0,no_previous_contact,no,0,1.0986122886681098,0.0
50,management,divorced,tertiary,no,1616,no,no,cellular,19,nov,4,-1,0,no_previous_contact,no,0,0.6931471805599453,0.0
52,services,married,secondary,no,290,yes,no,telephone,22,jul,16,-1,0,no_previous_contact,no,0,2.6390573296152584,0.0
48,management,single,secondary,yes,-348,yes,no,unknown,15,may,8,-1,0,no_previous_contact,no,0,1.791759469228055,0.0
50,management,single,tertiary,no,1494,no,no,cellular,23,feb,5,176,3,failure,no,1,1.0986122886681098,1.3862943611198906
55,unemployed,married,secondary,no,0,yes,no,cellular,19,nov,4,183,1,failure,no,1,0.6931471805599453,0.6931471805599453
47,services,single,secondary,no,792,yes,no,cellular,13,may,7,-1,0,no_previous_contact,no,0,1.6094379124341005,0.0
56,admin.,married,secondary,no,9078,no,no,unknown,30,may,6,-1,0,no_previous_contact,no,0,1.3862943611198906,0.0
57,blue-collar,married,primary,no,520,yes,no,telephone,31,jul,5,-1,0,no_previous_contact,no,0,1.0986122886681098,0.0
67,services,married,secondary,no,-2,no,yes,unknown,26,jun,6,-1,0,no_previous_contact,no,0,1.3862943611198906,0.0
47,blue-collar,married,secondary,no,6288,yes,no,unknown,23,may,5,-1,0,no_previous_contact,no,0,1.0986122886681098,0.0
57,management,divorced,secondary,no,-544,no,no,cellular,8,jul,4,-1,0,no_previous_contact,no,0,0.6931471805599453,0.0
69,services,married,secondary,no,772,yes,no,cellular,2,aug,5,-1,0,no_previous_contact,no,0,1.0986122886681098,0.0
52,services,married,secondary,no,156,yes,no,unknown,7,may,5,-1,0,no_previous_contact,no,0,1.0986122886681098,0.0
55,blue-collar,married,secondary,no,2450,yes,no,unknown,5,may,8,-1,0,no_previous_contact,no,0,1.791759469228055,0.0
63,admin.,divorced,secondary,no,1910,yes,no,cellular,4,feb,5,265,3,other,no,1,1.0986122886681098,1.3862943611198906
73,management,married,secondary,no,5478,yes,no,cellular,30,jul,9,-1,0,no_previous_contact,no,0,1.9459101490553128,0.0
50,student,single,unknown,no,0,no,no,telephone,28,jan,6,-1,0,no_previous_contact,no,0,1.3862943611198906,0.0
72,technician,married,secondary,no,6568,yes,no,unknown,26,may,4,-1,0,no_previous_contact,no,0,0.6931471805599453,0.0
67,technician,married,secondary,no,1978,no,no,cellular,11,aug,4,-1,0,no_previous_contact,no,0,0.6931471805599453,0.0
54,services,married,secondary,no,1390,yes,no,unknown,28,may,13,-1,0,no_previous_contact,no,0,2.3978952727983707,0.0
69,housemaid,married,secondary,no,2364,yes,no,cellular,6,may,5,241,2,failure,no,1,1.0986122886681098,1.0986122886681098
50,technician,married,secondary,no,1384,yes,yes,unknown,14,may,5,-1,0,no_previous_contact,no,0,1.0986122886681098,0.0
65,housemaid,married,primary,no,10592,no,no,cellular,19,nov,10,-1,0,no_previous_contact,no,0,2.079441541679836,0.0
43,blue-collar,married,secondary,no,0,yes,no,unknown,8,may,5,-1,0,no_previous_contact,no,0,1.0986122886681098,0.0
51,blue-collar,married,unknown,no,2046,yes,no,cellular,4,feb,5,-1,0,no_previous_contact,no,0,1.0986122886681098,0.0
49,management,married,secondary,no,-588,yes,no,unknown,27,may,5,-1,0,no_previous_contact,no,0,1.0986122886681098,0.0
48,management,single,tertiary,no,14838,yes,no,cellular,15,may,11,331,29,failure,no,1,2.19722457733622,3.4011973816621555
71,retired,married,primary,no,3894,no,no,cellular,30,oct,5,149,3,failure,no,1,1.0986122886681098,1.3862943611198906
34,student,single,unknown,no,54,no,no,telephone,5,mar,15,-1,0,no_previous_contact,no,0,2.5649493574615367,0.0
69,technician,single,secondary,no,946,yes,no,cellular,18,aug,9,-1,0,no_previous_contact,no,0,1.9459101490553128,0.0
48,blue-collar,married,secondary,no,128,no,no,unknown,16,may,6,-1,0,no_previous_contact,no,0,1.3862943611198906,0.0
48,blue-collar,married,tertiary,no,12276,yes,no,unknown,20,may,4,-1,0,no_previous_contact,no,0,0.6931471805599453,0.0
56,technician,married,secondary,no,-344,yes,yes,cellular,11,jul,5,-1,0,no_previous_contact,no,0,1.0986122886681098,0.0
52,admin.,married,secondary,no,1274,no,no,unknown,5,jun,4,-1,0,no_previous_contact,no,0,0.6931471805599453,0.0
48,blue-collar,married,primary,no,820,yes,no,cellular,13,may,5,355,2,failure,no,1,1.0986122886681098,1.0986122886681098
44,admin.,single,secondary,no,612,yes,no,cellular,18,may,7,-1,0,no_previous_contact,yes,0,1.6094379124341005,0.0
67,management,married,primary,no,0,yes,yes,cellular,17,nov,4,-1,0,no_previous_contact,no,0,0.6931471805599453,0.0
56,technician,married,unknown,no,-2272,yes,yes,unknown,4,jun,4,-1,0,no_previous_contact,no,0,0.6931471805599453,0.0
67,housemaid,married,unknown,no,4674,yes,no,cellular,24,nov,6,91,11,failure,no,1,1.3862943611198906,2.4849066497880004
47,technician,single,secondary,no,448,no,no,cellular,29,aug,7,-1,0,no_previous_contact,no,0,1.6094379124341005,0.0
46,blue-collar,married,primary,no,1302,yes,no,unknown,13,may,5,-1,0,no_previous_contact,no,0,1.0986122886681098,0.0
50,services,married,secondary,no,4270,no,no,unknown,11,jun,4,-1,0,no_previous_contact,no,0,0.6931471805599453,0.0
46,technician,single,secondary,no,0,no,no,cellular,29,aug,5,-1,0,no_previous_contact,no,0,1.0986122886681098,0.0
64,blue-collar,married,primary,no,710,yes,no,unknown,2,jun,10,-1,0,no_previous_contact,no,0,2.079441541679836,0.0
87,retired,divorced,tertiary,no,804,no,no,cellular,12,jul,6,-1,0,no_previous_contact,no,0,1.3862943611198906,0.0
49,entrepreneur,married,tertiary,no,-56,yes,no,cellular,16,jul,4,-1,0,no_previous_contact,no,0,0.6931471805599453,0.0
55,blue-collar,divorced,primary,no,738,no,no,unknown,6,may,5,-1,0,no_previous_contact,no,0,1.0986122886681098,0.0
66,blue-collar,married,primary,no,1728,yes,no,cellular,13,may,4,-1,0,no_previous_contact,no,0,0.6931471805599453,0.0
65,services,married,secondary,no,756,no,yes,telephone,18,jul,12,-1,0,no_previous_contact,no,0,2.302585092994046,0.0
49,services,married,secondary,no,140,yes,yes,unknown,23,may,7,-1,0,no_previous_contact,no,0,1.6094379124341005,0.0
47,technician,single,tertiary,yes,0,no,no,cellular,19,nov,5,-1,0,no_previous_contact,no,0,1.0986122886681098,0.0
58,blue-collar,married,primary,no,0,yes,no,unknown,3,jun,6,-1,0,no_previous_contact,no,0,1.3862943611198906,0.0
64,blue-collar,married,primary,no,2064,yes,no,unknown,2,jun,8,-1,0,no_previous_contact,no,0,1.791759469228055,0.0
60,blue-collar,married,primary,no,370,yes,no,cellular,29,jan,6,-1,0,no_previous_contact,no,0,1.3862943611198906,0.0
51,blue-collar,married,primary,no,88,no,no,unknown,20,jun,5,-1,0,no_previous_contact,no,0,1.0986122886681098,0.0
45,technician,single,secondary,no,2330,no,no,cellular,4,jun,5,183,3,success,yes,1,1.0986122886681098,1.3862943611198906
64,management,married,tertiary,no,2860,no,no,cellular,18,nov,5,-1,0,no_previous_contact,no,0,1.0986122886681098,0.0
47,blue-collar,married,secondary,no,1794,yes,no,cellular,7,apr,6,322,2,failure,no,1,1.3862943611198906,1.0986122886681098
53,services,single,secondary,no,1790,yes,no,cellular,12,may,4,-1,0,no_previous_contact,yes,0,0.6931471805599453,0.0
72,admin.,divorced,secondary,no,-922,yes,yes,unknown,4,jun,11,-1,0,no_previous_contact,no,0,2.19722457733622,0.0
58,management,married,tertiary,no,354,no,no,unknown,20,jun,21,-1,0,no_previous_contact,no,0,2.9444389791664403,0.0
72,unemployed,married,primary,no,5486,no,no,cellular,29,jan,4,-1,0,no_previous_contact,no,0,0.6931471805599453,0.0
44,services,married,tertiary,no,124,yes,yes,unknown,16,may,5,-1,0,no_previous_contact,no,0,1.0986122886681098,0.0
64,admin.,divorced,secondary,no,1542,yes,no,cellular,21,nov,5,172,1,failure,no,1,1.0986122886681098,0.6931471805599453
51,management,married,tertiary,no,18538,yes,yes,cellular,19,nov,5,-1,0,no_previous_contact,no,0,1.0986122886681098,0.0
43,blue-collar,single,secondary,no,14,yes,yes,unknown,9,may,6,-1,0,no_previous_contact,no,0,1.3862943611198906,0.0
54,admin.,married,secondary,no,2816,yes,no,cellular,17,apr,4,-1,0,no_previous_contact,no,0,0.6931471805599453,0.0
46,technician,single,tertiary,no,1896,yes,no,unknown,8,may,5,-1,0,no_previous_contact,no,0,1.0986122886681098,0.0
55,admin.,single,unknown,no,710,yes,no,cellular,7,apr,5,138,6,other,no,1,1.0986122886681098,1.9459101490553128
48,technician,single,unknown,no,21200,no,no,cellular,5,feb,4,267,2,failure,no,1,0.6931471805599453,1.0986122886681098
44,blue-collar,single,secondary,no,16158,no,yes,cellular,10,jul,4,-1,0,no_previous_contact,no,0,0.6931471805599453,0.0
65,services,single,primary,no,296,yes,no,unknown,7,may,5,-1,0,no_previous_contact,no,0,1.0986122886681098,0.0
68,admin.,single,secondary,no,3916,no,no,telephone,23,apr,7,-1,0,no_previous_contact,no,0,1.6094379124341005,0.0
53,blue-collar,married,secondary,no,1204,yes,no,unknown,30,may,15,-1,0,no_previous_contact,no,0,2.5649493574615367,0.0
85,management,married,tertiary,no,26594,no,no,cellular,2,feb,5,-1,0,no_previous_contact,no,0,1.0986122886681098,0.0
36,student,single,secondary,no,13688,no,no,cellular,14,aug,6,127,7,other,no,1,1.3862943611198906,2.079441541679836
60,services,married,secondary,no,176,yes,no,cellular,25,jul,7,-1,0,no_previous_contact,no,0,1.6094379124341005,0.0
56,blue-collar,married,secondary,yes,-1500,yes,yes,cellular,21,jul,6,-1,0,no_previous_contact,no,0,1.3862943611198906,0.0
47,technician,married,secondary,no,2484,yes,no,unknown,2,jun,6,-1,0,no_previous_contact,no,0,1.3862943611198906,0.0
55,blue-collar,married,primary,no,1330,yes,no,cellular,5,feb,6,211,1,success,no,1,1.3862943611198906,0.6931471805599453
59,blue-collar,married,primary,no,6866,yes,no,unknown,2,jun,11,-1,0,no_previous_contact,no,0,2.19722457733622,0.0
55,blue-collar,divorced,secondary,no,250,yes,no,unknown,19,may,5,-1,0,no_previous_contact,no,0,1.0986122886681098,0.0
48,management,married,tertiary,no,0,no,no,cellular,13,apr,5,-1,0,no_previous_contact,no,0,1.0986122886681098,0.0
50,management,single,tertiary,no,1286,yes,no,unknown,23,may,4,-1,0,no_previous_contact,no,0,0.6931471805599453,0.0
61,management,married,tertiary,no,10522,no,no,cellular,2,feb,4,-1,0,no_previous_contact,no,0,0.6931471805599453,0.0
59,services,divorced,secondary,no,0,yes,yes,unknown,13,may,4,-1,0,no_previous_contact,no,0,0.6931471805599453,0.0
66,entrepreneur,single,tertiary,yes,30,no,no,unknown,11,jun,5,-1,0,no_previous_contact,no,0,1.0986122886681098,0.0
40,services,single,secondary,no,458,yes,no,unknown,2,jun,5,-1,0,no_previous_contact,no,0,1.0986122886681098,0.0
46,admin.,married,secondary,no,1598,yes,no,cellular,7,may,6,-1,0,no_previous_contact,no,0,1.3862943611198906,0.0
59,blue-collar,married,primary,no,154,yes,no,unknown,29,may,4,-1,0,no_previous_contact,no,0,0.6931471805599453,0.0
56,self-employed,single,tertiary,no,20692,no,no,cellular,14,dec,4,182,3,success,no,1,0.6931471805599453,1.3862943611198906
51,management,single,tertiary,no,-1358,yes,yes,cellular,7,may,4,93,1,failure,no,1,0.6931471805599453,0.6931471805599453
39,technician,married,secondary,no,660,yes,yes,cellular,5,may,4,-1,0,no_previous_contact,no,0,0.6931471805599453,0.0
57,services,single,secondary,no,6806,yes,no,cellular,7,aug,4,99,1,failure,yes,1,0.6931471805599453,0.6931471805599453
57,blue-collar,married,primary,no,1148,yes,no,cellular,6,apr,5,327,2,failure,no,1,1.0986122886681098,1.0986122886681098
65,entrepreneur,divorced,tertiary,no,446,no,no,cellular,7,jul,8,-1,0,no_previous_contact,no,0,1.791759469228055,0.0
82,management,married,unknown,no,130,no,no,cellular,4,aug,4,-1,0,no_previous_contact,no,0,0.6931471805599453,0.0
48,blue-collar,married,secondary,no,52,yes,no,cellular,17,apr,6,332,1,other,no,1,1.3862943611198906,0.6931471805599453
50,admin.,single,secondary,no,1014,yes,no,cellular,22,jul,5,-1,0,no_previous_contact,yes,0,1.0986122886681098,0.0
51,unemployed,married,tertiary,no,78770,no,no,cellular,1,oct,4,-1,0,no_previous_contact,no,0,0.6931471805599453,0.0
52,blue-collar,married,primary,no,0,no,no,cellular,18,nov,5,-1,0,no_previous_contact,no,0,1.0986122886681098,0.0
49,services,married,secondary,no,0,no,no,unknown,27,may,5,-1,0,no_previous_contact,no,0,1.0986122886681098,0.0
55,management,married,tertiary,no,2936,no,no,cellular,8,aug,5,-1,0,no_previous_contact,no,0,1.0986122886681098,0.0
53,technician,married,secondary,no,334,no,no,cellular,14,aug,5,-1,0,no_previous_contact,no,0,1.0986122886681098,0.0
41,blue-collar,single,unknown,no,954,yes,no,unknown,4,jun,4,-1,0,no_previous_contact,no,0,0.6931471805599453,0.0
57,admin.,married,secondary,no,890,yes,no,unknown,5,may,4,-1,0,no_previous_contact,no,0,0.6931471805599453,0.0
48,blue-collar,single,secondary,no,90,no,no,unknown,20,jun,15,-1,0,no_previous_contact,no,0,2.5649493574615367,0.0
60,entrepreneur,married,unknown,no,6266,yes,yes,cellular,10,jul,4,-1,0,no_previous_contact,yes,0,0.6931471805599453,0.0
46,management,married,tertiary,no,1214,no,no,cellular,27,aug,8,-1,0,no_previous_contact,no,0,1.791759469228055,0.0
77,housemaid,married,tertiary,no,3056,no,no,cellular,14,apr,4,-1,0,no_previous_contact,yes,0,0.6931471805599453,0.0
44,services,married,secondary,no,62,yes,no,cellular,24,jul,8,-1,0,no_previous_contact,no,0,1.791759469228055,0.0
50,technician,single,secondary,no,4288,yes,no,cellular,30,jan,5,262,2,failure,no,1,1.0986122886681098,1.0986122886681098
47,technician,single,secondary,no,9686,no,no,cellular,8,aug,7,-1,0,no_previous_contact,no,0,1.6094379124341005,0.0
42,blue-collar,single,primary,no,0,yes,no,unknown,16,may,4,-1,0,no_previous_contact,no,0,0.6931471805599453,0.0
60,management,divorced,tertiary,no,4614,no,no,cellular,14,aug,6,-1,0,no_previous_contact,no,0,1.3862943611198906,0.0
47,services,married,secondary,no,118,yes,yes,unknown,9,may,5,-1,0,no_previous_contact,no,0,1.0986122886681098,0.0
51,blue-collar,divorced,secondary,no,5686,no,no,cellular,14,aug,4,-1,0,no_previous_contact,yes,0,0.6931471805599453,0.0
84,housemaid,married,primary,no,2160,no,no,cellular,18,aug,5,118,2,failure,no,1,1.0986122886681098,1.0986122886681098
51,management,single,tertiary,no,2800,yes,no,cellular,11,may,6,-1,0,no_previous_contact,yes,0,1.3862943611198906,0.0
61,management,married,secondary,no,2228,no,no,cellular,31,jul,11,-1,0,no_previous_contact,no,0,2.19722457733622,0.0
69,admin.,married,secondary,no,84,yes,no,unknown,12,may,5,-1,0,no_previous_contact,no,0,1.0986122886681098,0.0
56,entrepreneur,married,tertiary,no,140,no,no,unknown,31,may,4,557,1,failure,no,1,0.6931471805599453,0.6931471805599453
46,blue-collar,single,secondary,no,1018,yes,no,unknown,23,may,4,-1,0,no_previous_contact,no,0,0.6931471805599453,0.0
45,management,single,tertiary,no,698,no,no,cellular,12,aug,6,-1,0,no_previous_contact,no,0,1.3862943611198906,0.0
52,unemployed,divorced,secondary,no,148,yes,no,unknown,7,may,4,-1,0,no_previous_contact,no,0,0.6931471805599453,0.0
46,student,single,unknown,no,15652,no,no,telephone,17,mar,10,-1,0,no_previous_contact,no,0,2.079441541679836,0.0
65,blue-collar,married,primary,no,84,yes,no,unknown,4,jun,6,-1,0,no_previous_contact,no,0,1.3862943611198906,0.0
40,blue-collar,married,primary,no,344,yes,no,unknown,29,may,6,-1,0,no_previous_contact,no,0,1.3862943611198906,0.0
56,blue-collar,married,primary,no,524,yes,no,unknown,29,may,4,-1,0,no_previous_contact,no,0,0.6931471805599453,0.0
45,management,single,tertiary,no,4,no,no,cellular,16,jun,4,85,1,failure,no,1,0.6931471805599453,0.6931471805599453
74,blue-collar,married,secondary,no,25856,no,no,cellular,8,aug,5,-1,0,no_previous_contact,no,0,1.0986122886681098,0.0
61,management,married,unknown,no,1752,yes,no,cellular,31,jul,6,-1,0,no_previous_contact,no,0,1.3862943611198906,0.0
53,blue-collar,married,primary,no,978,yes,no,cellular,2,feb,4,-1,0,no_previous_contact,no,0,0.6931471805599453,0.0
47,technician,single,secondary,no,3464,yes,no,cellular,14,aug,6,-1,0,no_previous_contact,yes,0,1.3862943611198906,0.0
42,admin.,married,secondary,no,6,yes,no,unknown,23,may,8,-1,0,no_previous_contact,no,0,1.791759469228055,0.0
56,management,single,tertiary,no,1196,yes,no,cellular,17,apr,4,-1,0,no_previous_contact,no,0,0.6931471805599453,0.0
55,admin.,divorced,secondary,no,180,yes,no,unknown,9,jun,8,-1,0,no_previous_contact,no,0,1.791759469228055,0.0
63,technician,married,secondary,no,186,no,no,cellular,24,jul,5,-1,0,no_previous_contact,no,0,1.0986122886681098,0.0
44,entrepreneur,single,tertiary,no,22,yes,no,unknown,12,may,7,-1,0,no_previous_contact,no,0,1.6094379124341005,0.0
44,technician,married,secondary,no,46,yes,no,cellular,2,jun,4,55,2,failure,yes,1,0.6931471805599453,1.0986122886681098
47,technician,single,secondary,no,12804,yes,no,cellular,6,may,4,167,1,success,no,1,0.6931471805599453,0.6931471805599453
52,blue-collar,married,primary,no,7954,yes,no,cellular,17,apr,4,-1,0,no_previous_contact,no,0,0.6931471805599453,0.0
68,management,married,tertiary,no,2122,no,no,cellular,8,jun,5,-1,0,no_previous_contact,no,0,1.0986122886681098,0.0
79,housemaid,married,unknown,no,5290,no,no,telephone,3,feb,5,-1,0,no_previous_contact,yes,0,1.0986122886681098,0.0
47,blue-collar,single,secondary,no,1082,yes,no,cellular,8,may,5,-1,0,no_previous_contact,no,0,1.0986122886681098,0.0
59,blue-collar,married,secondary,no,1090,yes,no,cellular,6,apr,6,136,1,failure,no,1,1.3862943611198906,0.6931471805599453
51,blue-collar,single,secondary,no,5192,no,no,unknown,18,jun,9,-1,0,no_previous_contact,no,0,1.9459101490553128,0.0
47,admin.,single,secondary,no,434,yes,no,unknown,5,may,4,-1,0,no_previous_contact,no,0,0.6931471805599453,0.0
51,blue-collar,married,secondary,no,12580,yes,no,unknown,3,jun,23,-1,0,no_previous_contact,no,0,3.044522437723423,0.0
42,admin.,single,tertiary,no,1664,no,no,cellular,21,apr,4,-1,0,no_previous_contact,no,0,0.6931471805599453,0.0
45,management,married,tertiary,no,3992,no,no,cellular,8,feb,6,101,1,other,yes,1,1.3862943611198906,0.6931471805599453
68,blue-collar,married,primary,no,3430,yes,yes,unknown,27,may,4,-1,0,no_previous_contact,no,0,0.6931471805599453,0.0
61,entrepreneur,married,tertiary,no,386,yes,no,cellular,7,may,11,-1,0,no_previous_contact,no,0,2.19722457733622,0.0
56,unemployed,married,secondary,no,11216,no,no,cellular,9,feb,5,-1,0,no_previous_contact,no,0,1.0986122886681098,0.0
54,self-employed,single,secondary,no,1518,yes,no,unknown,20,jun,4,-1,0,no_previous_contact,no,0,0.6931471805599453,0.0
50,admin.,single,secondary,no,3672,no,no,cellular,29,jan,5,-1,0,no_previous_contact,no,0,1.0986122886681098,0.0
56,management,married,tertiary,no,2264,no,no,unknown,15,may,7,-1,0,no_previous_contact,no,0,1.6094379124341005,0.0
72,retired,single,secondary,no,3280,no,yes,unknown,6,may,7,-1,0,no_previous_contact,no,0,1.6094379124341005,0.0
75,management,married,tertiary,no,948,no,no,cellular,31,aug,8,186,3,other,yes,1,1.791759469228055,1.3862943611198906
59,blue-collar,married,secondary,no,10828,no,no,cellular,30,jul,7,-1,0,no_previous_contact,no,0,1.6094379124341005,0.0
40,unemployed,married,secondary,no,1430,no,no,cellular,4,may,7,-1,0,no_previous_contact,no,0,1.6094379124341005,0.0
52,self-employed,divorced,tertiary,no,320,yes,yes,unknown,6,jun,5,-1,0,no_previous_contact,no,0,1.0986122886681098,0.0
48,blue-collar,married,primary,no,396,yes,no,unknown,7,may,5,-1,0,no_previous_contact,no,0,1.0986122886681098,0.0
50,self-employed,single,primary,no,362,yes,no,unknown,15,may,11,-1,0,no_previous_contact,no,0,2.19722457733622,0.0
56,technician,divorced,secondary,no,450,yes,yes,unknown,13,may,4,-1,0,no_previous_contact,no,0,0.6931471805599453,0.0
54,blue-collar,married,unknown,no,590,yes,no,cellular,3,feb,4,-1,0,no_previous_contact,no,0,0.6931471805599453,0.0
45,management,single,tertiary,no,4,yes,no,cellular,28,jul,7,-1,0,no_previous_contact,no,0,1.6094379124341005,0.0
49,technician,married,secondary,no,588,yes,no,cellular,9,dec,4,184,3,success,yes,1,0.6931471805599453,1.3862943611198906
57,technician,married,secondary,no,2710,no,no,cellular,13,aug,9,-1,0,no_previous_contact,no,0,1.9459101490553128,0.0
42,management,single,secondary,no,3218,yes,no,cellular,7,jul,6,-1,0,no_previous_contact,no,0,1.3862943611198906,0.0
63,services,married,secondary,no,600,no,yes,cellular,16,jul,11,-1,0,no_previous_contact,no,0,2.19722457733622,0.0
48,services,single,secondary,no,5762,no,no,cellular,26,may,4,328,1,success,yes,1,0.6931471805599453,0.6931471805599453
48,technician,single,secondary,no,682,no,yes,unknown,12,may,6,-1,0,no_previous_contact,no,0,1.3862943611198906,0.0
48,entrepreneur,married,tertiary,no,1190,no,no,cellular,7,aug,5,-1,0,no_previous_contact,no,0,1.0986122886681098,0.0
50,blue-collar,married,primary,no,302,yes,no,cellular,11,may,5,298,6,failure,no,1,1.0986122886681098,1.9459101490553128
43,management,married,tertiary,no,24,yes,no,cellular,9,sep,4,-1,0,no_previous_contact,yes,0,0.6931471805599453,0.0
49,management,married,tertiary,no,0,no,no,cellular,15,apr,5,-1,0,no_previous_contact,no,0,1.0986122886681098,0.0
61,admin.,married,primary,no,62,yes,no,unknown,15,may,4,-1,0,no_previous_contact,no,0,0.6931471805599453,0.0
66,blue-collar,married,primary,no,924,yes,no,cellular,29,aug,5,-1,0,no_previous_contact,no,0,1.0986122886681098,0.0
75,retired,divorced,secondary,no,2198,no,no,cellular,11,jul,5,-1,0,no_previous_contact,yes,0,1.0986122886681098,0.0
65,entrepreneur,divorced,tertiary,no,630,no,no,cellular,8,jan,4,119,1,failure,no,1,0.6931471805599453,0.6931471805599453
43,technician,single,secondary,no,11526,no,yes,cellular,5,mar,5,-1,0,no_previous_contact,yes,0,1.0986122886681098,0.0
69,technician,single,tertiary,no,236,no,no,cellular,5,apr,4,-1,0,no_previous_contact,yes,0,0.6931471805599453,0.0
51,services,married,secondary,no,3388,yes,yes,unknown,23,may,9,-1,0,no_previous_contact,no,0,1.9459101490553128,0.0
61,blue-collar,married,secondary,no,5206,yes,yes,cellular,11,may,6,277,2,failure,no,1,1.3862943611198906,1.0986122886681098
56,blue-collar,married,primary,no,108,yes,no,cellular,10,jul,4,-1,0,no_previous_contact,no,0,0.6931471805599453,0.0
71,management,married,tertiary,no,1410,no,no,cellular,19,nov,5,-1,0,no_previous_contact,no,0,1.0986122886681098,0.0
46,technician,married,tertiary,no,13124,yes,no,cellular,19,aug,5,-1,0,no_previous_contact,no,0,1.0986122886681098,0.0
51,admin.,single,tertiary,no,1836,yes,no,cellular,16,apr,5,-1,0,no_previous_contact,no,0,1.0986122886681098,0.0
60,blue-collar,married,secondary,no,1214,yes,no,unknown,26,may,10,-1,0,no_previous_contact,no,0,2.079441541679836,0.0
66,blue-collar,married,secondary,no,1004,no,no,unknown,6,jun,5,-1,0,no_previous_contact,no,0,1.0986122886681098,0.0
69,management,married,tertiary,no,13050,yes,no,cellular,17,apr,4,149,4,failure,no,1,0.6931471805599453,1.6094379124341005
71,retired,married,primary,no,668,no,no,cellular,6,aug,5,-1,0,no_previous_contact,no,0,1.0986122886681098,0.0
51,entrepreneur,married,secondary,yes,2,yes,no,cellular,21,nov,4,-1,0,no_previous_contact,no,0,0.6931471805599453,0.0
49,management,married,tertiary,no,236,no,yes,telephone,17,jul,6,-1,0,no_previous_contact,no,0,1.3862943611198906,0.0
48,self-employed,single,secondary,no,8,yes,no,cellular,19,nov,5,180,2,failure,no,1,1.0986122886681098,1.0986122886681098
61,management,married,tertiary,no,2278,no,no,cellular,31,jul,7,-1,0,no_previous_contact,no,0,1.6094379124341005,0.0
53,unemployed,divorced,secondary,no,0,yes,no,unknown,30,may,7,-1,0,no_previous_contact,no,0,1.6094379124341005,0.0
36,student,single,unknown,no,1524,no,no,cellular,24,jun,4,-1,0,no_previous_contact,no,0,0.6931471805599453,0.0
48,blue-collar,married,secondary,no,1322,yes,no,cellular,18,jul,4,-1,0,no_previous_contact,yes,0,0.6931471805599453,0.0
61,management,single,secondary,no,11986,no,no,cellular,25,mar,4,184,2,failure,no,1,0.6931471805599453,1.0986122886681098
52,blue-collar,married,secondary,no,1446,yes,no,cellular,18,nov,4,110,2,failure,no,1,0.6931471805599453,1.0986122886681098
44,blue-collar,single,primary,no,160,yes,no,unknown,28,may,4,-1,0,no_previous_contact,no,0,0.6931471805599453,0.0
52,technician,married,secondary,no,48,yes,no,cellular,13,aug,4,105,2,failure,no,1,0.6931471805599453,1.0986122886681098
49,technician,married,secondary,no,-574,yes,yes,unknown,26,may,4,-1,0,no_previous_contact,no,0,0.6931471805599453,0.0
54,admin.,married,tertiary,no,928,yes,no,cellular,7,may,4,-1,0,no_previous_contact,no,0,0.6931471805599453,0.0
45,management,married,tertiary,no,0,no,no,cellular,14,aug,5,-1,0,no_previous_contact,no,0,1.0986122886681098,0.0
49,blue-collar,married,secondary,no,1864,no,yes,cellular,18,nov,5,132,1,other,no,1,1.0986122886681098,0.6931471805599453
67,admin.,married,secondary,no,0,no,no,cellular,22,apr,5,275,1,failure,no,1,1.0986122886681098,0.6931471805599453
54,services,single,secondary,no,600,yes,yes,unknown,28,may,5,-1,0,no_previous_contact,no,0,1.0986122886681098,0.0
88,retired,married,secondary,no,5700,no,no,cellular,19,apr,5,185,3,failure,no,1,1.0986122886681098,1.3862943611198906
52,admin.,divorced,secondary,no,900,yes,yes,unknown,24,jun,4,-1,0,no_previous_contact,no,0,0.6931471805599453,0.0
48,technician,married,secondary,no,1912,yes,yes,cellular,20,aug,5,-1,0,no_previous_contact,no,0,1.0986122886681098,0.0
44,blue-collar,single,secondary,no,9148,yes,no,unknown,16,may,5,-1,0,no_previous_contact,no,0,1.0986122886681098,0.0
45,management,single,tertiary,no,1780,no,no,cellular,27,aug,21,-1,0,no_previous_contact,no,0,2.9444389791664403,0.0
52,admin.,married,primary,no,376,yes,no,cellular,17,apr,4,-1,0,no_previous_contact,no,0,0.6931471805599453,0.0
69,unemployed,divorced,secondary,no,3328,no,no,cellular,2,jun,6,-1,0,no_previous_contact,yes,0,1.3862943611198906,0.0
51,self-employed,married,tertiary,no,4024,no,no,cellular,10,feb,10,-1,0,no_previous_contact,no,0,2.079441541679836,0.0
78,retired,divorced,primary,no,218,no,no,cellular,10,nov,5,-1,0,no_previous_contact,yes,0,1.0986122886681098,0.0
65,admin.,married,secondary,no,318,yes,no,unknown,7,may,5,-1,0,no_previous_contact,no,0,1.0986122886681098,0.0
39,management,married,secondary,no,4556,yes,no,unknown,27,may,7,-1,0,no_previous_contact,no,0,1.6094379124341005,0.0
66,blue-collar,married,secondary,no,320,yes,no,cellular,7,may,4,359,1,failure,no,1,0.6931471805599453,0.6931471805599453
58,management,married,tertiary,no,5772,no,no,cellular,20,nov,4,-1,0,no_previous_contact,no,0,0.6931471805599453,0.0
71,admin.,married,unknown,no,3568,no,no,cellular,13,aug,5,-1,0,no_previous_contact,no,0,1.0986122886681098,0.0
52,technician,single,secondary,no,36,no,no,unknown,12,jun,5,-1,0,no_previous_contact,no,0,1.0986122886681098,0.0
92,retired,married,primary,no,4446,no,no,telephone,10,aug,5,187,1,success,no,1,1.0986122886681098,0.6931471805599453
46,services,single,secondary,no,1206,yes,yes,cellular,17,apr,5,319,2,failure,no,1,1.0986122886681098,1.0986122886681098
65,blue-collar,divorced,primary,no,3090,yes,no,cellular,20,nov,4,-1,0,no_previous_contact,no,0,0.6931471805599453,0.0
57,blue-collar,married,primary,no,3956,yes,no,cellular,20,apr,7,-1,0,no_previous_contact,no,0,1.6094379124341005,0.0
70,unemployed,married,secondary,no,2678,no,no,cellular,2,feb,5,-1,0,no_previous_contact,no,0,1.0986122886681098,0.0
47,services,single,secondary,no,248,yes,no,cellular,6,feb,6,9,5,other,no,1,1.3862943611198906,1.791759469228055
75,retired,married,primary,no,1788,yes,no,unknown,15,may,10,-1,0,no_previous_contact,no,0,2.079441541679836,0.0
72,unemployed,married,unknown,no,762,no,no,cellular,29,jan,4,-1,0,no_previous_contact,no,0,0.6931471805599453,0.0
73,management,married,primary,no,0,no,no,unknown,12,jun,9,-1,0,no_previous_contact,no,0,1.9459101490553128,0.0
69,technician,divorced,secondary,no,42,yes,no,unknown,6,may,5,-1,0,no_previous_contact,no,0,1.0986122886681098,0.0
54,admin.,single,tertiary,no,46,no,no,unknown,11,jun,6,-1,0,no_previous_contact,no,0,1.3862943611198906,0.0
49,services,married,secondary,no,284,yes,no,unknown,8,may,7,-1,0,no_previous_contact,no,0,1.6094379124341005,0.0
49,management,single,tertiary,no,2342,yes,no,cellular,10,jul,4,-1,0,no_previous_contact,no,0,0.6931471805599453,0.0
53,management,married,tertiary,no,2202,yes,no,cellular,9,mar,5,120,1,failure,no,1,1.0986122886681098,0.6931471805599453
51,admin.,married,secondary,no,192,no,no,cellular,2,feb,4,-1,0,no_previous_contact,yes,0,0.6931471805599453,0.0
51,management,single,tertiary,no,14504,no,no,cellular,12,aug,4,-1,0,no_previous_contact,no,0,0.6931471805599453,0.0
52,technician,married,secondary,no,2240,yes,no,cellular,29,jan,6,244,5,failure,no,1,1.3862943611198906,1.791759469228055
46,management,single,secondary,no,2180,yes,no,cellular,8,may,4,303,1,failure,no,1,0.6931471805599453,0.6931471805599453
44,management,single,tertiary,no,616,no,no,cellular,4,feb,5,184,1,failure,no,1,1.0986122886681098,0.6931471805599453
65,blue-collar,married,primary,no,1906,yes,no,cellular,13,may,4,364,2,failure,no,1,0.6931471805599453,1.0986122886681098
74,management,married,tertiary,no,1666,yes,yes,cellular,21,nov,4,-1,0,no_previous_contact,no,0,0.6931471805599453,0.0
69,management,married,tertiary,no,1312,yes,yes,cellular,27,aug,9,-1,0,no_previous_contact,no,0,1.9459101490553128,0.0
52,technician,married,secondary,no,820,yes,yes,unknown,2,jun,9,-1,0,no_previous_contact,no,0,1.9459101490553128,0.0
46,blue-collar,married,secondary,no,158,yes,yes,cellular,23,jul,14,-1,0,no_previous_contact,no,0,2.4849066497880004,0.0
53,blue-collar,single,secondary,no,1154,yes,no,unknown,2,jun,5,-1,0,no_previous_contact,no,0,1.0986122886681098,0.0
69,blue-collar,married,secondary,no,1096,no,no,cellular,18,aug,10,-1,0,no_previous_contact,yes,0,2.079441541679836,0.0
42,technician,single,secondary,no,2,yes,no,unknown,2,jun,11,-1,0,no_previous_contact,no,0,2.19722457733622,0.0
47,technician,married,secondary,no,398,no,yes,cellular,13,aug,4,-1,0,no_previous_contact,no,0,0.6931471805599453,0.0
49,technician,single,tertiary,no,740,yes,no,cellular,8,aug,5,-1,0,no_previous_contact,no,0,1.0986122886681098,0.0
69,blue-collar,married,primary,no,-478,yes,no,unknown,23,may,4,-1,0,no_previous_contact,no,0,0.6931471805599453,0.0
51,blue-collar,married,secondary,no,-370,yes,no,cellular,12,may,5,350,2,failure,no,1,1.0986122886681098,1.0986122886681098
45,admin.,married,secondary,no,4568,yes,no,cellular,19,nov,4,-1,0,no_previous_contact,no,0,0.6931471805599453,0.0
54,entrepreneur,single,tertiary,no,3674,no,no,cellular,29,jan,4,-1,0,no_previous_contact,no,0,0.6931471805599453,0.0
58,management,married,tertiary,no,978,yes,no,cellular,8,may,4,172,2,other,no,1,0.6931471805599453,1.0986122886681098
67,blue-collar,married,secondary,no,92,yes,no,unknown,8,may,4,-1,0,no_previous_contact,no,0,0.6931471805599453,0.0
52,unemployed,married,secondary,no,3956,no,no,cellular,9,sep,4,182,1,success,yes,1,0.6931471805599453,0.6931471805599453
57,services,single,secondary,no,0,yes,no,cellular,14,may,10,177,1,other,no,1,2.079441541679836,0.6931471805599453
65,management,single,tertiary,no,0,no,no,cellular,22,aug,7,-1,0,no_previous_contact,no,0,1.6094379124341005,0.0
61,services,single,secondary,no,1794,yes,no,telephone,18,nov,5,-1,0,no_previous_contact,no,0,1.0986122886681098,0.0
44,services,single,secondary,no,-64,no,yes,cellular,8,jul,4,-1,0,no_previous_contact,no,0,0.6931471805599453,0.0
84,retired,divorced,secondary,no,9144,no,no,telephone,27,oct,5,56,1,other,yes,1,1.0986122886681098,0.6931471805599453
73,retired,divorced,secondary,no,16532,yes,no,cellular,2,feb,5,271,1,failure,no,1,1.0986122886681098,0.6931471805599453
41,blue-collar,single,secondary,no,5226,no,no,cellular,29,jan,5,-1,0,no_previous_contact,no,0,1.0986122886681098,0.0
68,technician,married,tertiary,no,862,yes,no,unknown,11,jun,4,-1,0,no_previous_contact,no,0,0.6931471805599453,0.0
57,management,married,tertiary,no,502,no,no,cellular,20,aug,5,-1,0,no_previous_contact,no,0,1.0986122886681098,0.0
63,management,married,tertiary,yes,0,yes,no,cellular,31,jul,7,-1,0,no_previous_contact,no,0,1.6094379124341005,0.0
61,management,married,tertiary,no,546,yes,no,cellular,15,sep,4,105,3,failure,yes,1,0.6931471805599453,1.3862943611198906
50,admin.,single,secondary,no,1886,no,no,telephone,14,nov,4,-1,0,no_previous_contact,no,0,0.6931471805599453,0.0
47,services,married,secondary,no,2796,yes,yes,cellular,15,may,4,-1,0,no_previous_contact,no,0,0.6931471805599453,0.0
52,management,married,unknown,no,494,no,no,cellular,2,feb,5,208,1,failure,no,1,1.0986122886681098,0.6931471805599453
45,admin.,single,secondary,no,780,yes,no,cellular,17,apr,4,347,1,failure,no,1,0.6931471805599453,0.6931471805599453
67,blue-collar,married,primary,no,562,yes,no,cellular,16,apr,7,335,3,other,no,1,1.6094379124341005,1.3862943611198906
52,technician,married,secondary,no,664,yes,no,cellular,19,nov,5,-1,0,no_previous_contact,no,0,1.0986122886681098,0.0
46,unemployed,divorced,tertiary,no,512,yes,no,cellular,16,jul,5,-1,0,no_previous_contact,yes,0,1.0986122886681098,0.0
68,retired,married,primary,no,7950,no,no,unknown,20,jun,5,-1,0,no_previous_contact,no,0,1.0986122886681098,0.0
58,admin.,married,secondary,no,1754,yes,no,cellular,2,feb,4,-1,0,no_previous_contact,no,0,0.6931471805599453,0.0
43,management,single,tertiary,no,2574,yes,no,cellular,26,feb,4,-1,0,no_previous_contact,yes,0,0.6931471805599453,0.0
50,services,married,secondary,no,414,yes,no,unknown,26,may,4,-1,0,no_previous_contact,no,0,0.6931471805599453,0.0
60,entrepreneur,single,tertiary,no,3356,no,no,unknown,16,jun,5,-1,0,no_previous_contact,no,0,1.0986122886681098,0.0
44,services,single,tertiary,no,3576,no,no,cellular,4,feb,4,100,1,success,no,1,0.6931471805599453,0.6931471805599453
47,self-employed,married,tertiary,no,378,yes,no,unknown,6,jun,5,-1,0,no_previous_contact,no,0,1.0986122886681098,0.0
56,technician,married,secondary,no,338,yes,no,unknown,7,may,5,-1,0,no_previous_contact,no,0,1.0986122886681098,0.0
49,services,single,secondary,no,0,yes,no,cellular,6,may,5,-1,0,no_previous_contact,no,0,1.0986122886681098,0.0
43,technician,single,secondary,no,1844,yes,no,cellular,7,apr,4,-1,0,no_previous_contact,no,0,0.6931471805599453,0.0
54,blue-collar,married,secondary,no,284,no,yes,cellular,14,jul,7,-1,0,no_previous_contact,no,0,1.6094379124341005,0.0
53,blue-collar,married,primary,no,30954,no,no,unknown,20,jun,5,-1,0,no_previous_contact,no,0,1.0986122886681098,0.0
44,management,married,tertiary,no,404,yes,no,cellular,7,may,4,-1,0,no_previous_contact,no,0,0.6931471805599453,0.0
52,blue-collar,single,primary,no,0,yes,yes,cellular,22,jul,4,-1,0,no_previous_contact,no,0,0.6931471805599453,0.0
74,retired,married,secondary,no,6764,yes,no,unknown,13,may,4,-1,0,no_previous_contact,no,0,0.6931471805599453,0.0
50,admin.,married,secondary,no,380,yes,no,unknown,20,may,6,-1,0,no_previous_contact,no,0,1.3862943611198906,0.0
61,blue-collar,married,secondary,no,2240,no,yes,unknown,19,jun,4,-1,0,no_previous_contact,no,0,0.6931471805599453,0.0
47,blue-collar,single,secondary,no,464,no,no,unknown,13,dec,4,-1,0,no_previous_contact,no,0,0.6931471805599453,0.0
39,student,single,unknown,no,0,no,no,cellular,4,may,5,-1,0,no_previous_contact,no,0,1.0986122886681098,0.0
69,management,married,tertiary,no,2706,yes,no,unknown,27,may,5,-1,0,no_previous_contact,no,0,1.0986122886681098,0.0
57,self-employed,married,tertiary,no,3864,yes,no,unknown,16,may,35,-1,0,no_previous_contact,no,0,3.49650756146648,0.0
57,management,married,tertiary,no,4274,no,no,cellular,19,aug,7,-1,0,no_previous_contact,no,0,1.6094379124341005,0.0
64,services,single,secondary,no,616,yes,no,unknown,4,jun,6,-1,0,no_previous_contact,no,0,1.3862943611198906,0.0
43,admin.,single,secondary,no,1298,yes,no,cellular,25,jul,6,-1,0,no_previous_contact,no,0,1.3862943611198906,0.0
49,unemployed,married,tertiary,no,0,no,no,cellular,8,aug,9,-1,0,no_previous_contact,no,0,1.9459101490553128,0.0
68,retired,married,secondary,no,272,no,no,unknown,16,jun,4,-1,0,no_previous_contact,no,0,0.6931471805599453,0.0
67,housemaid,married,primary,no,620,no,yes,unknown,12,jun,7,-1,0,no_previous_contact,no,0,1.6094379124341005,0.0
74,retired,married,primary,no,348,yes,yes,unknown,26,may,4,-1,0,no_previous_contact,no,0,0.6931471805599453,0.0
50,technician,married,secondary,no,3414,yes,no,unknown,2,jun,6,-1,0,no_previous_contact,no,0,1.3862943611198906,0.0
53,blue-collar,single,primary,no,-10,yes,no,unknown,21,may,15,-1,0,no_previous_contact,no,0,2.5649493574615367,0.0
52,admin.,divorced,secondary,no,3066,yes,no,cellular,21,nov,7,-1,0,no_previous_contact,yes,0,1.6094379124341005,0.0
44,student,single,secondary,no,3558,no,no,cellular,4,jun,4,-1,0,no_previous_contact,yes,0,0.6931471805599453,0.0
59,management,divorced,tertiary,no,192,no,no,cellular,25,aug,5,-1,0,no_previous_contact,no,0,1.0986122886681098,0.0
47,blue-collar,married,secondary,no,272,no,no,cellular,16,nov,4,188,3,success,yes,1,0.6931471805599453,1.3862943611198906
56,management,married,tertiary,no,3470,yes,no,cellular,21,nov,6,-1,0,no_previous_contact,no,0,1.3862943611198906,0.0
50,technician,single,tertiary,no,5300,no,no,cellular,25,aug,11,-1,0,no_previous_contact,no,0,2.19722457733622,0.0
61,admin.,married,secondary,no,10338,no,no,cellular,22,jul,17,-1,0,no_previous_contact,no,0,2.70805020110221,0.0
51,technician,married,secondary,no,12768,yes,yes,cellular,18,nov,4,-1,0,no_previous_contact,no,0,0.6931471805599453,0.0
74,retired,divorced,unknown,no,-98,yes,no,unknown,13,may,5,-1,0,no_previous_contact,no,0,1.0986122886681098,0.0
67,blue-collar,married,secondary,no,-34,yes,no,unknown,8,may,6,-1,0,no_previous_contact,no,0,1.3862943611198906,0.0
43,technician,single,tertiary,no,2160,yes,no,cellular,18,may,4,-1,0,no_previous_contact,no,0,0.6931471805599453,0.0
57,services,married,secondary,no,0,yes,no,cellular,13,may,7,-1,0,no_previous_contact,no,0,1.6094379124341005,0.0
53,blue-collar,married,secondary,no,388,yes,no,cellular,17,apr,7,340,7,failure,no,1,1.6094379124341005,2.079441541679836
48,technician,single,secondary,no,40,yes,no,cellular,7,aug,5,-1,0,no_previous_contact,no,0,1.0986122886681098,0.0
85,retired,divorced,secondary,no,9144,no,no,cellular,8,jul,14,162,5,failure,no,1,2.4849066497880004,1.791759469228055
51,technician,divorced,secondary,no,1112,yes,no,cellular,18,nov,6,189,1,failure,no,1,1.3862943611198906,0.6931471805599453
38,services,single,unknown,no,30,yes,no,cellular,15,may,5,364,2,other,no,1,1.0986122886681098,1.0986122886681098
48,management,single,tertiary,no,746,no,yes,cellular,27,jul,4,180,4,failure,yes,1,0.6931471805599453,1.6094379124341005
74,technician,married,primary,no,8486,yes,no,unknown,29,may,4,-1,0,no_previous_contact,no,0,0.6931471805599453,0.0
74,admin.,married,primary,no,8774,yes,no,telephone,16,jul,9,-1,0,no_previous_contact,no,0,1.9459101490553128,0.0
52,management,married,tertiary,no,330,no,no,cellular,24,aug,4,83,1,other,no,1,0.6931471805599453,0.6931471805599453
52,management,married,tertiary,no,128,no,no,cellular,7,may,4,295,1,failure,no,1,0.6931471805599453,0.6931471805599453
67,housemaid,divorced,secondary,no,668,yes,no,unknown,17,jun,12,-1,0,no_previous_contact,no,0,2.302585092994046,0.0
48,technician,married,unknown,no,2900,no,no,cellular,27,apr,4,-1,0,no_previous_contact,no,0,0.6931471805599453,0.0
51,entrepreneur,single,secondary,no,950,no,no,cellular,25,jul,6,-1,0,no_previous_contact,no,0,1.3862943611198906,0.0
56,technician,married,secondary,no,1186,no,no,cellular,29,aug,9,-1,0,no_previous_contact,no,0,1.9459101490553128,0.0
65,services,married,secondary,no,1922,no,yes,cellular,14,aug,7,-1,0,no_previous_contact,no,0,1.6094379124341005,0.0
49,self-employed,single,tertiary,no,3596,yes,no,cellular,13,may,6,-1,0,no_previous_contact,no,0,1.3862943611198906,0.0
74,retired,married,secondary,no,7624,yes,no,telephone,11,jul,5,-1,0,no_previous_contact,no,0,1.0986122886681098,0.0
46,admin.,single,secondary,no,2612,yes,no,unknown,28,may,8,-1,0,no_previous_contact,no,0,1.791759469228055,0.0
65,management,divorced,tertiary,no,-796,yes,yes,cellular,21,jul,4,-1,0,no_previous_contact,no,0,0.6931471805599453,0.0
61,entrepreneur,married,secondary,no,0,no,yes,cellular,18,jul,4,-1,0,no_previous_contact,no,0,0.6931471805599453,0.0
65,blue-collar,married,secondary,no,0,no,no,cellular,30,jul,12,-1,0,no_previous_contact,no,0,2.302585092994046,0.0
65,services,married,secondary,no,1366,yes,yes,unknown,26,may,6,-1,0,no_previous_contact,no,0,1.3862943611198906,0.0
53,entrepreneur,married,secondary,no,4278,yes,no,unknown,9,may,4,-1,0,no_previous_contact,no,0,0.6931471805599453,0.0
71,management,married,primary,no,2344,no,no,unknown,9,jun,6,-1,0,no_previous_contact,no,0,1.3862943611198906,0.0
44,blue-collar,married,secondary,no,94,yes,yes,cellular,15,may,4,-1,0,no_previous_contact,no,0,0.6931471805599453,0.0
52,technician,single,secondary,no,3180,yes,no,cellular,9,apr,8,315,3,other,no,1,1.791759469228055,1.3862943611198906
45,admin.,single,secondary,no,774,yes,no,unknown,8,may,4,-1,0,no_previous_contact,no,0,0.6931471805599453,0.0
60,management,married,secondary,no,3092,no,no,telephone,21,nov,5,-1,0,no_previous_contact,no,0,1.0986122886681098,0.0
53,technician,married,tertiary,no,1880,no,no,cellular,12,aug,10,-1,0,no_previous_contact,no,0,2.079441541679836,0.0
68,technician,married,secondary,no,390,yes,no,cellular,19,may,4,90,6,success,yes,1,0.6931471805599453,1.9459101490553128
42,technician,single,tertiary,no,1070,yes,no,unknown,6,jun,6,-1,0,no_previous_contact,no,0,1.3862943611198906,0.0
53,technician,divorced,tertiary,no,930,no,yes,cellular,28,jul,6,-1,0,no_previous_contact,no,0,1.3862943611198906,0.0
56,housemaid,married,primary,no,0,no,no,cellular,14,apr,4,-1,0,no_previous_contact,yes,0,0.6931471805599453,0.0
85,retired,married,secondary,no,0,no,no,cellular,27,oct,4,92,5,success,yes,1,0.6931471805599453,1.791759469228055
50,management,married,tertiary,no,0,yes,no,cellular,21,jul,6,-1,0,no_previous_contact,no,0,1.3862943611198906,0.0
55,admin.,single,secondary,no,-454,yes,no,unknown,7,may,6,-1,0,no_previous_contact,no,0,1.3862943611198906,0.0
48,admin.,single,tertiary,no,1734,yes,no,cellular,14,apr,4,-1,0,no_previous_contact,no,0,0.6931471805599453,0.0
46,blue-collar,married,secondary,no,1114,yes,yes,unknown,27,may,4,-1,0,no_previous_contact,no,0,0.6931471805599453,0.0
52,technician,married,secondary,no,202,no,no,cellular,17,jul,4,-1,0,no_previous_contact,no,0,0.6931471805599453,0.0
72,housemaid,divorced,primary,no,984,no,no,telephone,21,nov,5,-1,0,no_previous_contact,no,0,1.0986122886681098,0.0
64,technician,married,secondary,no,4994,yes,no,unknown,29,may,4,-1,0,no_previous_contact,no,0,0.6931471805599453,0.0
56,blue-collar,married,secondary,no,1802,yes,no,unknown,6,jun,6,-1,0,no_previous_contact,no,0,1.3862943611198906,0.0
58,admin.,married,secondary,no,1012,no,no,unknown,20,jun,4,-1,0,no_previous_contact,no,0,0.6931471805599453,0.0
61,admin.,divorced,primary,no,3614,yes,no,cellular,11,may,6,339,2,failure,no,1,1.3862943611198906,1.0986122886681098
73,management,married,primary,no,9700,no,no,cellular,7,jul,5,-1,0,no_previous_contact,no,0,1.0986122886681098,0.0
69,management,divorced,tertiary,no,2074,no,no,cellular,12,aug,7,-1,0,no_previous_contact,no,0,1.6094379124341005,0.0
62,management,single,tertiary,no,668,yes,no,cellular,28,jun,6,94,9,success,yes,1,1.3862943611198906,2.302585092994046
72,blue-collar,married,unknown,no,194,yes,no,unknown,16,may,9,-1,0,no_previous_contact,no,0,1.9459101490553128,0.0
71,management,single,tertiary,no,9084,no,no,unknown,12,may,5,-1,0,no_previous_contact,no,0,1.0986122886681098,0.0
74,retired,married,secondary,no,748,no,no,cellular,29,aug,5,-1,0,no_previous_contact,no,0,1.0986122886681098,0.0
68,admin.,married,secondary,no,17784,yes,no,cellular,13,may,4,174,1,failure,no,1,0.6931471805599453,0.6931471805599453
49,technician,married,secondary,no,4934,no,no,cellular,3,feb,4,-1,0,no_previous_contact,no,0,0.6931471805599453,0.0
63,technician,divorced,tertiary,no,1814,no,yes,cellular,4,aug,4,-1,0,no_previous_contact,no,0,0.6931471805599453,0.0
53,blue-collar,married,secondary,no,1628,yes,no,cellular,4,feb,4,-1,0,no_previous_contact,no,0,0.6931471805599453,0.0
55,services,married,secondary,no,1148,yes,no,unknown,15,may,6,-1,0,no_previous_contact,no,0,1.3862943611198906,0.0
44,blue-collar,married,primary,no,1216,yes,no,unknown,9,may,5,-1,0,no_previous_contact,no,0,1.0986122886681098,0.0
57,technician,single,secondary,no,4072,yes,no,cellular,19,nov,5,-1,0,no_previous_contact,no,0,1.0986122886681098,0.0
46,unemployed,married,secondary,no,62,yes,no,cellular,15,jul,9,-1,0,no_previous_contact,no,0,1.9459101490553128,0.0
67,self-employed,divorced,tertiary,no,21306,yes,no,cellular,18,nov,4,-1,0,no_previous_contact,no,0,0.6931471805599453,0.0
51,management,single,tertiary,no,2758,no,no,cellular,25,may,4,186,1,failure,yes,1,0.6931471805599453,0.6931471805599453
36,blue-collar,married,secondary,no,446,yes,no,unknown,27,may,4,-1,0,no_previous_contact,no,0,0.6931471805599453,0.0
57,blue-collar,married,primary,no,3040,yes,no,cellular,5,feb,4,-1,0,no_previous_contact,no,0,0.6931471805599453,0.0
43,technician,single,secondary,no,244,no,no,cellular,3,feb,7,-1,0,no_previous_contact,no,0,1.6094379124341005,0.0
55,blue-collar,married,unknown,no,1856,yes,no,cellular,17,apr,4,-1,0,no_previous_contact,no,0,0.6931471805599453,0.0
38,self-employed,single,tertiary,no,1560,no,no,cellular,16,sep,4,183,3,success,yes,1,0.6931471805599453,1.3862943611198906
51,management,married,tertiary,no,484,yes,no,cellular,14,may,4,-1,0,no_previous_contact,no,0,0.6931471805599453,0.0
41,management,single,tertiary,no,5384,no,no,unknown,28,may,5,-1,0,no_previous_contact,no,0,1.0986122886681098,0.0
69,entrepreneur,divorced,tertiary,no,41054,no,no,telephone,20,nov,4,-1,0,no_previous_contact,no,0,0.6931471805599453,0.0
53,management,married,tertiary,no,240,no,no,cellular,13,aug,7,-1,0,no_previous_contact,no,0,1.6094379124341005,0.0
54,housemaid,married,unknown,no,19432,no,no,unknown,20,jun,5,-1,0,no_previous_contact,no,0,1.0986122886681098,0.0
49,technician,single,secondary,no,98,no,no,cellular,7,may,4,351,1,failure,no,1,0.6931471805599453,0.6931471805599453
46,blue-collar,married,secondary,no,-1234,yes,no,unknown,2,jun,5,-1,0,no_previous_contact,no,0,1.0986122886681098,0.0
52,entrepreneur,married,unknown,no,1966,no,yes,unknown,5,jun,4,-1,0,no_previous_contact,no,0,0.6931471805599453,0.0
73,entrepreneur,married,secondary,no,992,no,no,cellular,22,apr,4,-1,0,no_previous_contact,yes,0,0.6931471805599453,0.0
54,management,married,tertiary,no,7826,no,no,cellular,18,aug,7,-1,0,no_previous_contact,no,0,1.6094379124341005,0.0
44,blue-collar,married,secondary,no,428,yes,yes,unknown,25,jun,8,-1,0,no_previous_contact,no,0,1.791759469228055,0.0
49,blue-collar,married,secondary,no,786,yes,no,cellular,5,may,12,-1,0,no_previous_contact,no,0,2.302585092994046,0.0
51,technician,married,tertiary,no,2218,no,no,cellular,13,aug,5,-1,0,no_previous_contact,no,0,1.0986122886681098,0.0
47,blue-collar,married,primary,no,548,yes,no,unknown,9,may,6,-1,0,no_previous_contact,no,0,1.3862943611198906,0.0
66,blue-collar,married,primary,no,724,yes,no,cellular,4,feb,7,272,2,failure,no,1,1.6094379124341005,1.0986122886681098
44,housemaid,single,tertiary,no,4392,no,no,cellular,5,aug,4,-1,0,no_previous_contact,yes,0,0.6931471805599453,0.0
61,self-employed,married,tertiary,no,-160,yes,no,unknown,12,may,5,-1,0,no_previous_contact,no,0,1.0986122886681098,0.0
47,technician,single,secondary,no,15116,yes,no,cellular,19,nov,5,-1,0,no_previous_contact,no,0,1.0986122886681098,0.0
68,services,married,primary,no,1148,yes,no,unknown,20,may,5,-1,0,no_previous_contact,no,0,1.0986122886681098,0.0
86,retired,married,tertiary,no,1306,no,no,telephone,26,feb,4,-1,0,no_previous_contact,yes,0,0.6931471805599453,0.0
49,technician,single,secondary,no,2182,yes,no,unknown,21,may,5,-1,0,no_previous_contact,no,0,1.0986122886681098,0.0
60,blue-collar,married,secondary,no,1206,no,no,cellular,22,may,4,-1,0,no_previous_contact,no,0,0.6931471805599453,0.0
63,management,divorced,tertiary,no,35928,yes,no,cellular,1,sep,4,98,5,success,yes,1,0.6931471805599453,1.791759469228055
47,technician,single,tertiary,no,1864,yes,no,cellular,16,apr,4,318,1,failure,yes,1,0.6931471805599453,0.6931471805599453
54,technician,married,unknown,no,1862,yes,no,cellular,4,feb,4,-1,0,no_previous_contact,no,0,0.6931471805599453,0.0
50,admin.,married,secondary,no,2690,yes,no,cellular,20,apr,4,271,1,failure,no,1,0.6931471805599453,0.6931471805599453
54,blue-collar,married,primary,no,4338,no,no,unknown,17,jun,5,-1,0,no_previous_contact,no,0,1.0986122886681098,0.0
57,management,married,tertiary,no,9234,yes,no,cellular,31,jul,5,-1,0,no_previous_contact,no,0,1.0986122886681098,0.0
49,technician,single,tertiary,no,4094,yes,no,cellular,18,nov,5,113,5,failure,no,1,1.0986122886681098,1.791759469228055
67,technician,married,secondary,no,0,no,no,cellular,29,aug,5,-1,0,no_previous_contact,no,0,1.0986122886681098,0.0
46,management,single,tertiary,no,7250,yes,no,cellular,19,nov,4,180,2,failure,no,1,0.6931471805599453,1.0986122886681098
62,admin.,married,secondary,no,1538,yes,no,cellular,13,aug,5,-1,0,no_previous_contact,no,0,1.0986122886681098,0.0
79,management,married,tertiary,no,7902,no,no,cellular,29,oct,4,-1,0,no_previous_contact,yes,0,0.6931471805599453,0.0
58,housemaid,married,secondary,no,10466,no,no,unknown,18,jun,5,-1,0,no_previous_contact,no,0,1.0986122886681098,0.0
54,services,married,secondary,no,-808,yes,no,cellular,11,may,4,-1,0,no_previous_contact,no,0,0.6931471805599453,0.0
51,management,single,tertiary,no,1664,yes,no,cellular,20,apr,5,-1,0,no_previous_contact,no,0,1.0986122886681098,0.0
68,blue-collar,married,secondary,no,-324,yes,no,cellular,14,jul,9,-1,0,no_previous_contact,no,0,1.9459101490553128,0.0
49,blue-collar,married,secondary,no,246,yes,no,cellular,8,jul,6,-1,0,no_previous_contact,no,0,1.3862943611198906,0.0
49,technician,single,secondary,no,32,no,no,cellular,13,aug,4,-1,0,no_previous_contact,yes,0,0.6931471805599453,0.0
58,management,married,tertiary,no,958,yes,no,cellular,6,feb,4,254,2,failure,no,1,0.6931471805599453,1.0986122886681098
66,services,married,secondary,no,288,no,yes,unknown,27,jun,5,-1,0,no_previous_contact,no,0,1.0986122886681098,0.0
69,admin.,single,secondary,no,3916,no,no,telephone,29,jan,4,206,6,failure,no,1,0.6931471805599453,1.9459101490553128
86,retired,married,secondary,no,4128,no,no,cellular,9,aug,5,291,1,failure,no,1,1.0986122886681098,0.6931471805599453
50,blue-collar,married,secondary,no,418,yes,yes,telephone,28,jul,5,-1,0,no_previous_contact,no,0,1.0986122886681098,0.0
51,management,single,tertiary,no,26630,no,no,cellular,28,jul,11,-1,0,no_previous_contact,no,0,2.19722457733622,0.0
55,management,married,tertiary,no,40,yes,no,unknown,19,jun,5,-1,0,no_previous_contact,no,0,1.0986122886681098,0.0
54,admin.,married,secondary,no,520,yes,no,cellular,17,apr,4,281,1,failure,no,1,0.6931471805599453,0.6931471805599453
52,management,married,tertiary,no,1800,yes,no,cellular,7,may,4,357,2,failure,no,1,0.6931471805599453,1.0986122886681098
47,blue-collar,married,secondary,no,1114,yes,yes,cellular,4,feb,5,253,1,failure,no,1,1.0986122886681098,0.6931471805599453
43,technician,single,secondary,no,1196,yes,no,cellular,2,mar,4,288,2,failure,yes,1,0.6931471805599453,1.0986122886681098
68,blue-collar,married,primary,yes,-924,no,no,cellular,29,jan,4,-1,0,no_previous_contact,yes,0,0.6931471805599453,0.0
49,self-employed,single,tertiary,no,1386,yes,no,cellular,24,jul,4,-1,0,no_previous_contact,no,0,0.6931471805599453,0.0
59,blue-collar,married,secondary,no,8472,yes,no,cellular,4,may,6,-1,0,no_previous_contact,no,0,1.3862943611198906,0.0
51,technician,married,secondary,no,50,no,no,cellular,27,aug,7,-1,0,no_previous_contact,no,0,1.6094379124341005,0.0
44,services,single,secondary,no,894,yes,yes,unknown,4,jun,4,-1,0,no_previous_contact,no,0,0.6931471805599453,0.0
59,services,married,secondary,yes,-292,yes,no,cellular,11,jul,5,-1,0,no_previous_contact,no,0,1.0986122886681098,0.0
57,technician,married,secondary,no,1068,no,no,cellular,5,aug,4,-1,0,no_previous_contact,no,0,0.6931471805599453,0.0
66,housemaid,married,unknown,no,1638,no,no,unknown,11,jun,4,-1,0,no_previous_contact,no,0,0.6931471805599453,0.0
46,technician,married,secondary,no,596,no,no,cellular,22,aug,8,-1,0,no_previous_contact,no,0,1.791759469228055,0.0
49,management,married,tertiary,no,0,no,yes,cellular,14,jul,6,-1,0,no_previous_contact,no,0,1.3862943611198906,0.0
52,management,single,secondary,no,0,yes,yes,cellular,2,apr,5,-1,0,no_previous_contact,no,0,1.0986122886681098,0.0
40,admin.,single,secondary,no,3742,no,no,cellular,8,sep,4,96,1,success,yes,1,0.6931471805599453,0.6931471805599453
48,entrepreneur,married,secondary,no,2068,yes,no,cellular,12,may,9,295,6,failure,no,1,1.9459101490553128,1.9459101490553128
68,technician,married,secondary,no,3670,yes,no,cellular,21,nov,5,-1,0,no_previous_contact,no,0,1.0986122886681098,0.0
49,self-employed,single,tertiary,no,2544,yes,no,cellular,14,may,4,-1,0,no_previous_contact,no,0,0.6931471805599453,0.0
45,blue-collar,married,secondary,no,1826,yes,yes,cellular,19,nov,5,-1,0,no_previous_contact,no,0,1.0986122886681098,0.0
44,admin.,married,secondary,no,1416,yes,no,unknown,4,jun,4,-1,0,no_previous_contact,no,0,0.6931471805599453,0.0
48,entrepreneur,married,primary,no,164,yes,no,cellular,18,nov,5,-1,0,no_previous_contact,no,0,1.0986122886681098,0.0
60,technician,divorced,secondary,no,-714,yes,yes,cellular,18,may,4,355,2,failure,yes,1,0.6931471805599453,1.0986122886681098
45,technician,divorced,secondary,no,6056,yes,no,cellular,28,aug,8,-1,0,no_previous_contact,no,0,1.791759469228055,0.0
60,self-employed,married,secondary,no,528,yes,no,cellular,8,may,4,360,2,failure,no,1,0.6931471805599453,1.0986122886681098
59,blue-collar,married,primary,no,1716,yes,no,unknown,21,may,8,-1,0,no_previous_contact,no,0,1.791759469228055,0.0
45,blue-collar,married,secondary,no,7306,yes,yes,unknown,6,jun,7,-1,0,no_previous_contact,no,0,1.6094379124341005,0.0
44,management,single,tertiary,no,4688,yes,no,cellular,20,jul,4,133,2,failure,no,1,0.6931471805599453,1.0986122886681098
67,services,divorced,secondary,no,-114,no,no,cellular,5,feb,4,-1,0,no_previous_contact,no,0,0.6931471805599453,0.0
55,blue-collar,married,secondary,no,3108,yes,no,cellular,9,apr,5,331,1,failure,no,1,1.0986122886681098,0.6931471805599453
67,management,married,tertiary,no,1502,no,no,cellular,14,may,7,371,5,failure,no,1,1.6094379124341005,1.791759469228055
54,services,married,secondary,no,2734,yes,no,unknown,9,jun,7,-1,0,no_previous_contact,no,0,1.6094379124341005,0.0
60,blue-collar,married,secondary,no,666,no,yes,cellular,6,aug,5,-1,0,no_previous_contact,no,0,1.0986122886681098,0.0
50,management,married,tertiary,no,1022,no,no,cellular,29,aug,7,-1,0,no_previous_contact,no,0,1.6094379124341005,0.0
51,services,married,secondary,no,786,yes,yes,unknown,21,may,4,-1,0,no_previous_contact,no,0,0.6931471805599453,0.0
62,blue-collar,married,primary,no,950,yes,yes,cellular,29,jan,5,251,7,other,no,1,1.0986122886681098,2.079441541679836
45,technician,single,tertiary,yes,46,no,no,cellular,12,aug,7,-1,0,no_previous_contact,no,0,1.6094379124341005,0.0
61,blue-collar,married,secondary,no,9292,yes,no,cellular,7,may,6,359,1,failure,no,1,1.3862943611198906,0.6931471805599453
47,blue-collar,married,secondary,no,1196,yes,no,unknown,16,jun,5,-1,0,no_previous_contact,no,0,1.0986122886681098,0.0
59,blue-collar,married,secondary,no,144,yes,no,unknown,29,may,4,-1,0,no_previous_contact,no,0,0.6931471805599453,0.0
55,blue-collar,married,secondary,no,0,yes,yes,cellular,19,nov,5,-1,0,no_previous_contact,no,0,1.0986122886681098,0.0
51,management,divorced,tertiary,no,420,yes,no,cellular,17,jul,5,-1,0,no_previous_contact,no,0,1.0986122886681098,0.0
50,management,married,tertiary,no,1236,yes,no,cellular,18,nov,4,-1,0,no_previous_contact,no,0,0.6931471805599453,0.0
64,admin.,single,secondary,no,9018,no,no,unknown,6,jun,5,-1,0,no_previous_contact,no,0,1.0986122886681098,0.0
74,retired,married,secondary,no,2070,yes,yes,cellular,5,aug,4,-1,0,no_previous_contact,no,0,0.6931471805599453,0.0
51,management,married,tertiary,no,574,yes,yes,cellular,15,jul,8,-1,0,no_previous_contact,no,0,1.791759469228055,0.0
62,services,married,tertiary,no,1742,no,no,cellular,22,aug,12,-1,0,no_previous_contact,no,0,2.302585092994046,0.0
71,retired,married,tertiary,no,7416,no,no,unknown,16,jun,5,-1,0,no_previous_contact,no,0,1.0986122886681098,0.0
43,blue-collar,single,secondary,no,-394,yes,no,unknown,9,may,5,-1,0,no_previous_contact,yes,0,1.0986122886681098,0.0
64,management,married,secondary,no,54,yes,no,cellular,24,jul,5,-1,0,no_previous_contact,no,0,1.0986122886681098,0.0
52,housemaid,married,primary,no,0,no,no,cellular,29,aug,15,-1,0,no_previous_contact,no,0,2.5649493574615367,0.0
49,management,married,tertiary,no,3406,yes,no,cellular,22,jul,8,-1,0,no_previous_contact,no,0,1.791759469228055,0.0
69,housemaid,married,secondary,no,84,yes,no,unknown,13,may,8,-1,0,no_previous_contact,no,0,1.791759469228055,0.0
59,unemployed,divorced,primary,no,1514,no,no,unknown,30,may,7,-1,0,no_previous_contact,no,0,1.6094379124341005,0.0
58,admin.,divorced,tertiary,no,2880,yes,yes,unknown,30,may,4,-1,0,no_previous_contact,no,0,0.6931471805599453,0.0
49,management,single,tertiary,no,808,yes,no,cellular,5,feb,9,-1,0,no_previous_contact,no,0,1.9459101490553128,0.0
46,technician,married,secondary,no,344,no,no,cellular,8,aug,5,-1,0,no_previous_contact,no,0,1.0986122886681098,0.0
42,admin.,married,tertiary,no,5710,no,no,cellular,22,jul,5,178,4,success,yes,1,1.0986122886681098,1.6094379124341005
49,blue-collar,single,secondary,no,-1206,no,no,cellular,25,jul,7,-1,0,no_previous_contact,no,0,1.6094379124341005,0.0
53,services,single,primary,no,-174,yes,no,cellular,13,may,4,-1,0,no_previous_contact,no,0,0.6931471805599453,0.0
61,admin.,single,secondary,no,2140,yes,no,cellular,6,apr,5,-1,0,no_previous_contact,no,0,1.0986122886681098,0.0
74,housemaid,married,secondary,no,908,no,no,cellular,21,aug,4,-1,0,no_previous_contact,no,0,0.6931471805599453,0.0
65,unemployed,single,secondary,no,1176,no,no,cellular,31,jul,6,-1,0,no_previous_contact,no,0,1.3862943611198906,0.0
83,retired,married,tertiary,no,5624,no,no,cellular,3,feb,5,181,1,failure,yes,1,1.0986122886681098,0.6931471805599453
43,technician,single,secondary,no,426,yes,no,unknown,19,may,4,-1,0,no_previous_contact,no,0,0.6931471805599453,0.0
64,blue-collar,single,primary,no,5246,yes,no,unknown,15,may,5,-1,0,no_previous_contact,no,0,1.0986122886681098,0.0
53,blue-collar,married,primary,no,166,yes,no,unknown,7,may,5,-1,0,no_previous_contact,no,0,1.0986122886681098,0.0
61,self-employed,married,secondary,no,1884,no,no,cellular,11,aug,7,-1,0,no_previous_contact,no,0,1.6094379124341005,0.0
48,services,married,secondary,no,634,yes,no,cellular,2,feb,7,201,1,other,no,1,1.6094379124341005,0.6931471805599453
74,management,divorced,tertiary,no,3222,yes,no,unknown,4,jun,5,-1,0,no_previous_contact,no,0,1.0986122886681098,0.0
57,management,married,tertiary,no,288,no,no,cellular,7,dec,4,283,3,failure,no,1,0.6931471805599453,1.3862943611198906
47,services,married,secondary,no,76,yes,no,cellular,15,may,4,-1,0,no_previous_contact,yes,0,0.6931471805599453,0.0
48,technician,single,secondary,no,804,yes,yes,unknown,15,may,4,-1,0,no_previous_contact,no,0,0.6931471805599453,0.0
52,services,single,secondary,no,-222,yes,no,cellular,13,may,7,-1,0,no_previous_contact,no,0,1.6094379124341005,0.0
55,management,divorced,tertiary,no,192,yes,no,cellular,25,jul,17,-1,0,no_previous_contact,no,0,2.70805020110221,0.0
45,admin.,single,secondary,no,422,no,no,cellular,10,jul,4,-1,0,no_previous_contact,no,0,0.6931471805599453,0.0
50,blue-collar,married,primary,no,746,no,no,cellular,17,apr,5,-1,0,no_previous_contact,no,0,1.0986122886681098,0.0
58,blue-collar,married,secondary,no,11994,yes,no,cellular,15,may,6,-1,0,no_previous_contact,no,0,1.3862943611198906,0.0
51,management,divorced,tertiary,no,420,yes,no,telephone,21,nov,4,127,2,failure,no,1,0.6931471805599453,1.0986122886681098
49,technician,married,secondary,no,968,no,no,unknown,9,may,7,-1,0,no_previous_contact,no,0,1.6094379124341005,0.0
55,blue-collar,married,secondary,no,-626,yes,no,unknown,3,jul,5,-1,0,no_previous_contact,no,0,1.0986122886681098,0.0
61,management,single,tertiary,no,4088,no,no,telephone,4,feb,4,-1,0,no_previous_contact,no,0,0.6931471805599453,0.0
59,management,divorced,tertiary,no,426,yes,no,cellular,20,apr,5,-1,0,no_previous_contact,no,0,1.0986122886681098,0.0
59,unemployed,married,secondary,no,3180,yes,no,unknown,12,jun,4,-1,0,no_previous_contact,no,0,0.6931471805599453,0.0
71,management,married,primary,no,15494,no,no,unknown,5,jun,5,-1,0,no_previous_contact,no,0,1.0986122886681098,0.0
61,technician,married,primary,no,-342,yes,no,unknown,26,may,4,-1,0,no_previous_contact,no,0,0.6931471805599453,0.0
66,services,married,secondary,no,1506,yes,no,cellular,7,may,5,-1,0,no_previous_contact,no,0,1.0986122886681098,0.0
65,management,single,tertiary,no,1134,yes,no,cellular,29,jan,4,258,8,failure,no,1,0.6931471805599453,2.19722457733622
65,services,married,primary,no,-30,no,yes,unknown,2,jul,4,-1,0,no_previous_contact,no,0,0.6931471805599453,0.0
76,retired,married,primary,no,5372,no,no,telephone,22,oct,6,-1,0,no_previous_contact,no,0,1.3862943611198906,0.0
53,blue-collar,single,tertiary,no,1594,yes,no,unknown,11,jun,7,-1,0,no_previous_contact,no,0,1.6094379124341005,0.0
55,management,single,tertiary,no,0,no,no,cellular,26,aug,10,-1,0,no_previous_contact,no,0,2.079441541679836,0.0
50,management,single,tertiary,no,1494,no,no,cellular,4,aug,4,1,6,other,no,1,0.6931471805599453,1.9459101490553128
67,blue-collar,married,secondary,no,744,yes,no,cellular,8,may,4,-1,0,no_previous_contact,no,0,0.6931471805599453,0.0
44,entrepreneur,single,tertiary,no,270,yes,no,cellular,12,may,4,356,1,failure,no,1,0.6931471805599453,0.6931471805599453
51,management,married,tertiary,no,5914,yes,yes,cellular,30,apr,5,265,3,success,no,1,1.0986122886681098,1.3862943611198906
52,blue-collar,married,primary,no,2644,yes,no,cellular,21,nov,11,185,1,other,no,1,2.19722457733622,0.6931471805599453
70,blue-collar,married,primary,no,618,yes,no,unknown,12,may,7,-1,0,no_previous_contact,no,0,1.6094379124341005,0.0
44,technician,single,secondary,no,-436,yes,no,cellular,18,may,5,-1,0,no_previous_contact,no,0,1.0986122886681098,0.0
73,services,divorced,secondary,no,1478,yes,no,cellular,20,apr,10,335,5,failure,no,1,2.079441541679836,1.791759469228055
47,admin.,single,secondary,no,-64,no,no,cellular,29,jan,4,185,5,other,no,1,0.6931471805599453,1.791759469228055
49,technician,married,tertiary,no,11094,yes,no,cellular,19,aug,9,-1,0,no_previous_contact,no,0,1.9459101490553128,0.0
51,services,married,secondary,no,5968,yes,no,unknown,2,jun,4,-1,0,no_previous_contact,yes,0,0.6931471805599453,0.0
50,management,single,tertiary,no,14436,no,no,cellular,14,aug,6,-1,0,no_previous_contact,no,0,1.3862943611198906,0.0
47,management,single,tertiary,no,6194,yes,no,cellular,20,nov,4,-1,0,no_previous_contact,no,0,0.6931471805599453,0.0
64,blue-collar,married,primary,no,8,yes,yes,cellular,2,feb,5,-1,0,no_previous_contact,no,0,1.0986122886681098,0.0
60,housemaid,divorced,secondary,no,62,yes,no,cellular,28,jan,4,-1,0,no_previous_contact,no,0,0.6931471805599453,0.0
55,services,married,secondary,no,-160,yes,no,unknown,2,jun,4,-1,0,no_previous_contact,no,0,0.6931471805599453,0.0
48,entrepreneur,married,secondary,no,0,no,yes,cellular,7,jul,7,-1,0,no_previous_contact,no,0,1.6094379124341005,0.0
42,services,married,secondary,no,1022,yes,no,unknown,30,jun,8,-1,0,no_previous_contact,no,0,1.791759469228055,0.0
63,blue-collar,married,secondary,no,528,no,no,cellular,6,feb,5,-1,0,no_previous_contact,no,0,1.0986122886681098,0.0
58,management,married,tertiary,no,890,no,yes,unknown,20,jun,7,-1,0,no_previous_contact,no,0,1.6094379124341005,0.0
53,admin.,divorced,secondary,no,38,yes,no,cellular,5,feb,6,251,2,success,yes,1,1.3862943611198906,1.0986122886681098
66,management,married,tertiary,no,2138,no,no,unknown,20,jun,10,-1,0,no_previous_contact,no,0,2.079441541679836,0.0
50,technician,single,tertiary,no,10602,no,no,cellular,21,nov,5,-1,0,no_previous_contact,yes,0,1.0986122886681098,0.0
45,services,single,tertiary,no,3570,no,no,cellular,8,aug,5,-1,0,no_previous_contact,no,0,1.0986122886681098,0.0
74,retired,divorced,secondary,no,1358,no,no,cellular,30,jul,7,-1,0,no_previous_contact,yes,0,1.6094379124341005,0.0
63,entrepreneur,single,tertiary,no,636,yes,no,cellular,5,feb,7,-1,0,no_previous_contact,yes,0,1.6094379124341005,0.0
41,admin.,single,secondary,no,192,no,no,cellular,11,aug,4,70,3,failure,yes,1,0.6931471805599453,1.3862943611198906
52,management,married,tertiary,no,22530,no,no,unknown,18,jun,4,-1,0,no_previous_contact,no,0,0.6931471805599453,0.0
46,management,single,tertiary,no,440,yes,no,cellular,4,nov,5,184,2,failure,no,1,1.0986122886681098,1.0986122886681098
47,management,divorced,tertiary,no,1060,yes,no,cellular,3,apr,4,-1,0,no_previous_contact,no,0,0.6931471805599453,0.0
57,blue-collar,married,primary,no,1738,yes,yes,cellular,11,may,5,-1,0,no_previous_contact,no,0,1.0986122886681098,0.0
51,management,married,tertiary,no,3704,no,no,unknown,8,may,4,-1,0,no_previous_contact,no,0,0.6931471805599453,0.0
47,entrepreneur,married,unknown,no,146,yes,no,cellular,9,jul,4,-1,0,no_previous_contact,no,0,0.6931471805599453,0.0
56,admin.,married,tertiary,no,2,yes,no,telephone,18,may,5,361,3,failure,yes,1,1.0986122886681098,1.3862943611198906
44,technician,single,secondary,no,1706,no,yes,telephone,4,feb,10,-1,0,no_previous_contact,no,0,2.079441541679836,0.0
69,admin.,married,secondary,no,0,no,no,cellular,28,jan,4,98,2,failure,yes,1,0.6931471805599453,1.0986122886681098
61,entrepreneur,married,secondary,no,588,yes,no,cellular,17,jul,4,-1,0,no_previous_contact,no,0,0.6931471805599453,0.0
47,services,married,secondary,no,786,no,no,cellular,6,apr,5,266,2,failure,no,1,1.0986122886681098,1.0986122886681098
43,services,single,unknown,no,-140,yes,yes,unknown,21,may,4,-1,0,no_previous_contact,no,0,0.6931471805599453,0.0
57,admin.,married,secondary,yes,-18,no,no,unknown,20,jun,4,-1,0,no_previous_contact,no,0,0.6931471805599453,0.0
58,blue-collar,married,primary,no,1906,yes,no,unknown,19,may,4,-1,0,no_previous_contact,no,0,0.6931471805599453,0.0
46,services,married,secondary,no,-326,yes,no,cellular,21,jul,5,-1,0,no_previous_contact,no,0,1.0986122886681098,0.0
62,self-employed,married,tertiary,no,1502,no,no,cellular,24,jul,17,-1,0,no_previous_contact,no,0,2.70805020110221,0.0
51,management,married,tertiary,no,4618,yes,no,cellular,8,jul,5,-1,0,no_previous_contact,no,0,1.0986122886681098,0.0
46,admin.,single,secondary,no,2540,yes,no,cellular,14,may,4,364,1,other,no,1,0.6931471805599453,0.6931471805599453
50,management,single,tertiary,no,268,no,no,cellular,4,feb,4,-1,0,no_previous_contact,no,0,0.6931471805599453,0.0
70,blue-collar,married,secondary,no,766,no,no,unknown,5,may,4,-1,0,no_previous_contact,no,0,0.6931471805599453,0.0
55,blue-collar,married,primary,no,0,no,no,cellular,24,jul,4,-1,0,no_previous_contact,no,0,0.6931471805599453,0.0
44,admin.,single,secondary,no,2,no,no,telephone,9,jul,4,-1,0,no_previous_contact,no,0,0.6931471805599453,0.0
57,unemployed,married,tertiary,no,0,no,no,cellular,8,oct,4,-1,0,no_previous_contact,no,0,0.6931471805599453,0.0
59,services,married,secondary,no,-1254,yes,no,unknown,26,may,5,-1,0,no_previous_contact,no,0,1.0986122886681098,0.0
69,management,married,tertiary,no,-1094,no,no,cellular,8,jul,4,-1,0,no_previous_contact,no,0,0.6931471805599453,0.0
50,admin.,married,tertiary,no,572,no,no,cellular,30,apr,5,-1,0,no_previous_contact,yes,0,1.0986122886681098,0.0
48,blue-collar,married,primary,no,7024,yes,no,unknown,20,may,5,-1,0,no_previous_contact,no,0,1.0986122886681098,0.0
72,management,divorced,tertiary,no,858,yes,no,cellular,17,jul,4,-1,0,no_previous_contact,no,0,0.6931471805599453,0.0
61,services,married,secondary,no,178,yes,no,unknown,7,may,5,-1,0,no_previous_contact,no,0,1.0986122886681098,0.0
45,admin.,single,tertiary,no,506,yes,no,unknown,23,may,7,-1,0,no_previous_contact,no,0,1.6094379124341005,0.0
57,services,married,secondary,no,-2,yes,no,cellular,8,jul,5,-1,0,no_previous_contact,no,0,1.0986122886681098,0.0
46,services,single,secondary,no,244,yes,no,cellular,4,feb,7,268,2,failure,no,1,1.6094379124341005,1.0986122886681098
52,blue-collar,married,primary,no,6102,no,no,cellular,14,may,7,-1,0,no_previous_contact,no,0,1.6094379124341005,0.0
46,blue-collar,single,secondary,no,13964,yes,no,unknown,21,may,4,-1,0,no_previous_contact,no,0,0.6931471805599453,0.0
53,blue-collar,married,primary,no,1012,yes,yes,unknown,12,jun,4,-1,0,no_previous_contact,no,0,0.6931471805599453,0.0
42,technician,married,secondary,no,0,yes,no,cellular,30,jul,11,-1,0,no_previous_contact,no,0,2.19722457733622,0.0
45,blue-collar,married,secondary,no,726,yes,no,cellular,3,feb,4,-1,0,no_previous_contact,no,0,0.6931471805599453,0.0
47,blue-collar,married,secondary,no,1518,yes,no,cellular,9,apr,8,-1,0,no_previous_contact,yes,0,1.791759469228055,0.0
75,technician,divorced,secondary,no,734,no,no,cellular,16,aug,5,-1,0,no_previous_contact,yes,0,1.0986122886681098,0.0
58,blue-collar,married,primary,no,-118,yes,no,unknown,20,jun,8,-1,0,no_previous_contact,no,0,1.791759469228055,0.0
69,blue-collar,married,primary,no,866,yes,no,cellular,20,apr,8,-1,0,no_previous_contact,no,0,1.791759469228055,0.0
41,blue-collar,single,secondary,no,16,yes,no,cellular,13,may,4,-1,0,no_previous_contact,no,0,0.6931471805599453,0.0
70,management,single,tertiary,no,2996,no,no,cellular,25,aug,8,-1,0,no_previous_contact,no,0,1.791759469228055,0.0
47,blue-collar,single,secondary,no,456,no,no,telephone,23,apr,6,-1,0,no_previous_contact,no,0,1.3862943611198906,0.0
59,management,married,secondary,no,876,yes,no,telephone,8,may,6,303,1,failure,no,1,1.3862943611198906,0.6931471805599453
75,blue-collar,married,secondary,no,-446,no,yes,cellular,22,jul,5,-1,0,no_previous_contact,no,0,1.0986122886681098,0.0
73,management,divorced,secondary,no,20360,no,no,cellular,3,mar,5,-1,0,no_previous_contact,yes,0,1.0986122886681098,0.0
48,services,married,secondary,no,0,yes,no,cellular,14,jul,5,-1,0,no_previous_contact,no,0,1.0986122886681098,0.0
71,management,married,primary,no,0,no,no,unknown,5,jun,5,-1,0,no_previous_contact,no,0,1.0986122886681098,0.0
49,technician,single,secondary,no,204,no,no,cellular,30,jan,4,-1,0,no_previous_contact,no,0,0.6931471805599453,0.0
61,blue-collar,divorced,secondary,no,1862,no,yes,cellular,20,nov,5,-1,0,no_previous_contact,no,0,1.0986122886681098,0.0
65,management,divorced,tertiary,no,1476,yes,yes,unknown,29,may,4,-1,0,no_previous_contact,no,0,0.6931471805599453,0.0
47,technician,single,secondary,no,1124,yes,no,unknown,30,may,6,-1,0,no_previous_contact,yes,0,1.3862943611198906,0.0
49,unemployed,married,tertiary,no,850,no,no,cellular,3,feb,5,-1,0,no_previous_contact,no,0,1.0986122886681098,0.0
73,management,divorced,tertiary,no,2514,no,no,cellular,5,aug,4,-1,0,no_previous_contact,yes,0,0.6931471805599453,0.0
56,blue-collar,single,secondary,no,1850,yes,no,telephone,13,may,4,-1,0,no_previous_contact,no,0,0.6931471805599453,0.0
42,student,single,unknown,no,1196,no,no,cellular,12,aug,4,524,1,failure,no,1,0.6931471805599453,0.6931471805599453
49,management,single,tertiary,no,790,yes,no,cellular,16,apr,5,-1,0,no_previous_contact,no,0,1.0986122886681098,0.0
61,blue-collar,married,primary,no,1240,yes,no,cellular,20,aug,5,-1,0,no_previous_contact,no,0,1.0986122886681098,0.0
54,housemaid,divorced,primary,no,478,no,no,cellular,29,aug,5,-1,0,no_previous_contact,no,0,1.0986122886681098,0.0
59,management,married,tertiary,no,2572,yes,no,unknown,20,jun,6,-1,0,no_previous_contact,no,0,1.3862943611198906,0.0
55,technician,single,tertiary,no,94,yes,no,cellular,5,may,4,365,1,failure,no,1,0.6931471805599453,0.6931471805599453
47,technician,single,secondary,no,20,yes,no,unknown,8,may,4,-1,0,no_previous_contact,no,0,0.6931471805599453,0.0
59,management,single,tertiary,no,600,yes,no,cellular,17,nov,4,-1,0,no_previous_contact,no,0,0.6931471805599453,0.0
46,student,single,unknown,no,4288,yes,no,cellular,19,nov,5,-1,0,no_previous_contact,no,0,1.0986122886681098,0.0
44,blue-collar,married,primary,no,486,no,yes,cellular,11,jul,5,-1,0,no_previous_contact,no,0,1.0986122886681098,0.0
68,entrepreneur,married,tertiary,no,0,no,no,cellular,20,nov,5,-1,0,no_previous_contact,no,0,1.0986122886681098,0.0
54,blue-collar,married,secondary,no,1320,yes,yes,cellular,7,may,7,168,3,failure,no,1,1.6094379124341005,1.3862943611198906
41,blue-collar,single,secondary,no,130,no,no,unknown,16,may,6,-1,0,no_previous_contact,no,0,1.3862943611198906,0.0
69,housemaid,divorced,primary,no,4506,yes,no,cellular,5,feb,4,196,1,failure,no,1,0.6931471805599453,0.6931471805599453
66,blue-collar,married,secondary,no,0,yes,no,unknown,5,may,5,-1,0,no_previous_contact,no,0,1.0986122886681098,0.0
48,admin.,single,secondary,no,158,no,no,cellular,2,feb,4,-1,0,no_previous_contact,no,0,0.6931471805599453,0.0
75,retired,married,primary,no,-764,yes,no,unknown,26,may,5,-1,0,no_previous_contact,no,0,1.0986122886681098,0.0
47,management,single,tertiary,no,-504,yes,no,cellular,15,may,4,-1,0,no_previous_contact,no,0,0.6931471805599453,0.0
43,services,single,secondary,no,10180,yes,no,unknown,6,may,6,-1,0,no_previous_contact,yes,0,1.3862943611198906,0.0
60,unemployed,married,tertiary,no,1158,yes,no,cellular,30,jul,5,-1,0,no_previous_contact,no,0,1.0986122886681098,0.0
48,services,married,secondary,yes,-638,yes,no,cellular,25,jul,4,-1,0,no_previous_contact,no,0,0.6931471805599453,0.0
53,services,single,secondary,no,2630,no,no,unknown,20,jun,15,-1,0,no_previous_contact,no,0,2.5649493574615367,0.0
68,technician,married,secondary,no,9614,no,no,telephone,19,feb,6,-1,0,no_previous_contact,no,0,1.3862943611198906,0.0
55,admin.,single,secondary,no,4080,yes,no,cellular,18,may,5,350,2,failure,yes,1,1.0986122886681098,1.0986122886681098
43,admin.,single,secondary,no,4,yes,no,cellular,24,jul,4,-1,0,no_previous_contact,yes,0,0.6931471805599453,0.0
59,services,married,secondary,no,11560,yes,no,cellular,1,apr,5,-1,0,no_previous_contact,no,0,1.0986122886681098,0.0
72,technician,married,secondary,no,5250,no,no,cellular,14,aug,5,-1,0,no_previous_contact,no,0,1.0986122886681098,0.0
94,retired,divorced,unknown,no,5256,no,no,telephone,8,jul,10,450,2,failure,no,1,2.079441541679836,1.0986122886681098
66,retired,single,primary,no,1208,no,no,unknown,20,jun,5,-1,0,no_previous_contact,no,0,1.0986122886681098,0.0
51,admin.,married,secondary,no,1996,yes,no,unknown,14,may,5,-1,0,no_previous_contact,no,0,1.0986122886681098,0.0
59,blue-collar,single,secondary,no,1282,no,no,unknown,15,may,4,-1,0,no_previous_contact,no,0,0.6931471805599453,0.0
73,housemaid,married,tertiary,no,12632,no,no,cellular,21,nov,4,-1,0,no_previous_contact,no,0,0.6931471805599453,0.0
61,admin.,married,secondary,no,1112,yes,yes,unknown,15,may,6,-1,0,no_previous_contact,yes,0,1.3862943611198906,0.0
64,blue-collar,married,unknown,no,200,yes,no,cellular,11,may,5,347,1,failure,no,1,1.0986122886681098,0.6931471805599453
49,management,married,tertiary,no,8262,yes,no,unknown,27,may,10,-1,0,no_previous_contact,no,0,2.079441541679836,0.0
70,unemployed,single,primary,no,548,no,no,cellular,9,feb,8,-1,0,no_previous_contact,no,0,1.791759469228055,0.0
49,services,married,secondary,no,44,yes,no,unknown,6,may,4,-1,0,no_previous_contact,no,0,0.6931471805599453,0.0
85,retired,single,primary,no,0,no,no,telephone,9,sep,4,-1,0,no_previous_contact,no,0,0.6931471805599453,0.0
70,blue-collar,married,secondary,no,466,yes,no,cellular,5,may,5,351,3,failure,no,1,1.0986122886681098,1.3862943611198906
49,technician,married,secondary,no,2144,no,yes,cellular,5,feb,4,252,2,failure,no,1,0.6931471805599453,1.0986122886681098
42,unemployed,single,primary,no,2918,yes,no,telephone,29,jan,4,-1,0,no_previous_contact,no,0,0.6931471805599453,0.0
48,technician,married,tertiary,no,3398,no,no,cellular,6,nov,5,94,1,success,yes,1,1.0986122886681098,0.6931471805599453
68,management,married,secondary,no,-528,no,yes,cellular,2,feb,4,-1,0,no_previous_contact,no,0,0.6931471805599453,0.0
48,management,married,tertiary,no,1206,yes,no,cellular,29,jan,4,-1,0,no_previous_contact,no,0,0.6931471805599453,0.0
67,management,married,secondary,no,1276,yes,no,cellular,23,jul,4,-1,0,no_previous_contact,no,0,0.6931471805599453,0.0
53,technician,married,secondary,no,506,yes,no,unknown,5,may,4,-1,0,no_previous_contact,no,0,0.6931471805599453,0.0
49,technician,single,secondary,no,54892,yes,no,cellular,21,nov,5,-1,0,no_previous_contact,no,0,1.0986122886681098,0.0
46,blue-collar,married,secondary,no,1864,yes,no,unknown,21,may,5,-1,0,no_previous_contact,no,0,1.0986122886681098,0.0
68,admin.,divorced,secondary,no,2302,yes,no,unknown,5,may,4,-1,0,no_previous_contact,no,0,0.6931471805599453,0.0
75,technician,married,secondary,no,2278,no,no,cellular,6,feb,5,207,2,failure,no,1,1.0986122886681098,1.0986122886681098
62,housemaid,divorced,secondary,no,2722,no,no,cellular,19,aug,6,-1,0,no_previous_contact,no,0,1.3862943611198906,0.0
74,retired,married,secondary,no,368,no,no,cellular,8,jul,4,-1,0,no_previous_contact,no,0,0.6931471805599453,0.0
48,management,married,tertiary,no,2824,no,no,cellular,6,feb,5,-1,0,no_previous_contact,no,0,1.0986122886681098,0.0
51,technician,married,secondary,no,-316,yes,no,cellular,28,aug,10,-1,0,no_previous_contact,no,0,2.079441541679836,0.0
44,management,single,tertiary,no,374,yes,no,cellular,28,jan,5,555,2,failure,no,1,1.0986122886681098,1.0986122886681098
73,blue-collar,married,primary,no,378,yes,no,telephone,8,apr,4,-1,0,no_previous_contact,no,0,0.6931471805599453,0.0
42,admin.,married,tertiary,no,5710,no,no,cellular,25,jan,4,301,3,failure,yes,1,0.6931471805599453,1.3862943611198906
70,technician,married,tertiary,no,22,no,no,cellular,21,aug,5,-1,0,no_previous_contact,no,0,1.0986122886681098,0.0
61,services,married,secondary,no,542,yes,no,unknown,16,may,7,-1,0,no_previous_contact,no,0,1.6094379124341005,0.0
45,services,single,secondary,no,-200,yes,yes,cellular,15,may,4,-1,0,no_previous_contact,no,0,0.6931471805599453,0.0
48,admin.,married,secondary,no,190,yes,no,cellular,30,apr,4,-1,0,no_previous_contact,yes,0,0.6931471805599453,0.0
45,blue-collar,married,primary,no,-398,yes,yes,telephone,17,jul,13,-1,0,no_previous_contact,no,0,2.3978952727983707,0.0
50,services,single,tertiary,no,0,no,no,cellular,3,jul,4,-1,0,no_previous_contact,yes,0,0.6931471805599453,0.0
47,management,single,tertiary,no,6578,no,no,cellular,8,oct,5,179,2,failure,no,1,1.0986122886681098,1.0986122886681098
54,entrepreneur,married,tertiary,no,0,no,no,cellular,25,aug,13,-1,0,no_previous_contact,no,0,2.3978952727983707,0.0
49,admin.,married,tertiary,no,914,no,no,cellular,6,feb,8,-1,0,no_previous_contact,no,0,1.791759469228055,0.0
57,management,married,tertiary,no,10,no,no,cellular,21,nov,5,-1,0,no_previous_contact,no,0,1.0986122886681098,0.0
76,blue-collar,married,secondary,no,544,no,no,cellular,29,oct,4,269,1,failure,no,1,0.6931471805599453,0.6931471805599453
68,technician,married,secondary,no,5294,yes,no,unknown,30,may,4,-1,0,no_previous_contact,no,0,0.6931471805599453,0.0
56,blue-collar,single,unknown,no,9368,no,no,unknown,20,jun,9,-1,0,no_previous_contact,no,0,1.9459101490553128,0.0
48,blue-collar,married,primary,no,0,yes,no,cellular,20,nov,4,-1,0,no_previous_contact,no,0,0.6931471805599453,0.0
47,management,married,tertiary,no,3846,no,no,cellular,19,nov,4,-1,0,no_previous_contact,no,0,0.6931471805599453,0.0
68,blue-collar,married,primary,no,3884,yes,no,unknown,2,jun,5,-1,0,no_previous_contact,no,0,1.0986122886681098,0.0
62,blue-collar,single,secondary,no,30,yes,no,unknown,19,may,5,-1,0,no_previous_contact,no,0,1.0986122886681098,0.0
48,technician,divorced,tertiary,no,-772,yes,no,unknown,23,may,4,-1,0,no_previous_contact,no,0,0.6931471805599453,0.0
92,retired,married,secondary,no,2416,no,no,telephone,28,apr,7,-1,0,no_previous_contact,no,0,1.6094379124341005,0.0
61,blue-collar,married,primary,no,1718,yes,no,cellular,20,apr,4,-1,0,no_previous_contact,no,0,0.6931471805599453,0.0
47,services,married,secondary,no,528,yes,yes,cellular,19,nov,4,-1,0,no_previous_contact,yes,0,0.6931471805599453,0.0
58,admin.,married,secondary,no,264,no,no,cellular,27,may,5,71,1,success,yes,1,1.0986122886681098,0.6931471805599453
41,blue-collar,married,secondary,no,-768,yes,yes,cellular,18,jul,4,-1,0,no_previous_contact,no,0,0.6931471805599453,0.0
53,blue-collar,married,unknown,no,0,yes,no,cellular,2,apr,5,267,1,failure,no,1,1.0986122886681098,0.6931471805599453
86,retired,divorced,tertiary,no,1560,no,no,telephone,22,apr,4,-1,0,no_previous_contact,no,0,0.6931471805599453,0.0
47,management,single,tertiary,no,948,yes,no,cellular,7,aug,6,-1,0,no_previous_contact,no,0,1.3862943611198906,0.0
42,services,married,secondary,no,1782,yes,no,cellular,18,jul,4,-1,0,no_previous_contact,no,0,0.6931471805599453,0.0
74,management,married,secondary,no,1932,no,no,telephone,21,jul,7,-1,0,no_previous_contact,no,0,1.6094379124341005,0.0
37,admin.,single,secondary,no,444,no,no,cellular,3,jun,6,-1,0,no_previous_contact,no,0,1.3862943611198906,0.0
46,technician,married,tertiary,no,6676,yes,no,cellular,24,jun,5,185,2,success,no,1,1.0986122886681098,1.0986122886681098
71,housemaid,married,primary,no,38,no,no,cellular,13,aug,5,-1,0,no_previous_contact,no,0,1.0986122886681098,0.0
57,housemaid,married,secondary,no,394,no,no,unknown,18,jun,4,-1,0,no_previous_contact,no,0,0.6931471805599453,0.0
73,technician,married,primary,no,32238,no,no,telephone,20,nov,5,-1,0,no_previous_contact,no,0,1.0986122886681098,0.0
53,self-employed,married,tertiary,no,1170,yes,no,unknown,21,may,6,-1,0,no_previous_contact,no,0,1.3862943611198906,0.0
53,blue-collar,married,primary,no,0,no,no,unknown,13,may,5,-1,0,no_previous_contact,no,0,1.0986122886681098,0.0
48,admin.,married,tertiary,no,110,yes,no,cellular,10,jul,4,-1,0,no_previous_contact,no,0,0.6931471805599453,0.0
50,blue-collar,married,secondary,no,308,yes,no,unknown,23,may,7,-1,0,no_previous_contact,no,0,1.6094379124341005,0.0
59,technician,single,secondary,no,280,yes,no,cellular,8,may,5,268,2,failure,no,1,1.0986122886681098,1.0986122886681098
56,blue-collar,divorced,secondary,no,1586,yes,no,cellular,15,may,4,365,1,failure,no,1,0.6931471805599453,0.6931471805599453
54,housemaid,married,primary,no,-212,yes,yes,cellular,11,may,5,-1,0,no_previous_contact,no,0,1.0986122886681098,0.0
53,technician,married,secondary,no,3862,no,no,cellular,2,jun,4,298,10,other,no,1,0.6931471805599453,2.3978952727983707
49,management,single,secondary,no,712,yes,no,cellular,30,jul,10,-1,0,no_previous_contact,no,0,2.079441541679836,0.0
64,technician,married,secondary,no,6066,no,no,unknown,15,may,8,-1,0,no_previous_contact,no,0,1.791759469228055,0.0
50,services,married,secondary,no,88,yes,no,telephone,17,apr,5,-1,0,no_previous_contact,no,0,1.0986122886681098,0.0
53,entrepreneur,married,tertiary,no,454,yes,no,cellular,4,feb,4,209,1,failure,no,1,0.6931471805599453,0.6931471805599453
52,management,single,tertiary,no,914,yes,no,cellular,1,apr,6,-1,0,no_previous_contact,no,0,1.3862943611198906,0.0
43,student,single,tertiary,no,122,yes,no,cellular,16,jul,11,-1,0,no_previous_contact,no,0,2.19722457733622,0.0
67,technician,married,secondary,no,742,yes,yes,cellular,21,apr,5,182,1,success,yes,1,1.0986122886681098,0.6931471805599453
61,blue-collar,married,primary,no,496,no,yes,cellular,6,aug,5,-1,0,no_previous_contact,no,0,1.0986122886681098,0.0
46,management,married,tertiary,no,1584,no,no,cellular,20,aug,17,-1,0,no_previous_contact,yes,0,2.70805020110221,0.0
68,blue-collar,married,primary,no,716,yes,no,unknown,3,jun,4,-1,0,no_previous_contact,no,0,0.6931471805599453,0.0
51,services,divorced,secondary,no,-580,yes,yes,unknown,7,may,4,-1,0,no_previous_contact,no,0,0.6931471805599453,0.0
47,blue-collar,married,primary,no,2276,yes,yes,unknown,6,jun,7,-1,0,no_previous_contact,no,0,1.6094379124341005,0.0
69,blue-collar,married,secondary,no,1074,no,no,cellular,4,aug,4,-1,0,no_previous_contact,no,0,0.6931471805599453,0.0
48,blue-collar,married,secondary,no,72,yes,no,unknown,4,jun,7,-1,0,no_previous_contact,no,0,1.6094379124341005,0.0
61,management,married,tertiary,no,0,yes,no,cellular,17,dec,4,199,2,failure,no,1,0.6931471805599453,1.0986122886681098
62,blue-collar,married,secondary,no,78,yes,no,unknown,15,may,4,-1,0,no_previous_contact,no,0,0.6931471805599453,0.0
45,blue-collar,single,secondary,no,17900,yes,no,cellular,18,may,7,355,1,other,no,1,1.6094379124341005,0.6931471805599453
59,services,divorced,secondary,no,-736,yes,no,cellular,5,may,4,-1,0,no_previous_contact,yes,0,0.6931471805599453,0.0
56,management,married,secondary,no,0,no,yes,cellular,7,jul,6,-1,0,no_previous_contact,no,0,1.3862943611198906,0.0
46,admin.,single,secondary,no,224,yes,no,cellular,22,jul,10,-1,0,no_previous_contact,no,0,2.079441541679836,0.0
57,services,married,secondary,no,-332,no,no,cellular,14,may,7,-1,0,no_previous_contact,no,0,1.6094379124341005,0.0
51,management,married,tertiary,no,1392,no,no,cellular,17,apr,4,-1,0,no_previous_contact,no,0,0.6931471805599453,0.0
46,management,single,tertiary,no,1450,yes,no,cellular,27,apr,4,452,1,other,no,1,0.6931471805599453,0.6931471805599453
74,retired,married,tertiary,no,5024,no,no,cellular,29,jul,7,-1,0,no_previous_contact,no,0,1.6094379124341005,0.0
54,admin.,married,secondary,no,-1300,no,no,cellular,15,may,5,364,1,failure,no,1,1.0986122886681098,0.6931471805599453
97,retired,divorced,tertiary,no,0,no,no,telephone,12,nov,4,-1,0,no_previous_contact,yes,0,0.6931471805599453,0.0
73,blue-collar,married,secondary,no,442,yes,no,cellular,17,apr,5,343,2,failure,no,1,1.0986122886681098,1.0986122886681098
50,management,married,secondary,no,2,yes,no,unknown,29,may,5,-1,0,no_previous_contact,no,0,1.0986122886681098,0.0
53,entrepreneur,married,tertiary,no,1892,yes,no,cellular,11,may,4,-1,0,no_previous_contact,no,0,0.6931471805599453,0.0
73,admin.,married,secondary,no,5494,no,no,cellular,17,nov,5,-1,0,no_previous_contact,no,0,1.0986122886681098,0.0
48,management,single,tertiary,no,3180,no,no,cellular,29,jan,4,-1,0,no_previous_contact,no,0,0.6931471805599453,0.0
66,blue-collar,married,secondary,no,3680,yes,no,cellular,18,aug,6,-1,0,no_previous_contact,no,0,1.3862943611198906,0.0
49,entrepreneur,single,secondary,yes,-400,no,yes,cellular,25,jul,8,-1,0,no_previous_contact,no,0,1.791759469228055,0.0
45,management,married,tertiary,no,2768,yes,no,telephone,14,aug,5,-1,0,no_previous_contact,no,0,1.0986122886681098,0.0
42,management,single,tertiary,no,6,yes,yes,cellular,22,jul,4,-1,0,no_previous_contact,no,0,0.6931471805599453,0.0
61,management,single,secondary,no,3210,no,no,cellular,31,jul,9,-1,0,no_previous_contact,no,0,1.9459101490553128,0.0
43,admin.,married,secondary,no,1868,yes,no,unknown,4,jul,5,-1,0,no_previous_contact,no,0,1.0986122886681098,0.0
41,services,single,secondary,no,1024,yes,yes,cellular,30,jan,8,239,3,failure,no,1,1.791759469228055,1.3862943611198906
58,blue-collar,single,secondary,no,1230,no,no,cellular,14,jul,7,-1,0,no_previous_contact,no,0,1.6094379124341005,0.0
62,admin.,married,secondary,no,2530,no,no,cellular,7,aug,5,-1,0,no_previous_contact,no,0,1.0986122886681098,0.0
52,blue-collar,married,secondary,no,6538,yes,yes,cellular,14,may,5,-1,0,no_previous_contact,no,0,1.0986122886681098,0.0
41,technician,single,tertiary,no,-134,yes,no,cellular,15,may,4,-1,0,no_previous_contact,yes,0,0.6931471805599453,0.0
44,admin.,single,secondary,no,-698,yes,no,cellular,15,may,7,-1,0,no_previous_contact,no,0,1.6094379124341005,0.0
48,blue-collar,single,secondary,no,8928,yes,no,cellular,25,may,4,-1,0,no_previous_contact,no,0,0.6931471805599453,0.0
58,management,married,tertiary,no,5534,yes,no,unknown,15,may,10,-1,0,no_previous_contact,no,0,2.079441541679836,0.0
41,technician,single,secondary,no,1278,yes,no,unknown,6,jun,8,-1,0,no_previous_contact,yes,0,1.791759469228055,0.0
69,services,married,primary,no,16,yes,no,cellular,14,may,4,-1,0,no_previous_contact,no,0,0.6931471805599453,0.0
51,blue-collar,married,secondary,no,-346,yes,no,cellular,18,may,6,-1,0,no_previous_contact,no,0,1.3862943611198906,0.0
66,management,married,tertiary,no,-642,no,no,cellular,6,feb,5,9,2,other,no,1,1.0986122886681098,1.0986122886681098
74,management,divorced,tertiary,no,34112,yes,no,cellular,20,nov,5,-1,0,no_previous_contact,no,0,1.0986122886681098,0.0
53,admin.,married,secondary,no,1532,yes,no,cellular,14,apr,5,335,1,failure,no,1,1.0986122886681098,0.6931471805599453
71,blue-collar,divorced,primary,no,380,yes,no,cellular,12,may,11,351,9,other,no,1,2.19722457733622,2.302585092994046
56,blue-collar,married,secondary,no,5704,yes,no,unknown,20,may,6,-1,0,no_previous_contact,no,0,1.3862943611198906,0.0
57,management,married,tertiary,no,2646,yes,yes,unknown,15,may,8,-1,0,no_previous_contact,no,0,1.791759469228055,0.0
49,management,married,tertiary,no,1762,no,no,cellular,20,aug,5,-1,0,no_previous_contact,no,0,1.0986122886681098,0.0
64,admin.,single,secondary,no,1560,no,no,telephone,3,feb,8,-1,0,no_previous_contact,no,0,1.791759469228055,0.0
69,technician,divorced,secondary,no,-22,yes,no,cellular,12,may,7,-1,0,no_previous_contact,no,0,1.6094379124341005,0.0
43,services,single,secondary,no,4770,yes,no,unknown,4,jun,5,-1,0,no_previous_contact,no,0,1.0986122886681098,0.0
64,technician,married,secondary,no,54,no,no,cellular,22,aug,5,-1,0,no_previous_contact,no,0,1.0986122886681098,0.0
72,technician,married,secondary,no,2140,no,no,unknown,19,jun,4,-1,0,no_previous_contact,no,0,0.6931471805599453,0.0
49,technician,married,tertiary,no,7486,yes,no,cellular,18,may,7,-1,0,no_previous_contact,yes,0,1.6094379124341005,0.0
66,retired,divorced,secondary,no,3358,no,no,cellular,12,aug,4,365,9,other,yes,1,0.6931471805599453,2.302585092994046
45,blue-collar,married,secondary,no,642,yes,no,cellular,20,nov,5,-1,0,no_previous_contact,no,0,1.0986122886681098,0.0
61,management,single,tertiary,no,92,no,yes,unknown,18,jun,4,-1,0,no_previous_contact,no,0,0.6931471805599453,0.0
54,entrepreneur,married,primary,no,874,yes,no,unknown,27,oct,4,-1,0,no_previous_contact,yes,0,0.6931471805599453,0.0
47,self-employed,married,tertiary,no,2846,no,no,cellular,6,aug,7,-1,0,no_previous_contact,yes,0,1.6094379124341005,0.0
55,management,married,tertiary,no,2082,yes,no,unknown,12,jun,4,-1,0,no_previous_contact,no,0,0.6931471805599453,0.0
40,student,single,unknown,no,1678,no,no,cellular,15,mar,4,181,2,other,no,1,0.6931471805599453,1.0986122886681098
50,technician,married,secondary,no,388,yes,no,unknown,28,may,4,-1,0,no_previous_contact,no,0,0.6931471805599453,0.0
46,admin.,married,secondary,no,23678,yes,yes,cellular,20,nov,5,-1,0,no_previous_contact,no,0,1.0986122886681098,0.0
53,admin.,single,secondary,no,-422,no,yes,cellular,31,jul,5,-1,0,no_previous_contact,no,0,1.0986122886681098,0.0
70,retired,married,primary,no,-180,yes,yes,unknown,7,may,5,-1,0,no_previous_contact,no,0,1.0986122886681098,0.0
45,unemployed,single,tertiary,no,612,no,no,unknown,26,may,17,-1,0,no_previous_contact,no,0,2.70805020110221,0.0
73,retired,married,primary,no,11012,no,no,telephone,29,jul,7,-1,0,no_previous_contact,no,0,1.6094379124341005,0.0
44,blue-collar,married,secondary,no,74,yes,no,cellular,11,may,6,353,1,other,no,1,1.3862943611198906,0.6931471805599453
49,blue-collar,married,primary,no,550,yes,no,unknown,30,may,4,-1,0,no_previous_contact,no,0,0.6931471805599453,0.0
61,blue-collar,married,secondary,no,1512,yes,no,unknown,15,may,10,-1,0,no_previous_contact,no,0,2.079441541679836,0.0
49,admin.,divorced,secondary,no,50,no,no,cellular,11,jul,5,-1,0,no_previous_contact,no,0,1.0986122886681098,0.0
52,management,single,tertiary,no,2296,yes,no,cellular,12,may,4,-1,0,no_previous_contact,no,0,0.6931471805599453,0.0
52,technician,single,secondary,no,1768,yes,yes,cellular,31,jul,5,-1,0,no_previous_contact,no,0,1.0986122886681098,0.0
47,student,married,tertiary,no,1488,yes,no,cellular,14,may,5,352,1,other,no,1,1.0986122886681098,0.6931471805599453
59,technician,divorced,secondary,no,0,yes,no,cellular,28,jul,5,-1,0,no_previous_contact,no,0,1.0986122886681098,0.0
50,management,married,tertiary,no,6962,no,no,cellular,13,aug,6,-1,0,no_previous_contact,no,0,1.3862943611198906,0.0
65,management,married,tertiary,no,10216,yes,no,cellular,18,dec,4,182,2,failure,yes,1,0.6931471805599453,1.0986122886681098
67,retired,married,primary,no,1074,no,no,unknown,9,jun,4,-1,0,no_previous_contact,no,0,0.6931471805599453,0.0
56,technician,married,secondary,no,380,no,no,cellular,21,nov,10,-1,0,no_previous_contact,no,0,2.079441541679836,0.0
71,management,married,tertiary,no,4732,yes,yes,cellular,3,feb,5,188,4,failure,no,1,1.0986122886681098,1.6094379124341005
52,unemployed,divorced,tertiary,no,2170,no,no,cellular,25,aug,7,-1,0,no_previous_contact,no,0,1.6094379124341005,0.0
55,services,married,secondary,no,2610,no,no,cellular,22,jul,4,-1,0,no_previous_contact,no,0,0.6931471805599453,0.0
45,technician,single,secondary,no,1926,yes,no,cellular,18,may,4,-1,0,no_previous_contact,no,0,0.6931471805599453,0.0
46,management,single,tertiary,no,-52,yes,yes,unknown,23,may,4,-1,0,no_previous_contact,no,0,0.6931471805599453,0.0
47,blue-collar,married,primary,no,4228,yes,no,telephone,17,apr,4,-1,0,no_previous_contact,no,0,0.6931471805599453,0.0
46,technician,married,tertiary,no,4332,no,no,cellular,13,jul,9,182,2,success,yes,1,1.9459101490553128,1.0986122886681098
67,management,married,secondary,no,378,no,no,cellular,22,aug,5,-1,0,no_previous_contact,no,0,1.0986122886681098,0.0
57,admin.,single,secondary,no,5516,yes,no,unknown,5,jun,6,-1,0,no_previous_contact,no,0,1.3862943611198906,0.0
65,blue-collar,married,secondary,no,19170,yes,no,telephone,31,jul,9,-1,0,no_previous_contact,no,0,1.9459101490553128,0.0
72,retired,married,primary,no,2476,yes,no,cellular,15,jul,4,-1,0,no_previous_contact,no,0,0.6931471805599453,0.0
55,blue-collar,married,secondary,no,1850,yes,yes,unknown,20,jun,11,-1,0,no_previous_contact,no,0,2.19722457733622,0.0
62,technician,married,secondary,no,2118,yes,no,cellular,17,jul,4,-1,0,no_previous_contact,no,0,0.6931471805599453,0.0
52,services,married,secondary,no,686,yes,yes,cellular,7,jul,10,-1,0,no_previous_contact,no,0,2.079441541679836,0.0
73,services,single,secondary,no,2860,yes,no,cellular,20,apr,9,321,5,failure,no,1,1.9459101490553128,1.791759469228055
53,management,single,tertiary,no,4692,yes,no,cellular,28,jan,4,-1,0,no_previous_contact,no,0,0.6931471805599453,0.0
61,management,divorced,secondary,no,20,yes,no,cellular,17,nov,4,-1,0,no_previous_contact,no,0,0.6931471805599453,0.0
55,housemaid,married,secondary,no,2100,no,no,cellular,12,aug,5,-1,0,no_previous_contact,no,0,1.0986122886681098,0.0
55,blue-collar,married,primary,no,1936,yes,yes,unknown,8,may,4,-1,0,no_previous_contact,no,0,0.6931471805599453,0.0
61,student,single,unknown,no,3054,no,no,cellular,8,sep,6,184,1,success,yes,1,1.3862943611198906,0.6931471805599453
46,technician,married,secondary,no,360,no,no,cellular,17,mar,5,-1,0,no_previous_contact,yes,0,1.0986122886681098,0.0
62,management,married,tertiary,yes,-674,no,yes,cellular,29,jan,7,161,2,failure,no,1,1.6094379124341005,1.0986122886681098
62,admin.,married,secondary,no,2766,yes,no,unknown,6,jun,11,-1,0,no_previous_contact,no,0,2.19722457733622,0.0
66,technician,divorced,secondary,no,0,yes,no,unknown,28,may,5,-1,0,no_previous_contact,no,0,1.0986122886681098,0.0
62,management,married,tertiary,no,5838,yes,no,cellular,17,nov,4,-1,0,no_previous_contact,no,0,0.6931471805599453,0.0
58,management,married,tertiary,no,480,yes,no,cellular,16,apr,4,-1,0,no_previous_contact,yes,0,0.6931471805599453,0.0
40,blue-collar,single,primary,no,104,yes,no,unknown,24,jun,5,-1,0,no_previous_contact,yes,0,1.0986122886681098,0.0
42,unemployed,single,tertiary,no,2,no,no,cellular,3,feb,5,-1,0,no_previous_contact,no,0,1.0986122886681098,0.0
40,admin.,single,secondary,no,1574,yes,no,unknown,9,may,4,-1,0,no_previous_contact,no,0,0.6931471805599453,0.0
50,management,single,tertiary,no,5976,yes,no,cellular,25,may,4,-1,0,no_previous_contact,no,0,0.6931471805599453,0.0
52,management,married,tertiary,no,4410,no,no,unknown,21,may,7,-1,0,no_previous_contact,no,0,1.6094379124341005,0.0
55,unemployed,married,secondary,no,554,yes,no,unknown,26,may,5,-1,0,no_previous_contact,no,0,1.0986122886681098,0.0
47,entrepreneur,single,tertiary,no,2,yes,yes,unknown,16,may,5,-1,0,no_previous_contact,no,0,1.0986122886681098,0.0
68,self-employed,married,tertiary,no,2256,no,no,unknown,11,jun,4,-1,0,no_previous_contact,no,0,0.6931471805599453,0.0
62,management,married,tertiary,no,0,yes,no,cellular,4,mar,5,181,3,failure,no,1,1.0986122886681098,1.3862943611198906
70,management,married,unknown,no,3008,yes,no,cellular,22,may,5,-1,0,no_previous_contact,yes,0,1.0986122886681098,0.0
65,management,married,tertiary,no,30884,no,no,unknown,5,jun,4,-1,0,no_previous_contact,no,0,0.6931471805599453,0.0
45,blue-collar,divorced,secondary,no,0,no,yes,cellular,8,jul,4,-1,0,no_previous_contact,no,0,0.6931471805599453,0.0
54,blue-collar,single,tertiary,no,526,yes,no,cellular,29,jan,4,199,6,failure,no,1,0.6931471805599453,1.9459101490553128
37,student,single,tertiary,no,2516,no,no,cellular,10,dec,4,156,1,failure,no,1,0.6931471805599453,0.6931471805599453
50,admin.,single,secondary,no,3620,yes,no,cellular,25,aug,5,92,2,failure,no,1,1.0986122886681098,1.0986122886681098
43,housemaid,single,tertiary,no,38,no,no,cellular,17,apr,4,-1,0,no_previous_contact,yes,0,0.6931471805599453,0.0
51,technician,married,secondary,no,1392,yes,no,cellular,5,feb,8,-1,0,no_previous_contact,no,0,1.791759469228055,0.0
