age,job,marital,education,default,balance,housing,loan,contact,day_of_week,month,campaign,pdays,previous,poutcome,y,had_previous_contact,campaign_log,previous_log
33,services,married,secondary,no,0,yes,no,cellular,29,jan,1,-1,0,no_previous_contact,no,0,0.6931471805599453,0.0
59,retired,married,primary,no,2074,no,no,cellular,21,dec,1,186,2,success,yes,1,0.6931471805599453,1.0986122886681098
37,blue-collar,single,secondary,no,690,yes,no,cellular,18,nov,1,179,2,failure,no,1,0.6931471805599453,1.0986122886681098
35,services,single,secondary,no,1742,yes,no,cellular,31,jul,2,-1,0,no_previous_contact,no,0,1.0986122886681098,0.0
31,blue-collar,single,secondary,no,4415,yes,no,unknown,2,jun,1,-1,0,no_previous_contact,no,0,0.6931471805599453,0.0
58,technician,married,unknown,no,1617,yes,no,cellular,5,feb,4,274,2,failure,no,1,1.6094379124341003,1.0986122886681098
35,technician,married,secondary,no,1546,yes,no,cellular,20,nov,4,-1,0,no_previous_contact,no,0,1.6094379124341003,0.0
47,management,divorced,unknown,no,582,yes,yes,unknown,16,jun,2,-1,0,no_previous_contact,no,0,1.0986122886681098,0.0
57,retired,married,secondary,no,6610,no,no,cellular,14,aug,2,-1,0,no_previous_contact,no,0,1.0986122886681098,0.0
38,technician,single,secondary,no,42,yes,no,unknown,7,may,2,-1,0,no_previous_contact,no,0,1.0986122886681098,0.0
40,blue-collar,married,primary,no,137,no,yes,cellular,10,jul,1,-1,0,no_previous_contact,no,0,0.6931471805599453,0.0
40,technician,single,secondary,no,134,yes,yes,cellular,28,jul,2,-1,0,no_previous_contact,no,0,1.0986122886681098,0.0
40,services,married,secondary,no,111,yes,no,cellular,23,jul,1,-1,0,no_previous_contact,no,0,0.6931471805599453,0.0
35,technician,single,tertiary,no,0,no,no,cellular,11,aug,3,-1,0,no_previous_contact,no,0,1.3862943611198906,0.0
32,services,divorced,secondary,no,454,yes,no,cellular,18,jul,1,-1,0,no_previous_contact,yes,0,0.6931471805599453,0.0
37,management,married,tertiary,no,3794,no,no,cellular,18,aug,1,379,1,failure,no,1,0.6931471805599453,0.6931471805599453
50,unknown,single,secondary,no,86,no,no,telephone,6,feb,8,-1,0,no_previous_contact,no,0,2.1972245773362196,0.0
47,management,married,secondary,no,414,no,no,cellular,26,aug,2,-1,0,no_previous_contact,no,0,1.0986122886681098,0.0
46,services,married,secondary,no,25,no,yes,unknown,25,jun,2,-1,0,no_previous_contact,no,0,1.0986122886681098,0.0
45,blue-collar,married,secondary,no,10252,no,no,cellular,22,sep,1,141,2,success,yes,1,0.6931471805599453,1.0986122886681098
60,technician,married,secondary,no,1139,no,no,cellular,6,feb,2,207,2,failure,no,1,1.0986122886681098,1.0986122886681098
43,blue-collar,married,primary,no,-93,yes,no,unknown,26,may,2,-1,0,no_previous_contact,no,0,1.0986122886681098,0.0
46,management,married,tertiary,no,245,yes,no,unknown,16,may,10,-1,0,no_previous_contact,no,0,2.3978952727983707,0.0
38,blue-collar,married,secondary,no,6994,yes,no,telephone,8,apr,1,139,2,failure,no,1,0.6931471805599453,1.0986122886681098
34,services,married,secondary,no,-508,yes,no,unknown,20,may,2,-1,0,no_previous_contact,no,0,1.0986122886681098,0.0
36,management,married,tertiary,no,1313,no,no,cellular,26,aug,6,-1,0,no_previous_contact,no,0,1.9459101490553132,0.0
33,admin.,single,tertiary,no,475,yes,no,cellular,7,may,1,-1,0,no_previous_contact,yes,0,0.6931471805599453,0.0
55,blue-collar,married,primary,no,842,no,no,telephone,31,jul,2,-1,0,no_previous_contact,no,0,1.0986122886681098,0.0
39,technician,married,secondary,no,0,yes,no,cellular,23,oct,1,184,1,success,no,1,0.6931471805599453,0.6931471805599453
44,management,single,secondary,no,-228,yes,yes,cellular,13,may,1,362,2,failure,no,1,0.6931471805599453,1.0986122886681098
58,technician,married,primary,no,4015,no,no,unknown,20,jun,3,-1,0,no_previous_contact,no,0,1.3862943611198906,0.0
53,retired,single,secondary,no,1846,no,no,unknown,11,jun,1,-1,0,no_previous_contact,no,0,0.6931471805599453,0.0
54,blue-collar,married,secondary,no,853,no,no,unknown,16,jun,5,-1,0,no_previous_contact,no,0,1.791759469228055,0.0
31,blue-collar,married,secondary,no,-190,yes,yes,cellular,8,may,3,-1,0,no_previous_contact,no,0,1.3862943611198906,0.0
56,blue-collar,married,primary,no,3498,no,no,cellular,15,apr,2,-1,0,no_previous_contact,yes,0,1.0986122886681098,0.0
37,management,married,unknown,yes,62,yes,no,cellular,31,jul,4,-1,0,no_previous_contact,no,0,1.6094379124341003,0.0
39,technician,single,secondary,no,102,yes,no,cellular,14,aug,2,-1,0,no_previous_contact,no,0,1.0986122886681098,0.0
43,blue-collar,married,secondary,no,105,no,yes,cellular,4,jul,2,-1,0,no_previous_contact,no,0,1.0986122886681098,0.0
36,management,single,tertiary,no,7252,no,no,cellular,12,aug,1,-1,0,no_previous_contact,no,0,0.6931471805599453,0.0
70,entrepreneur,married,tertiary,no,15265,no,no,cellular,17,aug,2,-1,0,no_previous_contact,no,0,1.0986122886681098,0.0
45,blue-collar,married,secondary,no,640,yes,no,cellular,4,may,1,-1,0,no_previous_contact,yes,0,0.6931471805599453,0.0
34,management,divorced,tertiary,no,224,no,no,unknown,3,jun,11,-1,0,no_previous_contact,no,0,2.4849066497880004,0.0
64,retired,married,secondary,no,504,no,no,cellular,11,aug,1,14,3,other,no,1,0.6931471805599453,1.3862943611198906
36,services,married,tertiary,no,45,no,no,cellular,19,nov,3,-1,0,no_previous_contact,no,0,1.3862943611198906,0.0
34,management,married,tertiary,no,123,no,no,cellular,3,feb,3,-1,0,no_previous_contact,yes,0,1.3862943611198906,0.0
24,student,single,secondary,no,1250,no,no,cellular,25,mar,2,-1,0,no_previous_contact,yes,0,1.0986122886681098,0.0
30,management,married,tertiary,no,4874,yes,no,cellular,25,aug,10,-1,0,no_previous_contact,no,0,2.3978952727983707,0.0
57,management,married,tertiary,no,-92,yes,yes,unknown,20,jun,1,-1,0,no_previous_contact,yes,0,0.6931471805599453,0.0
32,management,single,tertiary,no,406,no,no,unknown,29,may,24,-1,0,no_previous_contact,no,0,3.2188758248682006,0.0
28,technician,single,secondary,no,389,yes,no,cellular,11,may,7,-1,0,no_previous_contact,no,0,2.0794415416798357,0.0
29,technician,single,secondary,no,286,no,no,telephone,2,feb,2,-1,0,no_previous_contact,no,0,1.0986122886681098,0.0
53,management,single,tertiary,no,0,no,no,unknown,20,jun,7,-1,0,no_previous_contact,no,0,2.0794415416798357,0.0
31,technician,single,tertiary,no,22,yes,no,unknown,9,may,3,-1,0,no_previous_contact,yes,0,1.3862943611198906,0.0
36,management,married,tertiary,no,22,no,no,cellular,2,oct,2,-1,0,no_previous_contact,no,0,1.0986122886681098,0.0
38,management,married,tertiary,no,276,no,no,cellular,14,oct,1,-1,0,no_previous_contact,no,0,0.6931471805599453,0.0
41,technician,single,secondary,no,568,yes,no,unknown,30,may,2,-1,0,no_previous_contact,no,0,1.0986122886681098,0.0
31,management,single,tertiary,no,58,no,no,cellular,29,aug,2,-1,0,no_previous_contact,no,0,1.0986122886681098,0.0
36,entrepreneur,married,secondary,no,2971,no,no,cellular,12,nov,1,97,8,failure,yes,1,0.6931471805599453,2.1972245773362196
31,management,single,tertiary,no,999,yes,no,cellular,13,apr,5,-1,0,no_previous_contact,no,0,1.791759469228055,0.0
33,management,married,secondary,no,2858,yes,yes,cellular,12,may,1,298,5,failure,no,1,0.6931471805599453,1.791759469228055
38,blue-collar,married,secondary,no,171,yes,yes,unknown,20,may,1,-1,0,no_previous_contact,no,0,0.6931471805599453,0.0
44,admin.,single,secondary,no,2524,no,no,unknown,19,jun,1,-1,0,no_previous_contact,no,0,0.6931471805599453,0.0
56,entrepreneur,married,secondary,no,196,no,no,cellular,19,nov,3,-1,0,no_previous_contact,no,0,1.3862943611198906,0.0
57,technician,married,secondary,no,3284,yes,no,unknown,26,may,1,-1,0,no_previous_contact,no,0,0.6931471805599453,0.0
58,management,married,tertiary,no,3948,no,yes,cellular,13,aug,1,-1,0,no_previous_contact,no,0,0.6931471805599453,0.0
36,admin.,married,secondary,no,-423,yes,yes,unknown,13,may,1,-1,0,no_previous_contact,no,0,0.6931471805599453,0.0
38,technician,single,tertiary,no,0,no,yes,cellular,11,jul,2,-1,0,no_previous_contact,no,0,1.0986122886681098,0.0
58,management,married,tertiary,no,4265,yes,no,unknown,29,may,2,-1,0,no_previous_contact,no,0,1.0986122886681098,0.0
42,technician,married,tertiary,no,1493,yes,yes,cellular,13,aug,1,-1,0,no_previous_contact,no,0,0.6931471805599453,0.0
27,self-employed,single,tertiary,yes,5,no,yes,cellular,18,jul,1,-1,0,no_previous_contact,no,0,0.6931471805599453,0.0
32,blue-collar,married,secondary,no,-103,yes,no,cellular,14,may,1,-1,0,no_previous_contact,no,0,0.6931471805599453,0.0
39,management,married,secondary,no,763,no,no,cellular,19,nov,1,153,2,other,no,1,0.6931471805599453,1.0986122886681098
30,student,single,secondary,no,1681,no,no,cellular,7,dec,2,-1,0,no_previous_contact,yes,0,1.0986122886681098,0.0
27,blue-collar,married,secondary,no,556,yes,no,cellular,9,feb,7,-1,0,no_previous_contact,no,0,2.0794415416798357,0.0
30,services,single,tertiary,no,3516,yes,no,unknown,29,may,4,-1,0,no_previous_contact,no,0,1.6094379124341003,0.0
44,technician,divorced,secondary,no,314,yes,no,unknown,12,aug,1,651,1,success,no,1,0.6931471805599453,0.6931471805599453
44,management,divorced,tertiary,no,2367,no,no,cellular,22,sep,1,184,6,success,yes,1,0.6931471805599453,1.9459101490553132
40,blue-collar,married,secondary,no,3122,yes,no,unknown,12,may,3,-1,0,no_previous_contact,no,0,1.3862943611198906,0.0
34,management,married,tertiary,no,703,yes,no,cellular,14,apr,1,-1,0,no_previous_contact,yes,0,0.6931471805599453,0.0
57,technician,divorced,secondary,no,2352,yes,no,cellular,21,nov,2,-1,0,no_previous_contact,no,0,1.0986122886681098,0.0
20,student,single,secondary,no,215,no,no,cellular,21,aug,4,183,1,other,yes,1,1.6094379124341003,0.6931471805599453
31,technician,single,secondary,no,1014,yes,no,cellular,23,jul,4,-1,0,no_previous_contact,no,0,1.6094379124341003,0.0
31,blue-collar,single,secondary,no,88,yes,no,cellular,20,apr,5,-1,0,no_previous_contact,no,0,1.791759469228055,0.0
31,admin.,single,secondary,no,396,yes,no,unknown,19,may,1,-1,0,no_previous_contact,no,0,0.6931471805599453,0.0
32,unemployed,married,secondary,no,2996,yes,no,unknown,19,may,1,-1,0,no_previous_contact,no,0,0.6931471805599453,0.0
56,blue-collar,married,primary,no,-116,yes,no,cellular,8,may,2,-1,0,no_previous_contact,no,0,1.0986122886681098,0.0
34,management,married,tertiary,no,676,no,no,telephone,11,nov,1,-1,0,no_previous_contact,yes,0,0.6931471805599453,0.0
51,technician,married,secondary,no,221,yes,no,unknown,7,may,3,-1,0,no_previous_contact,no,0,1.3862943611198906,0.0
56,management,married,primary,no,21,no,no,cellular,7,jul,1,-1,0,no_previous_contact,no,0,0.6931471805599453,0.0
45,services,married,secondary,no,88,yes,no,cellular,25,jul,4,-1,0,no_previous_contact,no,0,1.6094379124341003,0.0
53,management,married,primary,no,798,yes,no,telephone,2,feb,1,217,2,failure,no,1,0.6931471805599453,1.0986122886681098
49,technician,married,secondary,no,177,yes,yes,cellular,8,jul,1,-1,0,no_previous_contact,no,0,0.6931471805599453,0.0
49,unknown,married,tertiary,no,325,no,no,unknown,20,jun,15,-1,0,no_previous_contact,no,0,2.772588722239781,0.0
32,technician,married,secondary,no,3322,yes,no,cellular,20,apr,1,74,4,failure,no,1,0.6931471805599453,1.6094379124341003
51,housemaid,married,primary,no,2499,no,no,unknown,12,jun,5,-1,0,no_previous_contact,no,0,1.791759469228055,0.0
46,technician,divorced,tertiary,no,0,yes,no,cellular,11,aug,5,-1,0,no_previous_contact,no,0,1.791759469228055,0.0
49,housemaid,married,primary,no,360,no,no,unknown,30,jun,1,-1,0,no_previous_contact,no,0,0.6931471805599453,0.0
43,self-employed,married,primary,no,5039,no,no,cellular,20,nov,1,-1,0,no_previous_contact,no,0,0.6931471805599453,0.0
37,services,married,secondary,no,1483,no,no,unknown,20,jun,9,-1,0,no_previous_contact,no,0,2.302585092994046,0.0
41,management,married,tertiary,no,725,no,no,cellular,26,aug,10,-1,0,no_previous_contact,no,0,2.3978952727983707,0.0
44,technician,single,secondary,no,0,no,no,cellular,20,aug,2,-1,0,no_previous_contact,no,0,1.0986122886681098,0.0
52,management,married,tertiary,no,23552,yes,no,cellular,12,may,1,-1,0,no_previous_contact,no,0,0.6931471805599453,0.0
55,admin.,married,secondary,no,541,yes,yes,cellular,14,jul,3,-1,0,no_previous_contact,no,0,1.3862943611198906,0.0
42,technician,married,secondary,no,4466,no,no,cellular,17,nov,2,-1,0,no_previous_contact,no,0,1.0986122886681098,0.0
52,technician,married,unknown,no,2709,yes,no,telephone,9,feb,7,-1,0,no_previous_contact,no,0,2.0794415416798357,0.0
61,self-employed,divorced,tertiary,no,52587,no,no,cellular,15,feb,3,189,1,success,yes,1,1.3862943611198906,0.6931471805599453
32,technician,single,tertiary,no,388,no,no,cellular,2,aug,8,95,3,success,no,1,2.1972245773362196,1.3862943611198906
46,services,married,secondary,no,-11,yes,no,cellular,28,aug,6,-1,0,no_previous_contact,no,0,1.9459101490553132,0.0
54,technician,married,secondary,no,4475,yes,no,cellular,19,nov,1,-1,0,no_previous_contact,no,0,0.6931471805599453,0.0
48,management,married,tertiary,no,363,no,no,cellular,18,nov,1,-1,0,no_previous_contact,no,0,0.6931471805599453,0.0
70,retired,married,secondary,no,2575,no,no,telephone,20,apr,2,-1,0,no_previous_contact,yes,0,1.0986122886681098,0.0
51,admin.,married,tertiary,no,0,yes,yes,cellular,8,mar,2,-1,0,no_previous_contact,yes,0,1.0986122886681098,0.0
55,management,married,secondary,no,11655,no,no,cellular,5,aug,1,-1,0,no_previous_contact,no,0,0.6931471805599453,0.0
50,blue-collar,married,primary,no,162,yes,no,cellular,7,may,3,-1,0,no_previous_contact,no,0,1.3862943611198906,0.0
44,self-employed,married,secondary,no,264,yes,no,unknown,13,may,2,-1,0,no_previous_contact,no,0,1.0986122886681098,0.0
37,technician,married,secondary,no,180,no,no,cellular,8,aug,2,-1,0,no_previous_contact,no,0,1.0986122886681098,0.0
41,management,single,secondary,no,3234,yes,no,cellular,30,jan,1,-1,0,no_previous_contact,yes,0,0.6931471805599453,0.0
46,blue-collar,married,primary,no,537,no,no,unknown,26,may,5,-1,0,no_previous_contact,no,0,1.791759469228055,0.0
37,self-employed,married,secondary,no,2260,yes,no,unknown,30,may,3,-1,0,no_previous_contact,no,0,1.3862943611198906,0.0
42,entrepreneur,married,secondary,no,1002,no,no,unknown,20,jun,3,-1,0,no_previous_contact,no,0,1.3862943611198906,0.0
35,blue-collar,married,secondary,no,5639,yes,no,cellular,20,nov,2,-1,0,no_previous_contact,yes,0,1.0986122886681098,0.0
58,management,married,tertiary,no,-565,yes,yes,cellular,17,nov,2,-1,0,no_previous_contact,no,0,1.0986122886681098,0.0
32,management,married,tertiary,no,3154,no,no,cellular,3,jun,1,44,4,failure,no,1,0.6931471805599453,1.6094379124341003
43,blue-collar,married,primary,no,823,yes,no,telephone,7,may,12,-1,0,no_previous_contact,no,0,2.5649493574615367,0.0
58,housemaid,married,primary,no,0,yes,no,telephone,9,jul,1,-1,0,no_previous_contact,no,0,0.6931471805599453,0.0
30,management,married,tertiary,no,0,yes,no,cellular,27,aug,4,-1,0,no_previous_contact,no,0,1.6094379124341003,0.0
26,admin.,single,secondary,no,609,no,no,telephone,28,jan,1,-1,0,no_previous_contact,no,0,0.6931471805599453,0.0
33,services,single,secondary,no,-56,no,yes,cellular,10,jul,5,-1,0,no_previous_contact,no,0,1.791759469228055,0.0
50,self-employed,married,unknown,no,-84,yes,no,unknown,6,may,1,-1,0,no_previous_contact,no,0,0.6931471805599453,0.0
28,blue-collar,married,secondary,no,339,yes,no,unknown,26,may,2,-1,0,no_previous_contact,no,0,1.0986122886681098,0.0
49,services,divorced,primary,no,90,no,no,cellular,23,jul,4,-1,0,no_previous_contact,no,0,1.6094379124341003,0.0
40,blue-collar,married,secondary,no,1522,yes,yes,unknown,14,may,2,-1,0,no_previous_contact,no,0,1.0986122886681098,0.0
39,admin.,married,tertiary,no,1322,yes,no,cellular,24,sep,3,486,1,other,no,1,1.3862943611198906,0.6931471805599453
36,management,married,tertiary,no,853,yes,yes,cellular,2,feb,1,-1,0,no_previous_contact,no,0,0.6931471805599453,0.0
26,admin.,single,secondary,no,338,no,no,cellular,29,oct,1,188,2,no_previous_contact,yes,1,0.6931471805599453,1.0986122886681098
47,management,divorced,tertiary,no,6333,yes,no,telephone,19,nov,4,-1,0,no_previous_contact,no,0,1.6094379124341003,0.0
65,retired,married,primary,no,1760,no,no,cellular,18,aug,4,-1,0,no_previous_contact,yes,0,1.6094379124341003,0.0
34,management,married,tertiary,no,1352,no,no,cellular,8,aug,2,-1,0,no_previous_contact,no,0,1.0986122886681098,0.0
42,self-employed,divorced,secondary,no,484,yes,no,cellular,21,nov,3,127,3,failure,no,1,1.3862943611198906,1.3862943611198906
42,blue-collar,divorced,secondary,no,685,yes,no,unknown,30,may,4,-1,0,no_previous_contact,no,0,1.6094379124341003,0.0
41,self-employed,married,secondary,no,304,yes,no,unknown,12,may,2,-1,0,no_previous_contact,no,0,1.0986122886681098,0.0
39,entrepreneur,married,primary,no,238,yes,yes,cellular,19,nov,1,-1,0,no_previous_contact,no,0,0.6931471805599453,0.0
63,retired,married,unknown,no,1849,no,no,cellular,1,sep,2,-1,0,no_previous_contact,no,0,1.0986122886681098,0.0
52,management,married,tertiary,no,271,yes,no,unknown,5,may,1,-1,0,no_previous_contact,no,0,0.6931471805599453,0.0
43,technician,married,secondary,no,308,yes,no,cellular,3,feb,3,264,4,other,no,1,1.3862943611198906,1.6094379124341003
31,admin.,single,secondary,no,0,yes,no,cellular,16,jul,2,-1,0,no_previous_contact,no,0,1.0986122886681098,0.0
46,technician,married,secondary,no,138,yes,no,cellular,7,apr,2,-1,0,no_previous_contact,no,0,1.0986122886681098,0.0
36,blue-collar,married,unknown,no,-400,yes,yes,cellular,6,may,2,307,1,failure,no,1,1.0986122886681098,0.6931471805599453
33,technician,single,secondary,no,79,yes,no,cellular,25,aug,3,-1,0,no_previous_contact,no,0,1.3862943611198906,0.0
38,management,married,tertiary,no,126,yes,no,unknown,21,may,2,-1,0,no_previous_contact,no,0,1.0986122886681098,0.0
63,admin.,married,secondary,no,-40,no,no,cellular,22,apr,3,-1,0,no_previous_contact,no,0,1.3862943611198906,0.0
52,self-employed,married,secondary,no,1066,yes,no,unknown,16,may,3,-1,0,no_previous_contact,no,0,1.3862943611198906,0.0
67,retired,married,primary,no,1430,no,no,telephone,12,oct,3,-1,0,no_previous_contact,no,0,1.3862943611198906,0.0
34,blue-collar,married,secondary,no,1207,yes,no,unknown,21,may,1,-1,0,no_previous_contact,yes,0,0.6931471805599453,0.0
69,admin.,married,secondary,no,813,no,no,telephone,28,sep,2,-1,0,no_previous_contact,no,0,1.0986122886681098,0.0
39,blue-collar,married,secondary,no,23,yes,no,unknown,12,may,5,-1,0,no_previous_contact,no,0,1.791759469228055,0.0
56,technician,single,tertiary,no,917,no,no,unknown,9,jun,1,-1,0,no_previous_contact,no,0,0.6931471805599453,0.0
42,blue-collar,divorced,primary,no,28,yes,no,cellular,8,may,5,-1,0,no_previous_contact,no,0,1.791759469228055,0.0
49,housemaid,divorced,primary,no,198,yes,no,unknown,13,may,3,-1,0,no_previous_contact,no,0,1.3862943611198906,0.0
45,admin.,married,secondary,no,740,no,yes,cellular,19,aug,2,-1,0,no_previous_contact,no,0,1.0986122886681098,0.0
34,management,married,tertiary,no,169,no,no,cellular,25,aug,4,-1,0,no_previous_contact,no,0,1.6094379124341003,0.0
49,services,married,primary,no,5737,yes,no,unknown,29,may,2,-1,0,no_previous_contact,no,0,1.0986122886681098,0.0
50,blue-collar,married,primary,no,-454,yes,no,telephone,25,jul,1,-1,0,no_previous_contact,no,0,0.6931471805599453,0.0
31,entrepreneur,single,tertiary,no,38,no,no,cellular,20,nov,2,-1,0,no_previous_contact,no,0,1.0986122886681098,0.0
25,technician,married,secondary,no,691,yes,no,cellular,15,may,1,330,2,failure,no,1,0.6931471805599453,1.0986122886681098
43,retired,married,primary,no,471,no,yes,unknown,15,may,2,-1,0,no_previous_contact,no,0,1.0986122886681098,0.0
27,housemaid,married,secondary,no,22,yes,yes,unknown,27,may,1,-1,0,no_previous_contact,no,0,0.6931471805599453,0.0
31,blue-collar,single,secondary,no,199,no,no,telephone,30,apr,1,-1,0,no_previous_contact,no,0,0.6931471805599453,0.0
40,technician,married,secondary,no,26,yes,no,unknown,16,may,3,-1,0,no_previous_contact,no,0,1.3862943611198906,0.0
51,management,married,tertiary,no,346,no,no,cellular,11,aug,1,180,6,success,yes,1,0.6931471805599453,1.9459101490553132
51,unemployed,married,secondary,no,3640,no,no,telephone,5,feb,6,-1,0,no_previous_contact,no,0,1.9459101490553132,0.0
43,blue-collar,single,primary,no,0,no,no,cellular,9,jul,1,-1,0,no_previous_contact,yes,0,0.6931471805599453,0.0
52,technician,married,secondary,no,118,no,no,cellular,28,aug,20,-1,0,no_previous_contact,no,0,3.044522437723423,0.0
28,technician,married,tertiary,no,858,yes,no,cellular,17,jul,1,-1,0,no_previous_contact,no,0,0.6931471805599453,0.0
32,management,single,tertiary,no,12686,yes,no,cellular,20,nov,1,170,1,failure,no,1,0.6931471805599453,0.6931471805599453
35,technician,single,unknown,no,726,yes,no,cellular,5,may,1,-1,0,no_previous_contact,no,0,0.6931471805599453,0.0
39,management,single,tertiary,no,3797,no,no,cellular,2,jun,2,-1,0,no_previous_contact,no,0,1.0986122886681098,0.0
35,management,married,tertiary,no,-273,yes,no,cellular,16,jul,3,-1,0,no_previous_contact,no,0,1.3862943611198906,0.0
31,entrepreneur,single,tertiary,no,46,yes,no,cellular,5,feb,1,-1,0,no_previous_contact,no,0,0.6931471805599453,0.0
31,blue-collar,married,primary,no,295,yes,no,cellular,12,may,6,-1,0,no_previous_contact,no,0,1.9459101490553132,0.0
39,blue-collar,married,secondary,no,5222,yes,no,unknown,28,may,1,-1,0,no_previous_contact,no,0,0.6931471805599453,0.0
54,blue-collar,married,secondary,no,2255,no,no,cellular,25,aug,6,-1,0,no_previous_contact,no,0,1.9459101490553132,0.0
52,entrepreneur,married,tertiary,yes,-468,no,no,cellular,8,jul,1,-1,0,no_previous_contact,yes,0,0.6931471805599453,0.0
36,management,married,tertiary,no,162,yes,no,cellular,8,aug,2,-1,0,no_previous_contact,no,0,1.0986122886681098,0.0
36,services,married,secondary,no,4721,no,no,cellular,9,dec,3,-1,0,no_previous_contact,yes,0,1.3862943611198906,0.0
30,technician,single,secondary,no,-232,no,yes,cellular,7,aug,2,-1,0,no_previous_contact,no,0,1.0986122886681098,0.0
22,student,single,secondary,no,216,no,no,cellular,6,aug,1,179,2,success,yes,1,0.6931471805599453,1.0986122886681098
57,technician,divorced,tertiary,no,0,yes,no,cellular,31,jul,16,-1,0,no_previous_contact,no,0,2.833213344056216,0.0
42,technician,married,secondary,no,33,no,no,telephone,22,jul,5,-1,0,no_previous_contact,no,0,1.791759469228055,0.0
42,blue-collar,married,primary,no,1673,yes,no,cellular,17,apr,3,-1,0,no_previous_contact,yes,0,1.3862943611198906,0.0
40,management,single,unknown,no,838,yes,no,unknown,12,may,3,-1,0,no_previous_contact,no,0,1.3862943611198906,0.0
50,technician,married,secondary,no,232,no,no,cellular,18,nov,1,-1,0,no_previous_contact,no,0,0.6931471805599453,0.0
33,unemployed,divorced,secondary,no,1005,yes,no,telephone,10,nov,1,174,2,failure,no,1,0.6931471805599453,1.0986122886681098
33,technician,married,tertiary,no,602,yes,no,cellular,18,aug,6,-1,0,no_previous_contact,no,0,1.9459101490553132,0.0
41,self-employed,married,secondary,no,20,no,no,unknown,5,jun,1,-1,0,no_previous_contact,no,0,0.6931471805599453,0.0
38,technician,married,secondary,no,205,no,no,cellular,26,may,1,-1,0,no_previous_contact,yes,0,0.6931471805599453,0.0
55,retired,married,tertiary,no,197,no,yes,cellular,8,jul,1,-1,0,no_previous_contact,no,0,0.6931471805599453,0.0
36,self-employed,single,secondary,no,652,no,no,unknown,17,jun,1,-1,0,no_previous_contact,no,0,0.6931471805599453,0.0
29,housemaid,married,secondary,no,1082,no,yes,cellular,30,jul,4,-1,0,no_previous_contact,no,0,1.6094379124341003,0.0
44,management,married,tertiary,no,368,no,no,cellular,9,jul,3,-1,0,no_previous_contact,no,0,1.3862943611198906,0.0
29,management,single,tertiary,no,7345,no,no,cellular,30,apr,1,-1,0,no_previous_contact,no,0,0.6931471805599453,0.0
28,admin.,married,secondary,no,423,yes,no,cellular,23,jul,1,-1,0,no_previous_contact,no,0,0.6931471805599453,0.0
42,services,married,secondary,no,1007,no,no,unknown,5,jun,1,-1,0,no_previous_contact,no,0,0.6931471805599453,0.0
44,management,married,tertiary,no,870,yes,yes,cellular,12,may,2,369,1,failure,no,1,1.0986122886681098,0.6931471805599453
25,management,married,tertiary,no,-242,yes,yes,cellular,18,may,4,332,4,other,yes,1,1.6094379124341003,1.6094379124341003
40,blue-collar,single,secondary,no,677,yes,no,cellular,17,nov,1,171,5,other,no,1,0.6931471805599453,1.791759469228055
46,services,married,secondary,no,22,yes,no,cellular,21,nov,1,197,3,failure,no,1,0.6931471805599453,1.3862943611198906
44,blue-collar,married,primary,no,228,yes,no,cellular,17,apr,1,343,1,other,no,1,0.6931471805599453,0.6931471805599453
40,blue-collar,married,secondary,no,1808,yes,no,cellular,12,may,1,-1,0,no_previous_contact,yes,0,0.6931471805599453,0.0
43,technician,divorced,secondary,no,87,yes,no,unknown,26,may,2,-1,0,no_previous_contact,no,0,1.0986122886681098,0.0
66,retired,married,primary,no,711,no,no,telephone,20,apr,5,-1,0,no_previous_contact,no,0,1.791759469228055,0.0
32,technician,single,tertiary,no,696,no,yes,cellular,13,aug,4,105,4,failure,no,1,1.6094379124341003,1.6094379124341003
29,technician,single,secondary,no,404,yes,no,unknown,29,may,2,-1,0,no_previous_contact,no,0,1.0986122886681098,0.0
60,retired,divorced,tertiary,no,4,yes,no,cellular,2,dec,1,190,5,failure,yes,1,0.6931471805599453,1.791759469228055
41,technician,single,secondary,no,143,no,no,cellular,20,aug,7,-1,0,no_previous_contact,no,0,2.0794415416798357,0.0
32,technician,married,tertiary,no,903,yes,no,cellular,23,jun,1,320,1,other,no,1,0.6931471805599453,0.6931471805599453
59,unemployed,divorced,secondary,no,7469,no,no,cellular,15,oct,1,-1,0,no_previous_contact,no,0,0.6931471805599453,0.0
39,services,married,secondary,no,1442,no,no,cellular,22,apr,3,-1,0,no_previous_contact,no,0,1.3862943611198906,0.0
36,management,single,tertiary,no,7606,yes,no,unknown,30,may,1,-1,0,no_previous_contact,yes,0,0.6931471805599453,0.0
40,self-employed,married,tertiary,no,2977,yes,no,cellular,17,jul,1,-1,0,no_previous_contact,no,0,0.6931471805599453,0.0
30,services,single,secondary,no,190,no,no,cellular,21,nov,1,-1,0,no_previous_contact,no,0,0.6931471805599453,0.0
32,blue-collar,married,secondary,no,1005,no,no,cellular,12,may,1,-1,0,no_previous_contact,no,0,0.6931471805599453,0.0
34,services,single,primary,no,654,no,no,unknown,3,jun,14,-1,0,no_previous_contact,no,0,2.70805020110221,0.0
33,blue-collar,married,secondary,no,25,yes,no,unknown,23,may,3,-1,0,no_previous_contact,no,0,1.3862943611198906,0.0
31,blue-collar,single,secondary,no,-4,yes,no,cellular,15,may,1,-1,0,no_previous_contact,no,0,0.6931471805599453,0.0
33,self-employed,single,tertiary,no,94,yes,no,cellular,5,may,2,-1,0,no_previous_contact,yes,0,1.0986122886681098,0.0
54,blue-collar,married,primary,no,3170,yes,no,unknown,27,may,4,-1,0,no_previous_contact,no,0,1.6094379124341003,0.0
44,services,married,secondary,no,361,yes,no,unknown,29,may,1,-1,0,no_previous_contact,no,0,0.6931471805599453,0.0
26,blue-collar,married,primary,no,178,yes,no,unknown,4,jun,2,-1,0,no_previous_contact,no,0,1.0986122886681098,0.0
39,admin.,married,secondary,no,2319,no,no,cellular,21,nov,1,137,1,failure,no,1,0.6931471805599453,0.6931471805599453
47,blue-collar,married,primary,no,475,yes,yes,cellular,29,jan,2,251,7,other,no,1,1.0986122886681098,2.0794415416798357
60,retired,married,secondary,no,7,no,yes,cellular,18,aug,5,-1,0,no_previous_contact,no,0,1.791759469228055,0.0
49,management,single,tertiary,no,1350,yes,yes,cellular,11,may,1,-1,0,no_previous_contact,no,0,0.6931471805599453,0.0
43,management,single,secondary,no,2968,no,no,unknown,20,jun,4,-1,0,no_previous_contact,no,0,1.6094379124341003,0.0
33,management,divorced,tertiary,no,387,no,no,cellular,6,feb,5,-1,0,no_previous_contact,no,0,1.791759469228055,0.0
36,unemployed,divorced,secondary,no,5,yes,no,cellular,8,jul,1,-1,0,no_previous_contact,no,0,0.6931471805599453,0.0
34,management,married,tertiary,no,580,yes,no,cellular,10,jul,1,-1,0,no_previous_contact,no,0,0.6931471805599453,0.0
52,management,married,tertiary,no,261,yes,no,unknown,12,jun,2,-1,0,no_previous_contact,no,0,1.0986122886681098,0.0
82,retired,married,primary,no,243,no,no,cellular,26,jul,1,180,2,success,yes,1,0.6931471805599453,1.0986122886681098
35,blue-collar,married,secondary,no,0,yes,no,cellular,7,may,1,360,2,failure,no,1,0.6931471805599453,1.0986122886681098
38,management,married,tertiary,no,165,yes,no,cellular,17,apr,1,260,2,other,yes,1,0.6931471805599453,1.0986122886681098
28,management,single,secondary,no,967,yes,no,cellular,20,apr,1,334,1,failure,no,1,0.6931471805599453,0.6931471805599453
27,blue-collar,single,secondary,no,2074,no,yes,cellular,25,jul,2,-1,0,no_previous_contact,no,0,1.0986122886681098,0.0
35,technician,single,tertiary,no,485,yes,no,unknown,29,may,5,-1,0,no_previous_contact,no,0,1.791759469228055,0.0
56,blue-collar,married,secondary,no,-382,yes,no,unknown,15,may,4,-1,0,no_previous_contact,no,0,1.6094379124341003,0.0
54,management,married,tertiary,no,656,yes,yes,cellular,27,aug,6,-1,0,no_previous_contact,no,0,1.9459101490553132,0.0
52,blue-collar,single,primary,no,2024,yes,no,unknown,14,may,1,-1,0,no_previous_contact,no,0,0.6931471805599453,0.0
36,management,single,tertiary,no,609,no,no,cellular,18,aug,2,-1,0,no_previous_contact,no,0,1.0986122886681098,0.0
29,blue-collar,married,primary,no,25,yes,no,unknown,4,jun,2,-1,0,no_previous_contact,no,0,1.0986122886681098,0.0
57,admin.,divorced,primary,no,207,yes,no,cellular,16,apr,1,317,4,failure,no,1,0.6931471805599453,1.6094379124341003
56,blue-collar,married,unknown,no,3197,no,no,cellular,25,aug,13,-1,0,no_previous_contact,no,0,2.6390573296152584,0.0
42,management,married,secondary,no,580,no,no,cellular,22,aug,2,-1,0,no_previous_contact,no,0,1.0986122886681098,0.0
35,management,single,secondary,no,5260,yes,no,unknown,20,may,2,-1,0,no_previous_contact,no,0,1.0986122886681098,0.0
44,unemployed,married,unknown,no,1309,no,no,telephone,30,jan,2,-1,0,no_previous_contact,no,0,1.0986122886681098,0.0
50,blue-collar,married,unknown,no,1389,yes,no,unknown,19,jun,3,-1,0,no_previous_contact,no,0,1.3862943611198906,0.0
28,admin.,single,secondary,no,7,yes,no,cellular,15,may,1,-1,0,no_previous_contact,no,0,0.6931471805599453,0.0
36,management,single,tertiary,no,181,yes,no,cellular,13,may,2,278,4,failure,no,1,1.0986122886681098,1.6094379124341003
31,blue-collar,single,secondary,no,-173,yes,no,unknown,4,jun,2,-1,0,no_previous_contact,no,0,1.0986122886681098,0.0
40,services,divorced,primary,no,4,yes,no,cellular,7,may,2,-1,0,no_previous_contact,no,0,1.0986122886681098,0.0
35,blue-collar,divorced,secondary,no,286,yes,no,cellular,15,may,1,365,4,other,no,1,0.6931471805599453,1.6094379124341003
34,technician,married,secondary,no,-259,yes,no,unknown,27,may,2,-1,0,no_previous_contact,no,0,1.0986122886681098,0.0
42,technician,divorced,secondary,no,37,no,no,cellular,28,aug,16,-1,0,no_previous_contact,no,0,2.833213344056216,0.0
47,services,divorced,secondary,no,743,yes,yes,unknown,13,may,1,-1,0,no_previous_contact,no,0,0.6931471805599453,0.0
33,blue-collar,married,secondary,no,2645,yes,yes,unknown,6,jun,4,-1,0,no_previous_contact,no,0,1.6094379124341003,0.0
42,admin.,married,secondary,no,-465,no,yes,cellular,23,jul,1,-1,0,no_previous_contact,no,0,0.6931471805599453,0.0
45,admin.,divorced,secondary,no,2353,yes,no,cellular,18,may,7,74,3,success,no,1,2.0794415416798357,1.3862943611198906
51,technician,divorced,primary,no,300,no,yes,cellular,5,feb,6,-1,0,no_previous_contact,no,0,1.9459101490553132,0.0
52,management,divorced,tertiary,no,-723,yes,yes,cellular,18,nov,1,-1,0,no_previous_contact,no,0,0.6931471805599453,0.0
36,admin.,single,secondary,no,733,yes,no,cellular,20,apr,1,322,2,other,no,1,0.6931471805599453,1.0986122886681098
48,technician,single,secondary,no,-347,no,yes,cellular,7,aug,2,-1,0,no_previous_contact,no,0,1.0986122886681098,0.0
41,admin.,single,secondary,no,0,yes,yes,cellular,7,jul,1,-1,0,no_previous_contact,no,0,0.6931471805599453,0.0
38,blue-collar,married,primary,no,5839,yes,no,unknown,4,jun,2,-1,0,no_previous_contact,yes,0,1.0986122886681098,0.0
50,retired,divorced,primary,no,2790,no,no,cellular,21,jul,2,-1,0,no_previous_contact,no,0,1.0986122886681098,0.0
28,services,single,secondary,no,1820,yes,no,cellular,5,feb,2,203,1,success,no,1,1.0986122886681098,0.6931471805599453
33,technician,married,secondary,no,4,yes,yes,unknown,18,jun,2,-1,0,no_previous_contact,yes,0,1.0986122886681098,0.0
57,management,married,tertiary,no,1963,no,yes,cellular,8,aug,3,-1,0,no_previous_contact,no,0,1.3862943611198906,0.0
40,entrepreneur,married,tertiary,no,121,yes,no,cellular,22,jul,1,-1,0,no_previous_contact,no,0,0.6931471805599453,0.0
37,blue-collar,single,secondary,no,1672,yes,no,cellular,11,jul,1,-1,0,no_previous_contact,no,0,0.6931471805599453,0.0
45,management,married,unknown,no,9051,yes,no,unknown,19,may,63,-1,0,no_previous_contact,no,0,4.1588830833596715,0.0
44,blue-collar,single,secondary,no,712,yes,yes,cellular,6,apr,3,-1,0,no_previous_contact,yes,0,1.3862943611198906,0.0
34,services,divorced,secondary,no,27,yes,no,cellular,6,may,1,-1,0,no_previous_contact,no,0,0.6931471805599453,0.0
35,admin.,divorced,secondary,no,356,yes,no,unknown,29,may,1,-1,0,no_previous_contact,no,0,0.6931471805599453,0.0
34,technician,single,secondary,no,1174,no,no,cellular,25,aug,17,-1,0,no_previous_contact,no,0,2.8903717578961645,0.0
43,blue-collar,married,primary,no,3664,no,no,telephone,29,jul,1,-1,0,no_previous_contact,no,0,0.6931471805599453,0.0
27,student,single,tertiary,no,24,yes,no,cellular,2,feb,2,-1,0,no_previous_contact,no,0,1.0986122886681098,0.0
34,admin.,married,tertiary,no,0,no,no,cellular,30,jul,1,183,2,success,yes,1,0.6931471805599453,1.0986122886681098
55,blue-collar,married,primary,no,1373,no,no,unknown,9,may,2,-1,0,no_previous_contact,no,0,1.0986122886681098,0.0
30,technician,single,secondary,no,167,no,no,cellular,28,aug,14,-1,0,no_previous_contact,no,0,2.70805020110221,0.0
43,housemaid,divorced,tertiary,no,42,yes,no,cellular,19,aug,2,-1,0,no_previous_contact,no,0,1.0986122886681098,0.0
36,blue-collar,single,secondary,no,1392,yes,no,unknown,15,may,2,-1,0,no_previous_contact,no,0,1.0986122886681098,0.0
53,entrepreneur,married,secondary,no,288,no,no,unknown,6,may,1,-1,0,no_previous_contact,no,0,0.6931471805599453,0.0
26,blue-collar,married,secondary,no,697,yes,no,cellular,18,may,2,-1,0,no_previous_contact,no,0,1.0986122886681098,0.0
40,services,married,secondary,no,939,yes,no,cellular,22,jul,3,-1,0,no_previous_contact,no,0,1.3862943611198906,0.0
41,blue-collar,divorced,secondary,no,-274,yes,no,cellular,8,may,1,-1,0,no_previous_contact,no,0,0.6931471805599453,0.0
37,blue-collar,married,secondary,no,1736,no,yes,unknown,18,jun,1,-1,0,no_previous_contact,no,0,0.6931471805599453,0.0
35,services,married,secondary,no,-315,yes,no,cellular,11,may,2,368,2,failure,no,1,1.0986122886681098,1.0986122886681098
34,self-employed,single,tertiary,no,90,no,no,cellular,2,jun,1,-1,0,no_previous_contact,no,0,0.6931471805599453,0.0
31,technician,married,unknown,no,14533,no,no,cellular,16,jun,2,-1,0,no_previous_contact,yes,0,1.0986122886681098,0.0
59,blue-collar,married,primary,no,3587,no,yes,unknown,5,jun,2,-1,0,no_previous_contact,no,0,1.0986122886681098,0.0
39,blue-collar,single,primary,no,-100,yes,no,cellular,14,may,1,358,2,failure,no,1,0.6931471805599453,1.0986122886681098
40,services,married,secondary,no,193,yes,yes,cellular,7,jul,1,-1,0,no_previous_contact,no,0,0.6931471805599453,0.0
39,management,married,tertiary,no,0,yes,no,unknown,29,may,2,-1,0,no_previous_contact,no,0,1.0986122886681098,0.0
42,management,divorced,tertiary,no,1116,yes,no,unknown,19,may,6,-1,0,no_previous_contact,no,0,1.9459101490553132,0.0
31,technician,married,tertiary,no,0,no,no,cellular,29,aug,2,-1,0,no_previous_contact,no,0,1.0986122886681098,0.0
43,housemaid,married,primary,no,94,no,no,cellular,23,jul,9,-1,0,no_previous_contact,no,0,2.302585092994046,0.0
37,management,married,tertiary,no,489,yes,no,cellular,3,apr,2,133,6,failure,no,1,1.0986122886681098,1.9459101490553132
45,blue-collar,married,secondary,no,2644,yes,no,cellular,21,nov,2,-1,0,no_previous_contact,no,0,1.0986122886681098,0.0
36,management,married,tertiary,no,4,no,yes,cellular,29,jul,6,-1,0,no_previous_contact,no,0,1.9459101490553132,0.0
41,blue-collar,married,secondary,no,196,yes,no,unknown,13,may,1,-1,0,no_previous_contact,no,0,0.6931471805599453,0.0
52,management,married,tertiary,no,0,no,no,cellular,22,aug,2,-1,0,no_previous_contact,no,0,1.0986122886681098,0.0
58,retired,married,secondary,yes,-146,no,yes,cellular,28,aug,8,-1,0,no_previous_contact,no,0,2.1972245773362196,0.0
36,services,married,secondary,no,84,no,no,cellular,27,aug,3,-1,0,no_previous_contact,no,0,1.3862943611198906,0.0
34,blue-collar,married,primary,no,176,no,no,cellular,24,jul,1,-1,0,no_previous_contact,no,0,0.6931471805599453,0.0
29,admin.,married,secondary,no,6429,yes,yes,cellular,14,may,1,352,2,failure,no,1,0.6931471805599453,1.0986122886681098
31,blue-collar,married,primary,no,206,yes,no,unknown,23,may,1,-1,0,no_previous_contact,no,0,0.6931471805599453,0.0
27,student,single,unknown,no,468,no,no,cellular,4,feb,2,-1,0,no_previous_contact,no,0,1.0986122886681098,0.0
29,blue-collar,single,secondary,no,2553,yes,no,cellular,16,apr,1,-1,0,no_previous_contact,no,0,0.6931471805599453,0.0
38,management,married,tertiary,no,5432,yes,yes,cellular,17,apr,1,149,2,failure,no,1,0.6931471805599453,1.0986122886681098
44,entrepreneur,married,secondary,no,168,no,no,unknown,19,jun,2,-1,0,no_previous_contact,no,0,1.0986122886681098,0.0
47,management,divorced,tertiary,no,2515,no,no,unknown,20,jun,3,-1,0,no_previous_contact,no,0,1.3862943611198906,0.0
41,admin.,single,secondary,no,100,yes,no,telephone,24,jul,2,-1,0,no_previous_contact,no,0,1.0986122886681098,0.0
35,self-employed,single,tertiary,no,44,no,no,cellular,7,sep,2,96,2,other,no,1,1.0986122886681098,1.0986122886681098
37,management,married,tertiary,no,8821,yes,no,cellular,14,may,1,-1,0,no_previous_contact,no,0,0.6931471805599453,0.0
27,technician,single,tertiary,no,931,yes,no,cellular,4,feb,1,-1,0,no_previous_contact,yes,0,0.6931471805599453,0.0
45,unemployed,married,tertiary,no,1148,no,no,cellular,19,nov,2,-1,0,no_previous_contact,no,0,1.0986122886681098,0.0
60,housemaid,married,secondary,no,0,no,no,telephone,3,aug,2,181,5,failure,yes,1,1.0986122886681098,1.791759469228055
32,blue-collar,married,secondary,no,822,yes,no,cellular,14,may,8,366,6,failure,no,1,2.1972245773362196,1.9459101490553132
37,admin.,married,tertiary,no,2693,yes,no,cellular,8,apr,1,-1,0,no_previous_contact,no,0,0.6931471805599453,0.0
32,services,single,unknown,no,2378,no,no,cellular,17,nov,2,-1,0,no_previous_contact,yes,0,1.0986122886681098,0.0
52,services,married,secondary,no,497,yes,no,telephone,15,jul,5,-1,0,no_previous_contact,no,0,1.791759469228055,0.0
72,retired,married,secondary,no,4130,no,no,cellular,12,nov,1,-1,0,no_previous_contact,no,0,0.6931471805599453,0.0
31,management,single,tertiary,no,38279,no,no,cellular,16,jul,2,-1,0,no_previous_contact,no,0,1.0986122886681098,0.0
30,blue-collar,married,secondary,no,450,no,no,unknown,6,may,2,-1,0,no_previous_contact,no,0,1.0986122886681098,0.0
59,management,married,secondary,no,966,no,no,telephone,21,jul,4,-1,0,no_previous_contact,no,0,1.6094379124341003,0.0
29,management,married,secondary,no,-420,yes,no,cellular,2,feb,3,-1,0,no_previous_contact,no,0,1.3862943611198906,0.0
36,management,married,tertiary,no,2813,yes,no,cellular,7,aug,3,-1,0,no_previous_contact,no,0,1.3862943611198906,0.0
40,self-employed,married,tertiary,no,1126,yes,no,unknown,16,may,4,-1,0,no_previous_contact,no,0,1.6094379124341003,0.0
36,management,single,tertiary,no,1283,no,no,cellular,18,aug,5,-1,0,no_previous_contact,no,0,1.791759469228055,0.0
31,blue-collar,married,secondary,no,150,yes,no,telephone,14,may,2,-1,0,no_previous_contact,no,0,1.0986122886681098,0.0
32,blue-collar,divorced,secondary,no,-289,yes,no,unknown,12,jun,2,-1,0,no_previous_contact,no,0,1.0986122886681098,0.0
48,management,married,secondary,no,286,no,no,cellular,12,aug,1,-1,0,no_previous_contact,no,0,0.6931471805599453,0.0
39,technician,single,secondary,no,316,no,no,cellular,8,aug,1,-1,0,no_previous_contact,no,0,0.6931471805599453,0.0
52,admin.,single,secondary,no,726,yes,no,cellular,24,may,1,378,9,failure,yes,1,0.6931471805599453,2.302585092994046
43,retired,married,secondary,no,860,no,no,telephone,30,oct,1,-1,0,no_previous_contact,yes,0,0.6931471805599453,0.0
33,blue-collar,married,primary,no,410,yes,no,cellular,13,may,2,355,2,failure,no,1,1.0986122886681098,1.0986122886681098
32,admin.,married,secondary,no,35,no,no,cellular,17,dec,3,126,3,success,yes,1,1.3862943611198906,1.3862943611198906
56,self-employed,married,tertiary,no,349,yes,no,telephone,4,may,4,-1,0,no_previous_contact,no,0,1.6094379124341003,0.0
43,technician,married,tertiary,no,1796,no,no,cellular,28,jan,2,-1,0,no_previous_contact,no,0,1.0986122886681098,0.0
62,housemaid,married,tertiary,no,1528,no,no,cellular,15,oct,2,184,1,success,yes,1,1.0986122886681098,0.6931471805599453
31,blue-collar,married,secondary,no,1787,yes,no,unknown,20,may,4,-1,0,no_previous_contact,no,0,1.6094379124341003,0.0
60,retired,married,primary,no,1720,no,no,telephone,6,aug,5,-1,0,no_previous_contact,no,0,1.791759469228055,0.0
27,blue-collar,married,secondary,no,379,yes,yes,unknown,6,jun,4,-1,0,no_previous_contact,no,0,1.6094379124341003,0.0
32,technician,single,secondary,no,6471,yes,yes,unknown,26,may,4,-1,0,no_previous_contact,no,0,1.6094379124341003,0.0
36,entrepreneur,married,secondary,no,0,yes,no,cellular,29,jan,3,-1,0,no_previous_contact,no,0,1.3862943611198906,0.0
25,services,single,secondary,no,5,no,yes,cellular,30,jul,6,-1,0,no_previous_contact,no,0,1.9459101490553132,0.0
51,management,divorced,tertiary,no,318,yes,no,cellular,6,may,2,355,2,failure,no,1,1.0986122886681098,1.0986122886681098
36,services,married,secondary,no,0,yes,no,cellular,18,nov,2,-1,0,no_previous_contact,no,0,1.0986122886681098,0.0
39,technician,single,secondary,no,0,no,no,cellular,25,aug,9,-1,0,no_previous_contact,no,0,2.302585092994046,0.0
48,technician,married,secondary,no,454,yes,no,cellular,10,jul,1,-1,0,no_previous_contact,no,0,0.6931471805599453,0.0
60,technician,single,secondary,no,12,no,no,cellular,24,jul,1,-1,0,no_previous_contact,no,0,0.6931471805599453,0.0
49,management,divorced,tertiary,no,557,yes,no,cellular,29,jan,1,223,5,failure,no,1,0.6931471805599453,1.791759469228055
47,management,married,tertiary,no,434,no,no,cellular,12,aug,4,-1,0,no_previous_contact,no,0,1.6094379124341003,0.0
25,technician,married,secondary,no,517,no,no,cellular,28,may,3,-1,0,no_previous_contact,no,0,1.3862943611198906,0.0
46,technician,married,secondary,no,1167,yes,no,cellular,21,nov,2,-1,0,no_previous_contact,yes,0,1.0986122886681098,0.0
37,management,single,secondary,no,34,yes,no,unknown,29,may,1,-1,0,no_previous_contact,no,0,0.6931471805599453,0.0
57,technician,married,unknown,no,1617,yes,no,unknown,7,may,2,-1,0,no_previous_contact,no,0,1.0986122886681098,0.0
57,technician,married,tertiary,no,1103,no,no,cellular,4,may,2,-1,0,no_previous_contact,no,0,1.0986122886681098,0.0
36,admin.,divorced,secondary,no,48,no,no,cellular,11,jul,10,-1,0,no_previous_contact,no,0,2.3978952727983707,0.0
58,unemployed,married,secondary,no,0,no,no,unknown,3,jul,1,-1,0,no_previous_contact,no,0,0.6931471805599453,0.0
53,services,married,secondary,no,367,yes,yes,cellular,29,jan,1,261,2,failure,no,1,0.6931471805599453,1.0986122886681098
56,housemaid,married,primary,no,58,no,yes,cellular,7,jul,6,-1,0,no_previous_contact,no,0,1.9459101490553132,0.0
41,blue-collar,married,primary,no,512,yes,no,unknown,6,may,2,-1,0,no_previous_contact,no,0,1.0986122886681098,0.0
40,services,married,secondary,no,56,yes,no,cellular,12,may,3,-1,0,no_previous_contact,no,0,1.3862943611198906,0.0
33,admin.,married,secondary,no,0,no,no,unknown,19,may,2,-1,0,no_previous_contact,no,0,1.0986122886681098,0.0
33,technician,divorced,tertiary,no,839,yes,no,unknown,28,may,3,-1,0,no_previous_contact,no,0,1.3862943611198906,0.0
34,self-employed,married,tertiary,no,2427,no,no,telephone,11,aug,3,70,3,failure,no,1,1.3862943611198906,1.3862943611198906
29,blue-collar,married,secondary,no,201,yes,no,unknown,28,may,2,-1,0,no_previous_contact,no,0,1.0986122886681098,0.0
31,technician,divorced,secondary,no,105,yes,no,cellular,16,jul,1,-1,0,no_previous_contact,no,0,0.6931471805599453,0.0
33,blue-collar,single,secondary,no,-14,yes,no,cellular,14,may,2,-1,0,no_previous_contact,no,0,1.0986122886681098,0.0
43,services,married,primary,no,-88,yes,yes,cellular,17,apr,1,147,2,failure,no,1,0.6931471805599453,1.0986122886681098
31,admin.,single,secondary,no,482,yes,no,cellular,18,nov,1,-1,0,no_previous_contact,no,0,0.6931471805599453,0.0
29,management,married,tertiary,no,266,yes,no,cellular,29,jan,2,-1,0,no_previous_contact,no,0,1.0986122886681098,0.0
51,admin.,married,secondary,no,-287,yes,no,cellular,12,may,1,-1,0,no_previous_contact,no,0,0.6931471805599453,0.0
31,services,married,secondary,no,1422,no,no,cellular,30,apr,1,-1,0,no_previous_contact,no,0,0.6931471805599453,0.0
36,management,divorced,tertiary,no,210,yes,no,telephone,21,nov,1,127,2,failure,no,1,0.6931471805599453,1.0986122886681098
46,admin.,divorced,secondary,no,0,yes,no,cellular,2,feb,1,-1,0,no_previous_contact,no,0,0.6931471805599453,0.0
31,admin.,single,secondary,no,2398,yes,no,unknown,2,jun,13,-1,0,no_previous_contact,no,0,2.6390573296152584,0.0
52,management,married,secondary,no,2216,yes,yes,cellular,14,may,1,332,8,failure,no,1,0.6931471805599453,2.1972245773362196
37,housemaid,divorced,secondary,no,226,no,yes,cellular,19,nov,2,167,3,other,no,1,1.0986122886681098,1.3862943611198906
35,blue-collar,married,secondary,no,306,no,no,unknown,20,jun,8,-1,0,no_previous_contact,no,0,2.1972245773362196,0.0
44,blue-collar,married,primary,no,362,yes,no,cellular,15,may,1,-1,0,no_previous_contact,no,0,0.6931471805599453,0.0
27,blue-collar,single,secondary,no,48,no,no,cellular,10,jul,6,-1,0,no_previous_contact,no,0,1.9459101490553132,0.0
26,services,single,secondary,no,46,yes,no,cellular,15,may,3,351,6,other,no,1,1.3862943611198906,1.9459101490553132
26,management,single,tertiary,no,2725,no,no,cellular,28,jan,1,-1,0,no_previous_contact,no,0,0.6931471805599453,0.0
57,admin.,divorced,secondary,no,1878,yes,no,cellular,17,nov,1,-1,0,no_previous_contact,no,0,0.6931471805599453,0.0
31,technician,single,secondary,no,1222,yes,no,cellular,20,apr,3,-1,0,no_previous_contact,no,0,1.3862943611198906,0.0
48,admin.,married,secondary,no,1800,yes,no,unknown,18,jun,1,-1,0,no_previous_contact,no,0,0.6931471805599453,0.0
26,student,single,tertiary,no,1804,no,no,cellular,6,apr,2,-1,0,no_previous_contact,no,0,1.0986122886681098,0.0
57,management,married,tertiary,no,2681,no,no,cellular,11,mar,2,-1,0,no_previous_contact,yes,0,1.0986122886681098,0.0
35,management,divorced,tertiary,no,36,yes,no,unknown,13,may,6,-1,0,no_previous_contact,no,0,1.9459101490553132,0.0
30,unemployed,divorced,secondary,no,1144,yes,no,unknown,6,may,1,-1,0,no_previous_contact,no,0,0.6931471805599453,0.0
37,blue-collar,single,secondary,no,2580,yes,no,cellular,18,jul,3,-1,0,no_previous_contact,no,0,1.3862943611198906,0.0
38,self-employed,married,secondary,no,581,yes,no,cellular,4,feb,5,-1,0,no_previous_contact,no,0,1.791759469228055,0.0
41,blue-collar,married,primary,no,96,yes,yes,cellular,17,apr,3,-1,0,no_previous_contact,no,0,1.3862943611198906,0.0
26,admin.,single,secondary,no,3529,no,yes,cellular,7,sep,2,-1,0,no_previous_contact,no,0,1.0986122886681098,0.0
34,management,married,tertiary,no,363,no,no,unknown,21,may,5,-1,0,no_previous_contact,no,0,1.791759469228055,0.0
38,technician,married,secondary,no,6,yes,no,unknown,26,may,4,-1,0,no_previous_contact,no,0,1.6094379124341003,0.0
54,housemaid,divorced,secondary,yes,34,no,no,cellular,21,jul,3,-1,0,no_previous_contact,no,0,1.3862943611198906,0.0
58,blue-collar,married,primary,no,99,yes,no,unknown,20,may,3,-1,0,no_previous_contact,no,0,1.3862943611198906,0.0
34,admin.,single,secondary,no,1504,yes,no,unknown,12,may,3,-1,0,no_previous_contact,no,0,1.3862943611198906,0.0
43,housemaid,married,secondary,no,-177,yes,no,unknown,21,may,2,-1,0,no_previous_contact,no,0,1.0986122886681098,0.0
44,self-employed,married,tertiary,no,8402,yes,no,cellular,18,aug,5,-1,0,no_previous_contact,no,0,1.791759469228055,0.0
31,technician,single,secondary,no,23,yes,no,cellular,14,may,1,370,1,failure,no,1,0.6931471805599453,0.6931471805599453
58,retired,married,secondary,no,5435,yes,no,unknown,6,may,1,-1,0,no_previous_contact,no,0,0.6931471805599453,0.0
54,housemaid,married,secondary,no,736,yes,no,cellular,16,apr,1,331,1,failure,no,1,0.6931471805599453,0.6931471805599453
34,blue-collar,single,secondary,yes,-115,yes,no,unknown,14,may,1,-1,0,no_previous_contact,no,0,0.6931471805599453,0.0
36,entrepreneur,single,secondary,no,67,no,no,cellular,7,aug,2,-1,0,no_previous_contact,no,0,1.0986122886681098,0.0
36,admin.,single,secondary,no,0,yes,yes,cellular,21,nov,1,189,1,failure,no,1,0.6931471805599453,0.6931471805599453
44,blue-collar,single,primary,no,1593,yes,no,unknown,29,may,3,-1,0,no_previous_contact,yes,0,1.3862943611198906,0.0
50,technician,married,secondary,no,503,yes,no,cellular,24,jul,2,-1,0,no_previous_contact,no,0,1.0986122886681098,0.0
59,retired,single,secondary,yes,-341,no,yes,cellular,14,jul,3,-1,0,no_previous_contact,no,0,1.3862943611198906,0.0
43,blue-collar,married,secondary,no,704,yes,no,telephone,11,may,2,306,1,failure,no,1,1.0986122886681098,0.6931471805599453
62,services,married,primary,no,276,no,no,cellular,14,oct,2,-1,0,no_previous_contact,no,0,1.0986122886681098,0.0
50,blue-collar,married,secondary,no,825,yes,no,cellular,16,apr,3,273,1,failure,no,1,1.3862943611198906,0.6931471805599453
29,technician,single,secondary,no,468,yes,no,cellular,18,may,1,370,3,failure,no,1,0.6931471805599453,1.3862943611198906
30,services,married,secondary,no,114,no,no,cellular,20,aug,4,-1,0,no_previous_contact,no,0,1.6094379124341003,0.0
44,management,married,tertiary,no,773,no,yes,cellular,9,jul,1,-1,0,no_previous_contact,no,0,0.6931471805599453,0.0
27,management,married,secondary,no,-41,yes,no,unknown,16,may,1,-1,0,no_previous_contact,no,0,0.6931471805599453,0.0
44,blue-collar,married,primary,no,417,yes,no,unknown,2,jun,5,-1,0,no_previous_contact,no,0,1.791759469228055,0.0
40,management,married,tertiary,no,0,yes,no,cellular,28,jul,11,-1,0,no_previous_contact,no,0,2.4849066497880004,0.0
35,self-employed,single,tertiary,no,538,yes,yes,cellular,19,nov,1,195,9,failure,no,1,0.6931471805599453,2.302585092994046
45,technician,married,tertiary,no,115,no,no,cellular,16,dec,1,194,1,other,no,1,0.6931471805599453,0.6931471805599453
31,technician,single,secondary,no,2377,yes,no,cellular,11,may,3,-1,0,no_previous_contact,no,0,1.3862943611198906,0.0
35,entrepreneur,married,tertiary,no,280,yes,no,unknown,21,may,1,-1,0,no_previous_contact,no,0,0.6931471805599453,0.0
55,technician,married,secondary,no,10185,no,no,cellular,11,aug,1,180,4,success,no,1,0.6931471805599453,1.6094379124341003
36,blue-collar,married,primary,no,272,no,no,unknown,11,jun,2,-1,0,no_previous_contact,no,0,1.0986122886681098,0.0
28,technician,married,secondary,no,880,yes,no,unknown,26,may,1,-1,0,no_previous_contact,no,0,0.6931471805599453,0.0
46,self-employed,married,tertiary,no,-80,yes,no,unknown,12,may,2,-1,0,no_previous_contact,no,0,1.0986122886681098,0.0
32,blue-collar,married,secondary,no,2526,yes,no,unknown,20,jun,8,-1,0,no_previous_contact,no,0,2.1972245773362196,0.0
39,technician,single,secondary,no,201,no,yes,unknown,6,jun,4,-1,0,no_previous_contact,no,0,1.6094379124341003,0.0
27,blue-collar,single,primary,no,1,no,no,cellular,3,feb,6,-1,0,no_previous_contact,no,0,1.9459101490553132,0.0
45,management,married,secondary,no,458,yes,no,cellular,8,may,3,-1,0,no_previous_contact,no,0,1.3862943611198906,0.0
36,technician,divorced,tertiary,no,1174,yes,no,cellular,18,nov,2,-1,0,no_previous_contact,no,0,1.0986122886681098,0.0
45,technician,single,tertiary,no,0,yes,no,cellular,18,nov,2,-1,0,no_previous_contact,no,0,1.0986122886681098,0.0
33,blue-collar,married,secondary,no,-416,yes,no,unknown,29,may,2,-1,0,no_previous_contact,no,0,1.0986122886681098,0.0
32,technician,married,tertiary,no,0,yes,no,cellular,2,jun,1,-1,0,no_previous_contact,no,0,0.6931471805599453,0.0
33,management,single,tertiary,no,3623,no,no,cellular,14,aug,2,-1,0,no_previous_contact,no,0,1.0986122886681098,0.0
36,blue-collar,married,unknown,no,722,yes,no,cellular,18,nov,1,182,2,failure,no,1,0.6931471805599453,1.0986122886681098
45,entrepreneur,married,tertiary,no,98,no,no,cellular,1,jun,2,-1,0,no_previous_contact,no,0,1.0986122886681098,0.0
37,management,married,tertiary,no,-113,yes,no,unknown,29,may,3,-1,0,no_previous_contact,no,0,1.3862943611198906,0.0
30,management,married,tertiary,no,942,no,no,cellular,2,jun,2,-1,0,no_previous_contact,no,0,1.0986122886681098,0.0
33,services,divorced,secondary,no,327,yes,no,unknown,7,may,1,-1,0,no_previous_contact,no,0,0.6931471805599453,0.0
47,self-employed,married,tertiary,no,-80,yes,no,cellular,6,feb,3,270,2,failure,no,1,1.3862943611198906,1.0986122886681098
35,blue-collar,divorced,secondary,no,105,yes,yes,unknown,28,may,1,-1,0,no_previous_contact,no,0,0.6931471805599453,0.0
27,admin.,married,secondary,no,31,yes,yes,cellular,28,jul,2,-1,0,no_previous_contact,no,0,1.0986122886681098,0.0
50,blue-collar,married,secondary,no,1985,yes,no,unknown,2,jun,2,-1,0,no_previous_contact,no,0,1.0986122886681098,0.0
69,retired,married,secondary,no,21446,no,no,telephone,15,apr,2,-1,0,no_previous_contact,no,0,1.0986122886681098,0.0
58,admin.,married,secondary,no,4348,yes,no,cellular,23,jun,4,141,1,other,yes,1,1.6094379124341003,0.6931471805599453
37,management,married,tertiary,no,578,yes,no,cellular,8,aug,4,-1,0,no_previous_contact,no,0,1.6094379124341003,0.0
55,management,married,secondary,no,566,yes,no,cellular,17,apr,1,-1,0,no_previous_contact,no,0,0.6931471805599453,0.0
47,unemployed,divorced,secondary,no,947,no,no,cellular,5,feb,2,-1,0,no_previous_contact,no,0,1.0986122886681098,0.0
30,technician,married,unknown,yes,-315,yes,no,unknown,8,may,2,-1,0,no_previous_contact,no,0,1.0986122886681098,0.0
50,self-employed,single,secondary,no,766,yes,no,cellular,7,may,2,304,4,failure,no,1,1.0986122886681098,1.6094379124341003
30,blue-collar,single,unknown,no,0,yes,no,unknown,19,may,1,-1,0,no_previous_contact,no,0,0.6931471805599453,0.0
25,management,single,tertiary,no,145,no,no,cellular,7,aug,1,-1,0,no_previous_contact,no,0,0.6931471805599453,0.0
35,services,married,unknown,no,2,no,no,unknown,16,jun,1,-1,0,no_previous_contact,no,0,0.6931471805599453,0.0
36,technician,married,unknown,no,88,yes,yes,unknown,4,jul,2,-1,0,no_previous_contact,no,0,1.0986122886681098,0.0
31,self-employed,single,secondary,no,0,no,yes,telephone,6,feb,6,-1,0,no_previous_contact,no,0,1.9459101490553132,0.0
51,unemployed,divorced,secondary,no,-56,yes,no,cellular,19,nov,3,-1,0,no_previous_contact,no,0,1.3862943611198906,0.0
25,blue-collar,married,secondary,no,77,yes,no,unknown,19,may,1,-1,0,no_previous_contact,no,0,0.6931471805599453,0.0
55,technician,married,secondary,no,726,yes,no,unknown,16,may,1,-1,0,no_previous_contact,no,0,0.6931471805599453,0.0
23,blue-collar,single,secondary,no,5145,yes,no,unknown,30,may,3,-1,0,no_previous_contact,no,0,1.3862943611198906,0.0
32,self-employed,married,secondary,no,329,yes,no,telephone,15,may,4,-1,0,no_previous_contact,no,0,1.6094379124341003,0.0
30,services,single,secondary,no,187,yes,no,unknown,23,may,1,-1,0,no_previous_contact,no,0,0.6931471805599453,0.0
39,blue-collar,married,unknown,no,295,yes,no,cellular,3,feb,1,-1,0,no_previous_contact,no,0,0.6931471805599453,0.0
29,services,single,unknown,no,-70,yes,yes,cellular,12,may,1,356,1,failure,no,1,0.6931471805599453,0.6931471805599453
31,blue-collar,married,secondary,no,33,no,no,unknown,4,jul,2,-1,0,no_previous_contact,no,0,1.0986122886681098,0.0
47,blue-collar,married,unknown,no,170,yes,no,cellular,12,may,1,-1,0,no_previous_contact,no,0,0.6931471805599453,0.0
42,management,married,tertiary,no,4617,yes,no,cellular,31,jul,2,-1,0,no_previous_contact,no,0,1.0986122886681098,0.0
35,management,married,tertiary,no,362,no,no,cellular,12,aug,8,-1,0,no_previous_contact,no,0,2.1972245773362196,0.0
53,technician,married,tertiary,no,2557,no,no,cellular,29,jul,4,182,7,success,no,1,1.6094379124341003,2.0794415416798357
67,retired,married,primary,no,2391,no,no,cellular,28,jun,6,186,10,other,yes,1,1.9459101490553132,2.3978952727983707
34,blue-collar,married,secondary,no,175,yes,no,cellular,14,may,2,364,2,failure,no,1,1.0986122886681098,1.0986122886681098
75,retired,married,secondary,no,3771,no,no,telephone,15,apr,1,181,2,success,yes,1,0.6931471805599453,1.0986122886681098
28,technician,single,secondary,no,390,no,yes,cellular,23,jul,2,-1,0,no_previous_contact,no,0,1.0986122886681098,0.0
27,management,single,tertiary,no,497,no,no,cellular,5,feb,1,-1,0,no_previous_contact,no,0,0.6931471805599453,0.0
28,services,single,secondary,no,217,yes,no,cellular,9,feb,3,-1,0,no_previous_contact,no,0,1.3862943611198906,0.0
43,management,married,tertiary,no,79,no,no,cellular,26,may,1,-1,0,no_previous_contact,yes,0,0.6931471805599453,0.0
83,retired,married,tertiary,no,6236,no,no,cellular,12,oct,1,62,3,failure,no,1,0.6931471805599453,1.3862943611198906
46,technician,married,secondary,no,-337,yes,no,unknown,27,may,1,-1,0,no_previous_contact,no,0,0.6931471805599453,0.0
31,admin.,single,secondary,no,98,yes,no,unknown,5,may,2,-1,0,no_previous_contact,no,0,1.0986122886681098,0.0
37,admin.,married,secondary,no,0,yes,no,unknown,20,jun,6,-1,0,no_previous_contact,no,0,1.9459101490553132,0.0
79,retired,married,secondary,no,2354,no,no,telephone,7,aug,2,-1,0,no_previous_contact,no,0,1.0986122886681098,0.0
39,self-employed,married,secondary,no,81,no,yes,cellular,23,jul,1,-1,0,no_previous_contact,no,0,0.6931471805599453,0.0
49,technician,divorced,tertiary,no,917,no,no,cellular,11,aug,6,-1,0,no_previous_contact,no,0,1.9459101490553132,0.0
53,management,married,tertiary,no,1624,no,no,cellular,11,nov,3,97,7,success,yes,1,1.3862943611198906,2.0794415416798357
30,self-employed,married,tertiary,no,543,yes,yes,unknown,4,jun,6,-1,0,no_previous_contact,yes,0,1.9459101490553132,0.0
36,management,married,tertiary,no,64,no,no,cellular,16,jul,1,-1,0,no_previous_contact,no,0,0.6931471805599453,0.0
59,management,single,tertiary,no,7668,no,no,cellular,5,aug,1,-1,0,no_previous_contact,no,0,0.6931471805599453,0.0
31,technician,single,unknown,no,365,no,no,unknown,4,jul,1,-1,0,no_previous_contact,no,0,0.6931471805599453,0.0
34,housemaid,married,primary,no,326,no,no,cellular,8,aug,7,-1,0,no_previous_contact,no,0,2.0794415416798357,0.0
50,management,married,tertiary,no,258,no,no,cellular,12,aug,6,-1,0,no_previous_contact,no,0,1.9459101490553132,0.0
45,blue-collar,married,unknown,no,2056,no,yes,unknown,11,jun,1,-1,0,no_previous_contact,no,0,0.6931471805599453,0.0
39,self-employed,married,secondary,no,1304,yes,yes,cellular,7,may,3,-1,0,no_previous_contact,no,0,1.3862943611198906,0.0
36,blue-collar,married,secondary,no,-147,yes,no,unknown,8,may,1,-1,0,no_previous_contact,no,0,0.6931471805599453,0.0
54,self-employed,married,secondary,no,203,yes,no,telephone,7,jul,8,-1,0,no_previous_contact,no,0,2.1972245773362196,0.0
35,management,married,tertiary,no,16,no,no,cellular,19,nov,1,-1,0,no_previous_contact,no,0,0.6931471805599453,0.0
44,blue-collar,married,secondary,no,0,no,no,cellular,30,jul,2,-1,0,no_previous_contact,yes,0,1.0986122886681098,0.0
35,admin.,married,secondary,no,8652,yes,no,unknown,24,jun,6,-1,0,no_previous_contact,no,0,1.9459101490553132,0.0
35,technician,single,tertiary,no,2453,yes,no,cellular,13,aug,2,-1,0,no_previous_contact,no,0,1.0986122886681098,0.0
29,blue-collar,married,secondary,no,832,yes,no,unknown,16,may,2,-1,0,no_previous_contact,no,0,1.0986122886681098,0.0
29,admin.,divorced,tertiary,yes,0,no,yes,cellular,9,jul,3,-1,0,no_previous_contact,yes,0,1.3862943611198906,0.0
54,admin.,divorced,unknown,no,0,no,no,cellular,14,jul,3,-1,0,no_previous_contact,no,0,1.3862943611198906,0.0
44,blue-collar,married,secondary,no,1087,yes,no,unknown,19,may,2,-1,0,no_previous_contact,no,0,1.0986122886681098,0.0
31,management,married,secondary,no,2019,no,no,unknown,7,may,2,-1,0,no_previous_contact,no,0,1.0986122886681098,0.0
51,blue-collar,married,primary,no,3844,no,no,cellular,15,mar,2,215,1,other,no,1,1.0986122886681098,0.6931471805599453
27,self-employed,single,secondary,no,923,no,no,cellular,5,feb,1,-1,0,no_previous_contact,no,0,0.6931471805599453,0.0
48,technician,married,secondary,no,6376,yes,no,cellular,18,nov,4,-1,0,no_previous_contact,no,0,1.6094379124341003,0.0
61,retired,married,secondary,no,938,no,no,cellular,15,oct,2,92,5,success,no,1,1.0986122886681098,1.791759469228055
56,management,married,tertiary,no,1631,yes,no,cellular,15,jul,3,-1,0,no_previous_contact,no,0,1.3862943611198906,0.0
48,housemaid,single,secondary,no,71,no,no,cellular,28,aug,3,-1,0,no_previous_contact,no,0,1.3862943611198906,0.0
24,services,single,secondary,no,638,yes,yes,cellular,7,may,3,-1,0,no_previous_contact,yes,0,1.3862943611198906,0.0
42,management,married,tertiary,no,0,yes,no,unknown,6,may,3,-1,0,no_previous_contact,no,0,1.3862943611198906,0.0
51,blue-collar,married,secondary,no,328,no,no,unknown,4,jul,1,-1,0,no_previous_contact,no,0,0.6931471805599453,0.0
34,technician,married,secondary,no,0,yes,no,cellular,29,aug,4,-1,0,no_previous_contact,no,0,1.6094379124341003,0.0
57,blue-collar,married,primary,no,52,yes,no,unknown,5,may,1,-1,0,no_previous_contact,no,0,0.6931471805599453,0.0
35,management,married,tertiary,no,2793,no,no,cellular,20,nov,2,-1,0,no_previous_contact,no,0,1.0986122886681098,0.0
57,retired,single,tertiary,no,842,no,no,cellular,13,aug,3,-1,0,no_previous_contact,yes,0,1.3862943611198906,0.0
41,technician,divorced,secondary,no,52,no,no,cellular,20,aug,2,-1,0,no_previous_contact,no,0,1.0986122886681098,0.0
47,technician,divorced,secondary,no,22,no,no,cellular,18,may,6,-1,0,no_previous_contact,no,0,1.9459101490553132,0.0
51,blue-collar,married,primary,no,3185,yes,no,cellular,20,nov,2,-1,0,no_previous_contact,no,0,1.0986122886681098,0.0
53,admin.,married,secondary,no,1228,yes,yes,cellular,8,feb,2,188,1,success,no,1,1.0986122886681098,0.6931471805599453
55,management,divorced,tertiary,no,5399,no,yes,cellular,30,apr,1,28,3,failure,no,1,0.6931471805599453,1.3862943611198906
32,management,married,tertiary,no,440,no,no,cellular,5,aug,3,-1,0,no_previous_contact,no,0,1.3862943611198906,0.0
36,management,divorced,tertiary,no,-978,yes,no,cellular,13,may,3,-1,0,no_previous_contact,no,0,1.3862943611198906,0.0
37,blue-collar,divorced,primary,no,511,yes,no,telephone,11,may,1,-1,0,no_previous_contact,no,0,0.6931471805599453,0.0
43,management,married,secondary,no,-26,yes,no,unknown,16,may,1,-1,0,no_previous_contact,no,0,0.6931471805599453,0.0
33,services,married,secondary,no,847,yes,no,unknown,2,jun,1,-1,0,no_previous_contact,no,0,0.6931471805599453,0.0
40,technician,married,secondary,no,-357,yes,no,cellular,16,jul,4,-1,0,no_previous_contact,yes,0,1.6094379124341003,0.0
34,management,single,tertiary,no,26575,no,no,cellular,18,nov,1,-1,0,no_previous_contact,no,0,0.6931471805599453,0.0
51,admin.,married,secondary,no,684,yes,no,cellular,20,nov,1,-1,0,no_previous_contact,no,0,0.6931471805599453,0.0
55,management,married,tertiary,no,2960,yes,no,cellular,31,aug,1,98,11,other,no,1,0.6931471805599453,2.4849066497880004
60,services,married,primary,no,0,no,no,cellular,27,aug,9,-1,0,no_previous_contact,no,0,2.302585092994046,0.0
36,blue-collar,married,secondary,no,1797,yes,yes,cellular,17,nov,1,181,2,failure,no,1,0.6931471805599453,1.0986122886681098
33,management,married,tertiary,no,4728,no,no,cellular,14,aug,3,-1,0,no_previous_contact,no,0,1.3862943611198906,0.0
56,admin.,divorced,primary,no,0,no,yes,cellular,10,jul,1,-1,0,no_previous_contact,no,0,0.6931471805599453,0.0
43,blue-collar,married,primary,no,61,yes,no,unknown,7,may,1,-1,0,no_previous_contact,no,0,0.6931471805599453,0.0
86,retired,married,primary,no,1255,no,no,cellular,14,oct,2,92,4,success,no,1,1.0986122886681098,1.6094379124341003
32,blue-collar,married,secondary,no,1780,yes,yes,unknown,3,jun,6,-1,0,no_previous_contact,no,0,1.9459101490553132,0.0
43,blue-collar,married,unknown,no,175,no,no,cellular,7,may,1,-1,0,no_previous_contact,no,0,0.6931471805599453,0.0
58,admin.,divorced,secondary,no,0,yes,no,cellular,2,feb,1,229,5,other,no,1,0.6931471805599453,1.791759469228055
56,blue-collar,single,secondary,no,663,no,yes,cellular,8,jul,3,-1,0,no_previous_contact,yes,0,1.3862943611198906,0.0
36,blue-collar,married,secondary,no,406,yes,no,unknown,8,may,3,-1,0,no_previous_contact,no,0,1.3862943611198906,0.0
54,technician,divorced,secondary,no,2868,no,no,cellular,18,nov,1,-1,0,no_previous_contact,no,0,0.6931471805599453,0.0
51,self-employed,married,unknown,no,2094,no,no,cellular,8,jun,6,-1,0,no_previous_contact,yes,0,1.9459101490553132,0.0
49,admin.,married,secondary,no,2116,no,no,cellular,8,aug,3,-1,0,no_previous_contact,no,0,1.3862943611198906,0.0
29,blue-collar,single,secondary,no,322,no,no,unknown,14,jun,1,96,6,other,yes,1,0.6931471805599453,1.9459101490553132
45,technician,married,secondary,no,-149,yes,no,cellular,14,jul,2,-1,0,no_previous_contact,no,0,1.0986122886681098,0.0
36,housemaid,married,secondary,no,205,yes,no,telephone,18,nov,4,-1,0,no_previous_contact,no,0,1.6094379124341003,0.0
42,services,married,primary,no,2567,yes,no,unknown,19,may,2,-1,0,no_previous_contact,no,0,1.0986122886681098,0.0
37,services,divorced,secondary,no,532,yes,no,unknown,11,jun,1,-1,0,no_previous_contact,no,0,0.6931471805599453,0.0
38,technician,married,secondary,no,922,yes,yes,cellular,17,jul,2,-1,0,no_previous_contact,no,0,1.0986122886681098,0.0
32,technician,married,secondary,no,255,no,yes,cellular,25,aug,5,-1,0,no_previous_contact,no,0,1.791759469228055,0.0
40,services,single,secondary,yes,-306,yes,no,unknown,23,may,1,-1,0,no_previous_contact,no,0,0.6931471805599453,0.0
38,technician,single,secondary,no,1255,yes,no,cellular,6,may,1,170,4,failure,no,1,0.6931471805599453,1.6094379124341003
52,blue-collar,married,secondary,no,633,yes,no,cellular,14,may,1,-1,0,no_previous_contact,no,0,0.6931471805599453,0.0
31,management,single,tertiary,no,524,yes,yes,unknown,29,may,2,-1,0,no_previous_contact,no,0,1.0986122886681098,0.0
28,management,single,tertiary,no,187,yes,no,cellular,22,jul,2,-1,0,no_previous_contact,no,0,1.0986122886681098,0.0
43,management,married,tertiary,no,46,no,no,cellular,27,aug,8,-1,0,no_previous_contact,no,0,2.1972245773362196,0.0
34,technician,married,secondary,no,1057,no,yes,cellular,27,aug,10,-1,0,no_previous_contact,no,0,2.3978952727983707,0.0
50,blue-collar,married,secondary,no,326,no,no,cellular,28,aug,9,-1,0,no_previous_contact,no,0,2.302585092994046,0.0
48,technician,married,secondary,no,3069,no,no,cellular,4,aug,2,-1,0,no_previous_contact,no,0,1.0986122886681098,0.0
32,blue-collar,married,primary,no,1,yes,no,cellular,11,may,4,-1,0,no_previous_contact,no,0,1.6094379124341003,0.0
25,admin.,single,secondary,no,1,yes,yes,unknown,12,may,12,-1,0,no_previous_contact,no,0,2.5649493574615367,0.0
36,blue-collar,married,primary,no,287,yes,no,unknown,30,may,3,-1,0,no_previous_contact,no,0,1.3862943611198906,0.0
31,self-employed,single,secondary,no,1086,no,no,cellular,20,nov,1,-1,0,no_previous_contact,no,0,0.6931471805599453,0.0
35,management,divorced,tertiary,no,771,yes,yes,cellular,19,nov,1,93,5,failure,no,1,0.6931471805599453,1.791759469228055
37,management,single,tertiary,no,600,yes,no,cellular,17,nov,2,196,1,failure,no,1,1.0986122886681098,0.6931471805599453
38,management,single,tertiary,no,673,yes,no,unknown,7,may,1,-1,0,no_previous_contact,no,0,0.6931471805599453,0.0
29,services,married,secondary,no,68,no,no,unknown,20,may,3,-1,0,no_previous_contact,no,0,1.3862943611198906,0.0
46,admin.,married,secondary,no,1804,no,no,cellular,11,aug,2,-1,0,no_previous_contact,no,0,1.0986122886681098,0.0
57,entrepreneur,married,tertiary,no,7699,no,yes,cellular,16,jul,1,-1,0,no_previous_contact,no,0,0.6931471805599453,0.0
59,management,single,tertiary,no,911,no,yes,unknown,5,jun,2,-1,0,no_previous_contact,no,0,1.0986122886681098,0.0
51,blue-collar,married,primary,no,201,yes,no,cellular,17,jul,2,-1,0,no_previous_contact,yes,0,1.0986122886681098,0.0
51,services,married,unknown,no,7175,no,no,cellular,28,aug,14,-1,0,no_previous_contact,no,0,2.70805020110221,0.0
54,services,married,secondary,no,-165,no,yes,unknown,3,jul,1,-1,0,no_previous_contact,no,0,0.6931471805599453,0.0
31,technician,single,tertiary,no,645,yes,no,cellular,6,may,6,-1,0,no_previous_contact,no,0,1.9459101490553132,0.0
55,retired,married,secondary,no,1,yes,no,telephone,7,may,2,360,6,other,no,1,1.0986122886681098,1.9459101490553132
56,blue-collar,married,primary,no,246,yes,no,unknown,23,may,1,-1,0,no_previous_contact,no,0,0.6931471805599453,0.0
34,services,married,secondary,no,-85,yes,no,cellular,8,may,4,-1,0,no_previous_contact,no,0,1.6094379124341003,0.0
35,self-employed,divorced,secondary,no,3443,no,no,cellular,30,jul,4,-1,0,no_previous_contact,no,0,1.6094379124341003,0.0
24,student,single,secondary,no,228,no,no,cellular,2,jun,1,-1,0,no_previous_contact,no,0,0.6931471805599453,0.0
33,technician,married,tertiary,no,-258,no,no,cellular,8,jul,1,-1,0,no_previous_contact,no,0,0.6931471805599453,0.0
33,student,single,unknown,no,5969,no,no,cellular,4,sep,2,127,8,failure,no,1,1.0986122886681098,2.1972245773362196
28,blue-collar,single,secondary,no,1112,yes,no,unknown,16,may,2,-1,0,no_previous_contact,no,0,1.0986122886681098,0.0
50,housemaid,married,secondary,no,7317,yes,no,cellular,13,may,1,370,1,failure,no,1,0.6931471805599453,0.6931471805599453
55,entrepreneur,divorced,tertiary,no,1730,no,no,cellular,22,jul,3,-1,0,no_previous_contact,no,0,1.3862943611198906,0.0
33,services,married,secondary,no,387,yes,no,cellular,7,apr,2,138,2,failure,no,1,1.0986122886681098,1.0986122886681098
32,management,married,tertiary,no,4,no,no,cellular,22,aug,4,-1,0,no_previous_contact,no,0,1.6094379124341003,0.0
49,entrepreneur,married,tertiary,no,384,no,no,unknown,11,jun,1,-1,0,no_previous_contact,no,0,0.6931471805599453,0.0
35,management,married,tertiary,no,0,yes,yes,cellular,25,jul,4,-1,0,no_previous_contact,no,0,1.6094379124341003,0.0
37,admin.,married,secondary,no,176,yes,no,cellular,5,may,2,347,1,failure,no,1,1.0986122886681098,0.6931471805599453
37,technician,single,secondary,no,61,yes,no,unknown,19,may,8,-1,0,no_previous_contact,no,0,2.1972245773362196,0.0
54,services,married,tertiary,no,0,no,no,cellular,28,aug,2,-1,0,no_previous_contact,no,0,1.0986122886681098,0.0
36,blue-collar,married,secondary,no,0,no,no,unknown,8,may,2,-1,0,no_previous_contact,no,0,1.0986122886681098,0.0
34,blue-collar,married,primary,no,5299,yes,no,unknown,26,jun,5,-1,0,no_previous_contact,no,0,1.791759469228055,0.0
33,blue-collar,married,primary,no,1209,yes,no,cellular,16,apr,1,-1,0,no_previous_contact,no,0,0.6931471805599453,0.0
51,admin.,divorced,secondary,no,2717,no,no,unknown,9,jun,2,-1,0,no_previous_contact,no,0,1.0986122886681098,0.0
49,management,married,tertiary,no,735,yes,no,unknown,13,may,3,-1,0,no_previous_contact,no,0,1.3862943611198906,0.0
55,blue-collar,married,secondary,no,2059,yes,no,cellular,11,may,1,259,4,failure,no,1,0.6931471805599453,1.6094379124341003
40,blue-collar,married,secondary,no,1074,yes,no,cellular,9,apr,2,-1,0,no_previous_contact,no,0,1.0986122886681098,0.0
37,technician,married,tertiary,no,7,yes,yes,cellular,31,jul,10,-1,0,no_previous_contact,no,0,2.3978952727983707,0.0
57,management,married,secondary,no,287,no,yes,cellular,5,feb,1,8,2,other,no,1,0.6931471805599453,1.0986122886681098
32,blue-collar,divorced,secondary,no,-15,yes,yes,cellular,11,may,3,-1,0,no_previous_contact,no,0,1.3862943611198906,0.0
56,retired,married,secondary,no,654,no,yes,cellular,7,aug,4,-1,0,no_previous_contact,no,0,1.6094379124341003,0.0
29,entrepreneur,married,secondary,no,926,yes,no,cellular,15,jul,2,-1,0,no_previous_contact,no,0,1.0986122886681098,0.0
38,services,single,tertiary,no,323,yes,no,unknown,19,may,1,-1,0,no_previous_contact,no,0,0.6931471805599453,0.0
31,management,married,tertiary,no,0,yes,no,cellular,14,may,1,-1,0,no_previous_contact,no,0,0.6931471805599453,0.0
51,management,single,tertiary,no,1348,yes,no,unknown,20,jun,19,-1,0,no_previous_contact,no,0,2.995732273553991,0.0
37,technician,single,tertiary,no,1661,no,no,cellular,19,aug,5,-1,0,no_previous_contact,no,0,1.791759469228055,0.0
31,management,single,tertiary,no,0,no,no,cellular,21,aug,2,-1,0,no_previous_contact,no,0,1.0986122886681098,0.0
35,unemployed,married,secondary,no,978,no,no,cellular,29,jun,2,182,6,success,yes,1,1.0986122886681098,1.9459101490553132
25,student,single,secondary,no,8,no,no,cellular,22,apr,2,-1,0,no_previous_contact,yes,0,1.0986122886681098,0.0
30,blue-collar,married,secondary,no,1131,yes,yes,cellular,18,nov,1,144,5,failure,no,1,0.6931471805599453,1.791759469228055
34,management,single,tertiary,no,1350,yes,no,unknown,21,may,1,-1,0,no_previous_contact,no,0,0.6931471805599453,0.0
29,blue-collar,married,secondary,no,658,yes,no,cellular,24,jul,1,-1,0,no_previous_contact,no,0,0.6931471805599453,0.0
48,blue-collar,married,primary,no,2642,yes,no,unknown,8,may,3,-1,0,no_previous_contact,no,0,1.3862943611198906,0.0
30,management,married,tertiary,no,623,yes,no,unknown,29,may,5,-1,0,no_previous_contact,no,0,1.791759469228055,0.0
31,management,married,tertiary,no,792,no,no,cellular,20,aug,14,-1,0,no_previous_contact,yes,0,2.70805020110221,0.0
25,student,single,secondary,no,154,no,no,cellular,2,sep,1,183,3,success,yes,1,0.6931471805599453,1.3862943611198906
56,blue-collar,married,primary,no,826,yes,no,cellular,21,jul,1,-1,0,no_previous_contact,no,0,0.6931471805599453,0.0
48,admin.,married,secondary,no,1403,no,no,cellular,7,aug,2,-1,0,no_previous_contact,no,0,1.0986122886681098,0.0
50,admin.,married,primary,no,429,no,no,unknown,29,may,2,-1,0,no_previous_contact,no,0,1.0986122886681098,0.0
25,student,single,secondary,no,2975,no,no,cellular,2,sep,2,-1,0,no_previous_contact,yes,0,1.0986122886681098,0.0
49,technician,divorced,secondary,no,-54,yes,yes,cellular,25,jul,1,-1,0,no_previous_contact,no,0,0.6931471805599453,0.0
55,admin.,married,secondary,no,6207,yes,no,unknown,26,jun,5,-1,0,no_previous_contact,no,0,1.791759469228055,0.0
29,management,divorced,tertiary,no,415,yes,yes,unknown,28,may,4,-1,0,no_previous_contact,no,0,1.6094379124341003,0.0
31,admin.,single,secondary,no,0,no,no,unknown,19,may,1,-1,0,no_previous_contact,no,0,0.6931471805599453,0.0
53,admin.,divorced,secondary,no,-112,no,no,unknown,19,jun,1,-1,0,no_previous_contact,no,0,0.6931471805599453,0.0
47,blue-collar,married,secondary,no,737,no,yes,cellular,31,jul,3,-1,0,no_previous_contact,no,0,1.3862943611198906,0.0
51,housemaid,married,primary,no,30,yes,no,cellular,14,jul,2,-1,0,no_previous_contact,no,0,1.0986122886681098,0.0
42,unemployed,divorced,secondary,no,193,yes,no,unknown,26,may,1,-1,0,no_previous_contact,no,0,0.6931471805599453,0.0
43,management,married,tertiary,no,5523,no,no,unknown,11,jun,1,-1,0,no_previous_contact,no,0,0.6931471805599453,0.0
27,technician,single,tertiary,no,434,yes,no,unknown,13,jan,1,-1,0,no_previous_contact,no,0,0.6931471805599453,0.0
30,technician,married,tertiary,no,0,no,no,cellular,21,aug,6,-1,0,no_previous_contact,no,0,1.9459101490553132,0.0
50,blue-collar,married,primary,no,953,yes,no,cellular,13,may,1,364,2,failure,no,1,0.6931471805599453,1.0986122886681098
60,housemaid,married,primary,no,182,no,no,cellular,27,oct,2,76,3,failure,no,1,1.0986122886681098,1.3862943611198906
47,entrepreneur,married,unknown,yes,-1445,yes,no,unknown,12,may,2,-1,0,no_previous_contact,no,0,1.0986122886681098,0.0
32,technician,married,secondary,no,0,yes,no,unknown,23,may,2,-1,0,no_previous_contact,no,0,1.0986122886681098,0.0
35,housemaid,single,secondary,no,1015,yes,no,unknown,5,jun,2,-1,0,no_previous_contact,yes,0,1.0986122886681098,0.0
38,student,single,unknown,no,444,no,no,cellular,8,mar,3,206,6,success,no,1,1.3862943611198906,1.9459101490553132
52,admin.,married,secondary,no,146,yes,yes,cellular,13,may,1,-1,0,no_previous_contact,no,0,0.6931471805599453,0.0
38,technician,married,secondary,no,0,yes,no,cellular,4,aug,1,-1,0,no_previous_contact,no,0,0.6931471805599453,0.0
40,technician,divorced,secondary,no,300,yes,yes,cellular,17,apr,2,-1,0,no_previous_contact,no,0,1.0986122886681098,0.0
24,student,single,primary,no,474,no,no,cellular,30,apr,1,-1,0,no_previous_contact,yes,0,0.6931471805599453,0.0
28,services,married,secondary,no,72,no,yes,cellular,10,jul,4,-1,0,no_previous_contact,no,0,1.6094379124341003,0.0
52,management,married,tertiary,no,3163,no,no,cellular,25,aug,6,-1,0,no_previous_contact,no,0,1.9459101490553132,0.0
37,admin.,single,tertiary,no,2505,no,no,cellular,7,aug,3,-1,0,no_previous_contact,no,0,1.3862943611198906,0.0
39,blue-collar,married,primary,no,1473,yes,no,unknown,19,jun,4,-1,0,no_previous_contact,no,0,1.6094379124341003,0.0
56,housemaid,married,secondary,no,594,yes,yes,unknown,25,jun,1,-1,0,no_previous_contact,no,0,0.6931471805599453,0.0
35,management,single,tertiary,no,-289,yes,no,unknown,21,may,1,-1,0,no_previous_contact,no,0,0.6931471805599453,0.0
54,retired,married,primary,no,11,yes,yes,cellular,18,aug,10,-1,0,no_previous_contact,no,0,2.3978952727983707,0.0
34,management,married,tertiary,no,786,yes,yes,cellular,18,nov,1,-1,0,no_previous_contact,no,0,0.6931471805599453,0.0
56,services,married,secondary,no,1989,no,no,cellular,3,feb,2,281,2,failure,yes,1,1.0986122886681098,1.0986122886681098
30,management,married,secondary,no,-397,yes,no,unknown,27,may,3,-1,0,no_previous_contact,no,0,1.3862943611198906,0.0
28,admin.,single,secondary,no,-281,yes,no,cellular,8,may,4,340,4,other,no,1,1.6094379124341003,1.6094379124341003
46,entrepreneur,married,primary,no,829,no,yes,telephone,21,nov,7,-1,0,no_previous_contact,no,0,2.0794415416798357,0.0
60,retired,married,secondary,no,78,no,yes,unknown,27,jun,2,-1,0,no_previous_contact,no,0,1.0986122886681098,0.0
44,management,divorced,tertiary,no,1379,yes,no,unknown,30,may,1,-1,0,no_previous_contact,no,0,0.6931471805599453,0.0
34,unemployed,married,secondary,no,200,yes,no,unknown,26,may,6,-1,0,no_previous_contact,no,0,1.9459101490553132,0.0
46,self-employed,married,tertiary,no,2421,no,no,cellular,11,aug,4,-1,0,no_previous_contact,no,0,1.6094379124341003,0.0
53,management,married,tertiary,no,3911,yes,yes,unknown,30,may,2,-1,0,no_previous_contact,no,0,1.0986122886681098,0.0
38,technician,married,secondary,no,581,yes,no,unknown,6,may,1,-1,0,no_previous_contact,no,0,0.6931471805599453,0.0
51,unemployed,married,secondary,no,234,no,no,cellular,22,aug,1,-1,0,no_previous_contact,yes,0,0.6931471805599453,0.0
27,student,single,tertiary,no,3687,no,no,cellular,8,apr,2,-1,0,no_previous_contact,no,0,1.0986122886681098,0.0
44,unknown,single,secondary,no,2023,no,no,cellular,30,jul,21,-1,0,no_previous_contact,no,0,3.091042453358316,0.0
50,blue-collar,married,secondary,no,95,yes,no,unknown,15,may,5,-1,0,no_previous_contact,no,0,1.791759469228055,0.0
61,self-employed,married,tertiary,no,10861,no,no,cellular,26,jul,2,259,3,success,yes,1,1.0986122886681098,1.3862943611198906
55,self-employed,married,secondary,no,2387,yes,no,cellular,25,jul,4,-1,0,no_previous_contact,no,0,1.6094379124341003,0.0
57,blue-collar,married,primary,no,856,no,no,cellular,11,aug,6,-1,0,no_previous_contact,no,0,1.9459101490553132,0.0
49,self-employed,married,secondary,no,289,yes,no,cellular,2,feb,1,-1,0,no_previous_contact,no,0,0.6931471805599453,0.0
36,unemployed,single,tertiary,no,221,no,no,cellular,3,feb,4,-1,0,no_previous_contact,no,0,1.6094379124341003,0.0
44,housemaid,married,primary,no,3706,no,no,unknown,17,jun,3,-1,0,no_previous_contact,no,0,1.3862943611198906,0.0
59,technician,married,secondary,no,2308,no,no,cellular,30,apr,1,87,1,other,yes,1,0.6931471805599453,0.6931471805599453
36,blue-collar,married,secondary,no,801,yes,yes,cellular,18,nov,2,-1,0,no_previous_contact,no,0,1.0986122886681098,0.0
37,management,married,tertiary,no,2205,no,no,unknown,21,may,4,-1,0,no_previous_contact,no,0,1.6094379124341003,0.0
27,management,single,secondary,no,924,yes,no,cellular,3,feb,1,-1,0,no_previous_contact,no,0,0.6931471805599453,0.0
32,admin.,single,secondary,no,554,yes,no,cellular,28,may,2,368,5,failure,no,1,1.0986122886681098,1.791759469228055
47,entrepreneur,married,unknown,no,0,yes,no,cellular,11,may,8,339,6,other,no,1,2.1972245773362196,1.9459101490553132
30,student,single,unknown,no,-145,no,yes,cellular,8,jul,1,-1,0,no_previous_contact,no,0,0.6931471805599453,0.0
32,services,married,secondary,no,1082,yes,no,cellular,19,nov,1,-1,0,no_previous_contact,no,0,0.6931471805599453,0.0
28,unemployed,married,secondary,no,655,yes,no,unknown,4,jun,2,-1,0,no_previous_contact,no,0,1.0986122886681098,0.0
44,blue-collar,single,secondary,no,492,no,yes,cellular,12,may,2,351,3,other,no,1,1.0986122886681098,1.3862943611198906
55,admin.,married,secondary,no,9039,yes,no,unknown,15,may,6,-1,0,no_previous_contact,no,0,1.9459101490553132,0.0
25,blue-collar,single,secondary,no,26,yes,no,unknown,27,may,2,-1,0,no_previous_contact,no,0,1.0986122886681098,0.0
23,student,single,secondary,no,157,yes,no,unknown,6,may,1,-1,0,no_previous_contact,no,0,0.6931471805599453,0.0
33,technician,married,secondary,no,2147,no,no,cellular,7,sep,1,94,1,other,no,1,0.6931471805599453,0.6931471805599453
27,management,single,tertiary,no,134,yes,yes,unknown,7,may,3,-1,0,no_previous_contact,no,0,1.3862943611198906,0.0
42,services,married,secondary,no,-246,yes,no,unknown,7,may,1,-1,0,no_previous_contact,no,0,0.6931471805599453,0.0
51,management,married,secondary,no,2216,yes,yes,unknown,16,jun,8,-1,0,no_previous_contact,no,0,2.1972245773362196,0.0
31,technician,single,secondary,no,2088,no,no,cellular,9,feb,14,-1,0,no_previous_contact,no,0,2.70805020110221,0.0
32,management,married,tertiary,no,141,no,no,cellular,2,feb,2,-1,0,no_previous_contact,no,0,1.0986122886681098,0.0
29,blue-collar,single,secondary,no,309,yes,no,cellular,11,may,3,-1,0,no_previous_contact,no,0,1.3862943611198906,0.0
38,blue-collar,married,primary,no,1852,yes,no,cellular,13,may,1,-1,0,no_previous_contact,yes,0,0.6931471805599453,0.0
36,blue-collar,married,secondary,no,21,yes,no,unknown,28,may,1,-1,0,no_previous_contact,no,0,0.6931471805599453,0.0
28,blue-collar,single,secondary,no,7,yes,yes,unknown,9,may,3,-1,0,no_previous_contact,no,0,1.3862943611198906,0.0
42,unemployed,married,unknown,no,190,no,no,cellular,11,aug,2,-1,0,no_previous_contact,yes,0,1.0986122886681098,0.0
27,technician,married,secondary,no,2735,yes,no,cellular,29,jan,1,-1,0,no_previous_contact,no,0,0.6931471805599453,0.0
37,admin.,married,secondary,no,1396,yes,no,cellular,22,jul,2,-1,0,no_previous_contact,no,0,1.0986122886681098,0.0
40,blue-collar,married,secondary,no,925,yes,yes,unknown,20,jun,8,-1,0,no_previous_contact,no,0,2.1972245773362196,0.0
56,services,divorced,secondary,no,140,no,no,cellular,10,jul,1,-1,0,no_previous_contact,no,0,0.6931471805599453,0.0
36,blue-collar,married,secondary,no,325,no,no,cellular,14,apr,2,337,2,failure,no,1,1.0986122886681098,1.0986122886681098
48,retired,married,primary,no,1591,no,no,cellular,31,jul,4,-1,0,no_previous_contact,no,0,1.6094379124341003,0.0
55,self-employed,married,secondary,no,2408,no,no,telephone,20,nov,1,-1,0,no_previous_contact,no,0,0.6931471805599453,0.0
56,blue-collar,single,secondary,no,6483,yes,no,cellular,16,apr,2,-1,0,no_previous_contact,no,0,1.0986122886681098,0.0
49,management,married,tertiary,no,261,no,no,cellular,14,jul,2,-1,0,no_previous_contact,no,0,1.0986122886681098,0.0
43,admin.,married,secondary,no,429,yes,yes,unknown,3,jun,32,-1,0,no_previous_contact,no,0,3.4965075614664802,0.0
34,blue-collar,married,secondary,no,-563,yes,no,unknown,26,may,1,-1,0,no_previous_contact,no,0,0.6931471805599453,0.0
40,technician,single,secondary,no,159,yes,no,unknown,18,nov,1,-1,0,no_previous_contact,no,0,0.6931471805599453,0.0
33,services,married,secondary,no,90,yes,no,cellular,17,apr,2,263,2,failure,no,1,1.0986122886681098,1.0986122886681098
34,entrepreneur,married,secondary,no,455,yes,no,cellular,20,nov,1,-1,0,no_previous_contact,no,0,0.6931471805599453,0.0
58,retired,divorced,primary,no,11,no,yes,cellular,10,jul,5,-1,0,no_previous_contact,no,0,1.791759469228055,0.0
56,blue-collar,married,primary,no,1399,yes,no,unknown,12,may,4,-1,0,no_previous_contact,no,0,1.6094379124341003,0.0
26,technician,single,secondary,yes,-516,yes,no,unknown,23,may,2,-1,0,no_previous_contact,no,0,1.0986122886681098,0.0
21,services,single,secondary,no,1903,yes,no,unknown,29,may,2,-1,0,no_previous_contact,no,0,1.0986122886681098,0.0
32,housemaid,married,secondary,no,216,no,yes,cellular,9,jul,6,-1,0,no_previous_contact,no,0,1.9459101490553132,0.0
39,blue-collar,married,primary,no,295,yes,no,unknown,4,jun,1,-1,0,no_previous_contact,no,0,0.6931471805599453,0.0
30,services,divorced,secondary,no,0,yes,no,cellular,13,may,1,-1,0,no_previous_contact,no,0,0.6931471805599453,0.0
50,technician,married,primary,no,883,yes,no,unknown,5,jun,1,-1,0,no_previous_contact,no,0,0.6931471805599453,0.0
77,retired,married,secondary,no,4112,no,no,telephone,26,jan,1,95,2,success,yes,1,0.6931471805599453,1.0986122886681098
33,management,single,secondary,yes,-174,yes,no,unknown,15,may,5,-1,0,no_previous_contact,no,0,1.791759469228055,0.0
33,management,married,tertiary,no,22867,yes,no,cellular,10,feb,1,92,5,success,no,1,0.6931471805599453,1.791759469228055
37,management,married,tertiary,no,393,yes,no,cellular,12,aug,2,104,2,success,no,1,1.0986122886681098,1.0986122886681098
68,retired,single,tertiary,no,2144,no,no,cellular,26,jan,1,96,3,success,yes,1,0.6931471805599453,1.3862943611198906
20,student,single,unknown,no,179,no,no,cellular,25,mar,3,182,3,failure,no,1,1.3862943611198906,1.3862943611198906
44,unemployed,single,tertiary,no,7822,yes,no,telephone,2,feb,1,-1,0,no_previous_contact,no,0,0.6931471805599453,0.0
40,services,married,secondary,no,473,yes,no,cellular,28,jul,3,-1,0,no_previous_contact,yes,0,1.3862943611198906,0.0
51,management,married,tertiary,no,1612,yes,no,cellular,18,nov,2,131,1,failure,no,1,1.0986122886681098,0.6931471805599453
33,management,single,tertiary,no,321,no,no,cellular,22,aug,2,-1,0,no_previous_contact,no,0,1.0986122886681098,0.0
38,blue-collar,married,primary,no,0,yes,no,cellular,8,may,2,-1,0,no_previous_contact,no,0,1.0986122886681098,0.0
33,technician,married,secondary,no,4790,yes,no,cellular,20,apr,1,272,2,failure,no,1,0.6931471805599453,1.0986122886681098
42,services,married,secondary,no,466,yes,no,cellular,15,may,3,-1,0,no_previous_contact,no,0,1.3862943611198906,0.0
37,management,married,secondary,no,121,no,yes,cellular,17,nov,2,151,2,failure,no,1,1.0986122886681098,1.0986122886681098
45,blue-collar,married,primary,no,1227,no,no,unknown,5,jun,3,-1,0,no_previous_contact,no,0,1.3862943611198906,0.0
36,admin.,married,tertiary,no,289,no,no,cellular,21,jul,4,-1,0,no_previous_contact,no,0,1.6094379124341003,0.0
29,services,single,secondary,no,-158,yes,no,unknown,7,may,2,-1,0,no_previous_contact,no,0,1.0986122886681098,0.0
57,technician,married,secondary,no,839,no,yes,unknown,5,may,1,-1,0,no_previous_contact,no,0,0.6931471805599453,0.0
41,technician,divorced,secondary,no,1499,no,yes,cellular,11,jul,2,-1,0,no_previous_contact,no,0,1.0986122886681098,0.0
25,management,married,tertiary,no,51,yes,no,cellular,18,jul,4,-1,0,no_previous_contact,no,0,1.6094379124341003,0.0
32,blue-collar,single,secondary,no,228,no,no,telephone,23,apr,3,-1,0,no_previous_contact,no,0,1.3862943611198906,0.0
32,blue-collar,single,secondary,no,2597,yes,no,cellular,15,may,1,368,1,failure,no,1,0.6931471805599453,0.6931471805599453
48,management,single,tertiary,no,5904,yes,no,cellular,12,aug,2,-1,0,no_previous_contact,no,0,1.0986122886681098,0.0
63,retired,married,primary,no,0,no,no,cellular,20,aug,2,-1,0,no_previous_contact,no,0,1.0986122886681098,0.0
33,blue-collar,married,primary,no,3074,no,no,cellular,18,nov,1,-1,0,no_previous_contact,no,0,0.6931471805599453,0.0
46,services,married,secondary,no,89,yes,no,unknown,7,may,2,-1,0,no_previous_contact,no,0,1.0986122886681098,0.0
29,management,single,tertiary,no,765,no,no,cellular,16,nov,1,-1,0,no_previous_contact,yes,0,0.6931471805599453,0.0
35,technician,single,secondary,no,450,yes,no,cellular,13,may,1,-1,0,no_previous_contact,no,0,0.6931471805599453,0.0
28,blue-collar,married,secondary,no,100,yes,yes,unknown,27,may,2,-1,0,no_previous_contact,no,0,1.0986122886681098,0.0
51,retired,single,secondary,no,5885,no,no,telephone,3,feb,6,-1,0,no_previous_contact,no,0,1.9459101490553132,0.0
57,retired,married,primary,no,243,no,no,cellular,8,aug,4,-1,0,no_previous_contact,no,0,1.6094379124341003,0.0
35,unemployed,married,secondary,no,2080,yes,no,telephone,14,apr,3,-1,0,no_previous_contact,no,0,1.3862943611198906,0.0
46,self-employed,divorced,tertiary,no,8717,yes,no,unknown,15,may,5,-1,0,no_previous_contact,no,0,1.791759469228055,0.0
27,entrepreneur,married,tertiary,no,-23,no,no,cellular,10,jul,4,-1,0,no_previous_contact,no,0,1.6094379124341003,0.0
41,management,single,secondary,no,1286,yes,no,telephone,17,nov,4,-1,0,no_previous_contact,no,0,1.6094379124341003,0.0
30,management,single,tertiary,no,1041,no,no,cellular,5,aug,1,-1,0,no_previous_contact,no,0,0.6931471805599453,0.0
43,blue-collar,divorced,primary,no,75,yes,no,cellular,9,jul,1,-1,0,no_previous_contact,no,0,0.6931471805599453,0.0
59,housemaid,married,primary,no,1071,no,no,unknown,19,jun,1,-1,0,no_previous_contact,no,0,0.6931471805599453,0.0
44,admin.,single,secondary,no,10386,yes,no,cellular,20,nov,1,-1,0,no_previous_contact,no,0,0.6931471805599453,0.0
52,management,single,tertiary,no,824,no,no,cellular,8,may,1,354,2,failure,no,1,0.6931471805599453,1.0986122886681098
58,retired,married,primary,no,4158,no,no,cellular,13,aug,2,-1,0,no_previous_contact,yes,0,1.0986122886681098,0.0
36,management,single,primary,no,51,no,no,telephone,14,jul,3,-1,0,no_previous_contact,no,0,1.3862943611198906,0.0
45,admin.,married,secondary,no,215,yes,yes,cellular,15,may,4,-1,0,no_previous_contact,no,0,1.6094379124341003,0.0
46,admin.,divorced,secondary,no,99,no,no,unknown,14,jul,1,-1,0,no_previous_contact,no,0,0.6931471805599453,0.0
56,blue-collar,married,secondary,no,25,yes,no,unknown,19,may,1,-1,0,no_previous_contact,no,0,0.6931471805599453,0.0
32,admin.,married,secondary,no,0,no,no,cellular,16,jul,7,-1,0,no_previous_contact,no,0,2.0794415416798357,0.0
53,technician,married,secondary,no,195,yes,no,cellular,19,may,1,90,6,success,yes,1,0.6931471805599453,1.9459101490553132
30,blue-collar,single,primary,no,546,yes,no,unknown,21,may,1,-1,0,no_previous_contact,no,0,0.6931471805599453,0.0
44,self-employed,divorced,tertiary,no,1070,yes,no,cellular,30,apr,1,160,2,other,yes,1,0.6931471805599453,1.0986122886681098
55,blue-collar,married,primary,no,571,yes,no,unknown,16,may,4,-1,0,no_previous_contact,no,0,1.6094379124341003,0.0
39,services,married,primary,no,276,yes,yes,cellular,13,may,1,-1,0,no_previous_contact,no,0,0.6931471805599453,0.0
34,technician,married,secondary,no,96,no,no,cellular,18,aug,4,-1,0,no_previous_contact,no,0,1.6094379124341003,0.0
42,services,married,unknown,no,8,yes,no,unknown,15,may,1,-1,0,no_previous_contact,no,0,0.6931471805599453,0.0
31,housemaid,single,tertiary,no,0,no,no,cellular,22,aug,3,-1,0,no_previous_contact,no,0,1.3862943611198906,0.0
37,technician,divorced,secondary,no,4965,no,no,cellular,6,aug,2,-1,0,no_previous_contact,no,0,1.0986122886681098,0.0
32,technician,divorced,secondary,no,18,no,no,unknown,26,may,1,-1,0,no_previous_contact,no,0,0.6931471805599453,0.0
60,blue-collar,married,secondary,no,576,no,no,cellular,22,may,1,-1,0,no_previous_contact,no,0,0.6931471805599453,0.0
30,technician,single,secondary,no,276,no,yes,cellular,25,aug,5,-1,0,no_previous_contact,no,0,1.791759469228055,0.0
36,admin.,single,secondary,no,9002,yes,yes,cellular,10,jul,1,-1,0,no_previous_contact,no,0,0.6931471805599453,0.0
44,blue-collar,married,primary,no,300,yes,no,unknown,13,may,3,-1,0,no_previous_contact,no,0,1.3862943611198906,0.0
29,admin.,single,secondary,no,305,yes,no,cellular,6,may,2,-1,0,no_previous_contact,no,0,1.0986122886681098,0.0
38,technician,married,secondary,no,61,yes,no,unknown,28,may,1,-1,0,no_previous_contact,no,0,0.6931471805599453,0.0
35,entrepreneur,married,secondary,no,2436,no,yes,cellular,14,jul,3,-1,0,no_previous_contact,yes,0,1.3862943611198906,0.0
51,admin.,married,primary,no,173,no,no,cellular,20,aug,2,-1,0,no_previous_contact,no,0,1.0986122886681098,0.0
31,services,single,secondary,no,122,yes,no,cellular,4,feb,4,268,2,failure,no,1,1.6094379124341003,1.0986122886681098
39,housemaid,married,unknown,no,0,no,no,cellular,26,aug,2,-1,0,no_previous_contact,no,0,1.0986122886681098,0.0
27,admin.,single,secondary,no,261,yes,yes,cellular,3,jun,4,-1,0,no_previous_contact,yes,0,1.6094379124341003,0.0
32,management,single,secondary,no,0,yes,no,cellular,17,jul,5,-1,0,no_previous_contact,no,0,1.791759469228055,0.0
29,management,single,tertiary,no,0,yes,no,cellular,13,may,1,351,1,failure,no,1,0.6931471805599453,0.6931471805599453
51,admin.,single,secondary,no,726,yes,no,cellular,27,apr,8,-1,0,no_previous_contact,yes,0,2.1972245773362196,0.0
58,retired,married,primary,no,0,no,no,cellular,4,aug,1,-1,0,no_previous_contact,no,0,0.6931471805599453,0.0
52,retired,married,secondary,no,1282,no,no,unknown,19,jun,5,-1,0,no_previous_contact,no,0,1.791759469228055,0.0
26,blue-collar,single,secondary,no,381,yes,no,unknown,26,may,2,-1,0,no_previous_contact,no,0,1.0986122886681098,0.0
46,self-employed,divorced,tertiary,no,926,yes,no,cellular,1,apr,1,133,3,failure,no,1,0.6931471805599453,1.3862943611198906
41,technician,married,tertiary,no,67,yes,no,cellular,19,nov,1,-1,0,no_previous_contact,yes,0,0.6931471805599453,0.0
48,technician,married,secondary,no,1981,yes,no,cellular,16,mar,3,238,2,success,no,1,1.3862943611198906,1.0986122886681098
52,technician,married,secondary,no,3431,no,no,cellular,25,aug,4,-1,0,no_previous_contact,no,0,1.6094379124341003,0.0
49,blue-collar,married,primary,yes,-354,no,yes,cellular,7,jul,1,-1,0,no_previous_contact,no,0,0.6931471805599453,0.0
55,retired,married,tertiary,no,357,yes,no,cellular,30,apr,1,-1,0,no_previous_contact,no,0,0.6931471805599453,0.0
47,housemaid,married,tertiary,no,333,no,no,telephone,7,jul,1,-1,0,no_previous_contact,no,0,0.6931471805599453,0.0
34,technician,married,secondary,no,1,yes,no,unknown,24,jun,5,-1,0,no_previous_contact,no,0,1.791759469228055,0.0
52,blue-collar,married,primary,no,2439,yes,no,unknown,30,may,3,-1,0,no_previous_contact,no,0,1.3862943611198906,0.0
42,admin.,divorced,secondary,no,527,no,yes,cellular,20,apr,1,-1,0,no_previous_contact,yes,0,0.6931471805599453,0.0
47,technician,married,tertiary,no,0,no,no,cellular,17,nov,1,-1,0,no_previous_contact,no,0,0.6931471805599453,0.0
36,blue-collar,married,secondary,no,779,yes,no,cellular,11,may,1,-1,0,no_previous_contact,no,0,0.6931471805599453,0.0
31,management,married,tertiary,no,4945,no,no,cellular,11,aug,1,-1,0,no_previous_contact,no,0,0.6931471805599453,0.0
49,technician,divorced,secondary,no,0,yes,no,cellular,11,feb,3,-1,0,no_previous_contact,no,0,1.3862943611198906,0.0
38,blue-collar,married,primary,no,14,yes,yes,cellular,12,may,2,-1,0,no_previous_contact,no,0,1.0986122886681098,0.0
60,technician,married,tertiary,no,804,no,no,cellular,7,aug,2,-1,0,no_previous_contact,no,0,1.0986122886681098,0.0
59,retired,divorced,tertiary,no,979,yes,no,cellular,2,feb,1,-1,0,no_previous_contact,no,0,0.6931471805599453,0.0
45,entrepreneur,married,tertiary,no,0,yes,no,cellular,29,jul,3,-1,0,no_previous_contact,no,0,1.3862943611198906,0.0
28,management,divorced,secondary,no,-76,no,yes,cellular,14,jul,2,-1,0,no_previous_contact,no,0,1.0986122886681098,0.0
35,management,married,tertiary,no,46,yes,no,cellular,13,aug,2,-1,0,no_previous_contact,no,0,1.0986122886681098,0.0
28,services,single,secondary,no,2385,yes,no,unknown,4,jun,2,-1,0,no_previous_contact,no,0,1.0986122886681098,0.0
33,unemployed,married,secondary,no,-144,no,no,cellular,30,jul,3,-1,0,no_previous_contact,yes,0,1.3862943611198906,0.0
31,technician,single,tertiary,no,2744,yes,no,cellular,8,aug,2,-1,0,no_previous_contact,no,0,1.0986122886681098,0.0
28,management,single,tertiary,no,33,no,no,cellular,2,feb,7,-1,0,no_previous_contact,no,0,2.0794415416798357,0.0
41,admin.,married,primary,no,0,yes,no,cellular,6,may,2,323,1,failure,no,1,1.0986122886681098,0.6931471805599453
49,blue-collar,single,primary,no,-165,yes,yes,cellular,28,jul,3,-1,0,no_previous_contact,no,0,1.3862943611198906,0.0
42,admin.,married,secondary,no,329,no,no,cellular,19,aug,3,-1,0,no_previous_contact,no,0,1.3862943611198906,0.0
55,management,married,primary,no,1446,no,no,unknown,17,jun,1,-1,0,no_previous_contact,no,0,0.6931471805599453,0.0
39,management,married,tertiary,no,3,yes,no,cellular,7,may,1,170,1,failure,no,1,0.6931471805599453,0.6931471805599453
58,admin.,divorced,secondary,no,1713,no,no,unknown,15,may,2,-1,0,no_previous_contact,no,0,1.0986122886681098,0.0
40,housemaid,married,primary,no,224,yes,no,cellular,29,jul,3,-1,0,no_previous_contact,no,0,1.3862943611198906,0.0
49,blue-collar,married,primary,no,0,yes,no,unknown,14,may,2,-1,0,no_previous_contact,no,0,1.0986122886681098,0.0
32,technician,single,secondary,no,-22,yes,no,cellular,20,aug,2,-1,0,no_previous_contact,no,0,1.0986122886681098,0.0
32,entrepreneur,married,tertiary,no,11591,yes,no,cellular,18,nov,1,-1,0,no_previous_contact,no,0,0.6931471805599453,0.0
28,blue-collar,married,secondary,no,1021,yes,no,cellular,20,apr,2,326,1,other,no,1,1.0986122886681098,0.6931471805599453
50,blue-collar,married,primary,no,1549,yes,no,cellular,11,may,2,299,6,other,no,1,1.0986122886681098,1.9459101490553132
45,technician,married,secondary,no,1240,no,no,cellular,7,may,2,-1,0,no_previous_contact,no,0,1.0986122886681098,0.0
59,blue-collar,married,primary,no,0,no,no,cellular,2,feb,1,-1,0,no_previous_contact,no,0,0.6931471805599453,0.0
31,management,married,tertiary,no,2229,yes,no,unknown,26,may,4,-1,0,no_previous_contact,no,0,1.6094379124341003,0.0
33,student,married,secondary,no,1536,no,no,cellular,6,aug,2,178,4,success,yes,1,1.0986122886681098,1.6094379124341003
34,technician,married,secondary,no,6,yes,no,unknown,28,may,2,-1,0,no_previous_contact,no,0,1.0986122886681098,0.0
36,technician,married,secondary,no,30,no,no,cellular,27,aug,2,-1,0,no_previous_contact,no,0,1.0986122886681098,0.0
53,blue-collar,married,secondary,no,-76,no,no,cellular,29,jan,1,164,4,other,no,1,0.6931471805599453,1.6094379124341003
40,unemployed,married,primary,no,-78,no,no,cellular,3,feb,4,-1,0,no_previous_contact,no,0,1.6094379124341003,0.0
30,blue-collar,single,primary,no,1395,yes,no,cellular,21,nov,1,175,3,other,no,1,0.6931471805599453,1.3862943611198906
39,technician,divorced,secondary,no,17441,yes,yes,cellular,7,apr,1,-1,0,no_previous_contact,no,0,0.6931471805599453,0.0
27,blue-collar,married,secondary,no,1341,yes,yes,unknown,30,may,2,-1,0,no_previous_contact,no,0,1.0986122886681098,0.0
59,management,married,primary,no,0,yes,no,cellular,8,may,1,-1,0,no_previous_contact,no,0,0.6931471805599453,0.0
47,housemaid,married,tertiary,no,228,yes,no,cellular,17,nov,1,118,1,failure,no,1,0.6931471805599453,0.6931471805599453
39,admin.,married,primary,no,444,yes,no,cellular,8,may,2,-1,0,no_previous_contact,no,0,1.0986122886681098,0.0
39,blue-collar,married,primary,no,481,yes,no,unknown,29,may,1,-1,0,no_previous_contact,no,0,0.6931471805599453,0.0
37,management,single,tertiary,no,455,yes,no,cellular,13,aug,6,-1,0,no_previous_contact,yes,0,1.9459101490553132,0.0
53,technician,divorced,secondary,no,305,no,yes,unknown,17,jun,1,-1,0,no_previous_contact,no,0,0.6931471805599453,0.0
31,blue-collar,married,secondary,no,-88,yes,no,unknown,20,may,6,-1,0,no_previous_contact,no,0,1.9459101490553132,0.0
30,services,married,primary,no,21,yes,no,unknown,9,may,3,-1,0,no_previous_contact,no,0,1.3862943611198906,0.0
34,technician,single,secondary,no,2178,yes,no,cellular,26,may,1,-1,0,no_previous_contact,no,0,0.6931471805599453,0.0
45,housemaid,married,tertiary,no,0,no,no,unknown,9,jun,1,-1,0,no_previous_contact,no,0,0.6931471805599453,0.0
43,self-employed,married,secondary,no,104,no,no,unknown,17,jun,1,-1,0,no_previous_contact,no,0,0.6931471805599453,0.0
32,management,married,tertiary,no,4307,yes,no,unknown,28,may,3,-1,0,no_previous_contact,no,0,1.3862943611198906,0.0
48,admin.,divorced,secondary,no,1108,yes,no,unknown,15,may,1,-1,0,no_previous_contact,no,0,0.6931471805599453,0.0
55,blue-collar,married,primary,no,1086,yes,no,cellular,7,aug,2,-1,0,no_previous_contact,no,0,1.0986122886681098,0.0
31,management,married,tertiary,no,430,yes,no,cellular,25,jul,16,-1,0,no_previous_contact,no,0,2.833213344056216,0.0
46,management,married,tertiary,no,229,yes,no,unknown,5,may,1,-1,0,no_previous_contact,no,0,0.6931471805599453,0.0
46,services,divorced,unknown,no,3390,no,no,unknown,20,jun,3,-1,0,no_previous_contact,no,0,1.3862943611198906,0.0
28,management,single,tertiary,no,187,no,no,cellular,9,mar,1,-1,0,no_previous_contact,yes,0,0.6931471805599453,0.0
42,blue-collar,married,primary,no,1059,yes,no,unknown,20,may,2,-1,0,no_previous_contact,no,0,1.0986122886681098,0.0
36,admin.,divorced,secondary,no,775,yes,no,unknown,21,may,3,-1,0,no_previous_contact,no,0,1.3862943611198906,0.0
49,technician,divorced,secondary,no,-236,yes,no,unknown,26,may,2,-1,0,no_previous_contact,no,0,1.0986122886681098,0.0
39,services,married,secondary,no,25,yes,yes,cellular,12,may,1,351,3,failure,yes,1,0.6931471805599453,1.3862943611198906
31,blue-collar,married,secondary,no,225,yes,no,cellular,18,nov,1,-1,0,no_previous_contact,no,0,0.6931471805599453,0.0
59,retired,married,secondary,no,1080,no,no,cellular,21,apr,2,-1,0,no_previous_contact,no,0,1.0986122886681098,0.0
39,blue-collar,married,primary,no,12,no,no,unknown,20,jun,2,-1,0,no_previous_contact,no,0,1.0986122886681098,0.0
37,management,married,tertiary,no,620,yes,no,cellular,17,nov,3,-1,0,no_previous_contact,no,0,1.3862943611198906,0.0
28,management,single,tertiary,no,78,no,no,cellular,28,jan,2,-1,0,no_previous_contact,no,0,1.0986122886681098,0.0
30,admin.,single,secondary,yes,-228,yes,no,cellular,15,may,1,371,1,failure,no,1,0.6931471805599453,0.6931471805599453
57,admin.,married,secondary,no,1216,yes,no,unknown,8,may,6,-1,0,no_previous_contact,no,0,1.9459101490553132,0.0
30,technician,single,secondary,no,9645,no,yes,cellular,26,aug,10,-1,0,no_previous_contact,no,0,2.3978952727983707,0.0
53,entrepreneur,married,tertiary,no,2884,yes,no,unknown,16,may,4,-1,0,no_previous_contact,no,0,1.6094379124341003,0.0
55,services,married,secondary,no,560,yes,no,unknown,9,may,3,-1,0,no_previous_contact,no,0,1.3862943611198906,0.0
59,services,married,primary,no,31,no,no,unknown,16,jun,3,-1,0,no_previous_contact,no,0,1.3862943611198906,0.0
37,admin.,married,unknown,no,463,yes,no,unknown,11,jun,1,-1,0,no_previous_contact,no,0,0.6931471805599453,0.0
32,blue-collar,married,primary,no,12705,yes,no,cellular,20,nov,1,-1,0,no_previous_contact,no,0,0.6931471805599453,0.0
31,self-employed,single,tertiary,no,14692,yes,no,unknown,23,may,1,-1,0,no_previous_contact,no,0,0.6931471805599453,0.0
29,technician,single,secondary,no,525,yes,no,cellular,16,apr,2,-1,0,no_previous_contact,no,0,1.0986122886681098,0.0
27,services,single,secondary,no,4923,yes,no,unknown,19,may,7,-1,0,no_previous_contact,no,0,2.0794415416798357,0.0
35,self-employed,married,tertiary,yes,28,no,yes,cellular,8,jul,1,-1,0,no_previous_contact,no,0,0.6931471805599453,0.0
54,management,married,tertiary,no,154,no,no,unknown,9,may,3,-1,0,no_previous_contact,no,0,1.3862943611198906,0.0
39,management,single,tertiary,no,0,yes,no,cellular,6,feb,8,9,2,other,no,1,2.1972245773362196,1.0986122886681098
57,unemployed,married,secondary,no,468,yes,no,unknown,20,jun,1,-1,0,no_previous_contact,no,0,0.6931471805599453,0.0
28,blue-collar,married,primary,no,3267,yes,yes,telephone,18,may,1,-1,0,no_previous_contact,no,0,0.6931471805599453,0.0
29,admin.,single,tertiary,no,14,no,no,cellular,12,jan,1,105,2,failure,no,1,0.6931471805599453,1.0986122886681098
45,services,divorced,secondary,no,138,no,no,telephone,24,jul,11,-1,0,no_previous_contact,no,0,2.4849066497880004,0.0
39,management,married,tertiary,no,0,yes,no,cellular,14,may,15,261,38,failure,no,1,2.772588722239781,3.6635616461296463
24,technician,single,secondary,no,288,yes,no,unknown,28,may,1,-1,0,no_previous_contact,no,0,0.6931471805599453,0.0
41,services,married,secondary,no,56,yes,no,cellular,31,jul,21,-1,0,no_previous_contact,no,0,3.091042453358316,0.0
30,student,single,primary,no,1527,no,no,telephone,22,apr,7,-1,0,no_previous_contact,no,0,2.0794415416798357,0.0
50,technician,married,secondary,no,0,no,no,cellular,7,jul,2,-1,0,no_previous_contact,no,0,1.0986122886681098,0.0
52,housemaid,married,primary,no,10943,no,no,cellular,16,sep,1,-1,0,no_previous_contact,yes,0,0.6931471805599453,0.0
35,technician,married,unknown,no,3,yes,yes,unknown,17,jun,23,-1,0,no_previous_contact,no,0,3.1780538303479458,0.0
31,blue-collar,married,secondary,no,1914,yes,no,unknown,21,may,1,-1,0,no_previous_contact,no,0,0.6931471805599453,0.0
50,technician,married,secondary,no,2242,no,no,cellular,17,nov,2,-1,0,no_previous_contact,no,0,1.0986122886681098,0.0
27,technician,single,secondary,no,299,yes,no,cellular,5,feb,7,-1,0,no_previous_contact,no,0,2.0794415416798357,0.0
32,management,divorced,tertiary,no,874,no,no,cellular,12,aug,6,-1,0,no_previous_contact,yes,0,1.9459101490553132,0.0
30,services,married,secondary,no,-111,yes,no,cellular,5,may,1,-1,0,no_previous_contact,no,0,0.6931471805599453,0.0
56,unemployed,divorced,primary,no,109,no,no,cellular,15,jul,4,-1,0,no_previous_contact,no,0,1.6094379124341003,0.0
28,blue-collar,single,secondary,no,759,yes,no,unknown,9,may,1,-1,0,no_previous_contact,yes,0,0.6931471805599453,0.0
56,management,divorced,tertiary,no,321,no,no,cellular,27,aug,4,-1,0,no_previous_contact,no,0,1.6094379124341003,0.0
59,technician,married,secondary,no,3562,no,no,cellular,13,aug,1,-1,0,no_previous_contact,no,0,0.6931471805599453,0.0
42,admin.,married,secondary,no,208,yes,no,unknown,27,may,2,-1,0,no_previous_contact,no,0,1.0986122886681098,0.0
60,retired,divorced,secondary,no,514,no,no,cellular,15,oct,2,213,10,success,yes,1,1.0986122886681098,2.3978952727983707
45,management,married,tertiary,no,-114,yes,no,cellular,20,apr,1,-1,0,no_previous_contact,no,0,0.6931471805599453,0.0
40,services,divorced,secondary,no,5766,yes,yes,unknown,28,may,1,-1,0,no_previous_contact,no,0,0.6931471805599453,0.0
42,services,single,secondary,no,3403,yes,no,cellular,30,apr,1,-1,0,no_previous_contact,no,0,0.6931471805599453,0.0
50,blue-collar,married,primary,no,1052,no,no,cellular,22,aug,4,-1,0,no_previous_contact,no,0,1.6094379124341003,0.0
42,housemaid,married,primary,no,2328,no,no,cellular,20,aug,2,-1,0,no_previous_contact,no,0,1.0986122886681098,0.0
32,blue-collar,single,secondary,no,681,no,yes,cellular,13,may,1,-1,0,no_previous_contact,no,0,0.6931471805599453,0.0
49,management,married,tertiary,no,271,yes,no,cellular,5,feb,6,-1,0,no_previous_contact,no,0,1.9459101490553132,0.0
32,unemployed,married,secondary,no,0,no,no,cellular,19,nov,3,-1,0,no_previous_contact,no,0,1.3862943611198906,0.0
18,student,single,unknown,no,108,no,no,cellular,9,feb,1,183,1,success,yes,1,0.6931471805599453,0.6931471805599453
30,management,single,tertiary,no,0,no,no,cellular,8,aug,5,-1,0,no_previous_contact,no,0,1.791759469228055,0.0
33,services,divorced,secondary,no,2358,yes,no,cellular,20,apr,3,-1,0,no_previous_contact,no,0,1.3862943611198906,0.0
39,unknown,single,unknown,no,2822,no,no,cellular,21,nov,3,-1,0,no_previous_contact,no,0,1.3862943611198906,0.0
44,unknown,married,unknown,no,1317,no,no,telephone,31,jul,6,-1,0,no_previous_contact,no,0,1.9459101490553132,0.0
31,blue-collar,married,secondary,no,512,yes,no,cellular,18,may,2,-1,0,no_previous_contact,no,0,1.0986122886681098,0.0
40,admin.,married,tertiary,no,0,yes,no,unknown,20,may,2,-1,0,no_previous_contact,no,0,1.0986122886681098,0.0
51,admin.,divorced,secondary,no,74,yes,no,cellular,8,may,2,287,2,failure,no,1,1.0986122886681098,1.0986122886681098
39,blue-collar,married,secondary,no,507,yes,no,unknown,8,may,2,-1,0,no_previous_contact,no,0,1.0986122886681098,0.0
47,blue-collar,married,primary,no,176,yes,no,unknown,30,may,1,-1,0,no_previous_contact,no,0,0.6931471805599453,0.0
33,blue-collar,single,primary,no,-104,yes,no,cellular,15,may,10,331,16,other,no,1,2.3978952727983707,2.833213344056216
57,technician,divorced,secondary,no,2710,yes,yes,unknown,7,may,1,-1,0,no_previous_contact,no,0,0.6931471805599453,0.0
38,technician,single,secondary,no,0,no,no,cellular,21,aug,2,-1,0,no_previous_contact,no,0,1.0986122886681098,0.0
59,management,married,tertiary,no,101,no,yes,unknown,9,jun,1,686,2,failure,no,1,0.6931471805599453,1.0986122886681098
46,technician,married,secondary,no,487,no,no,cellular,4,aug,1,-1,0,no_previous_contact,no,0,0.6931471805599453,0.0
35,services,married,tertiary,no,1359,no,no,unknown,17,jun,2,-1,0,no_previous_contact,no,0,1.0986122886681098,0.0
56,retired,married,tertiary,no,839,no,yes,cellular,18,nov,1,187,2,other,no,1,0.6931471805599453,1.0986122886681098
37,entrepreneur,married,tertiary,yes,-456,yes,yes,unknown,20,jun,7,-1,0,no_previous_contact,no,0,2.0794415416798357,0.0
37,blue-collar,married,primary,no,-738,yes,no,cellular,5,may,1,-1,0,no_previous_contact,no,0,0.6931471805599453,0.0
25,services,single,secondary,no,2311,no,yes,cellular,21,jul,2,-1,0,no_previous_contact,yes,0,1.0986122886681098,0.0
31,admin.,married,secondary,no,535,no,no,unknown,9,may,3,-1,0,no_previous_contact,no,0,1.3862943611198906,0.0
34,admin.,married,secondary,no,95,yes,no,cellular,18,may,4,364,22,other,no,1,1.6094379124341003,3.1354942159291497
49,blue-collar,married,secondary,no,402,yes,no,unknown,19,may,1,-1,0,no_previous_contact,no,0,0.6931471805599453,0.0
31,student,single,tertiary,no,4951,no,no,cellular,28,jun,3,-1,0,no_previous_contact,no,0,1.3862943611198906,0.0
48,blue-collar,married,secondary,no,685,yes,no,cellular,14,may,10,-1,0,no_previous_contact,no,0,2.3978952727983707,0.0
32,admin.,single,secondary,no,2817,yes,no,cellular,21,nov,1,-1,0,no_previous_contact,no,0,0.6931471805599453,0.0
29,blue-collar,single,secondary,no,391,yes,no,cellular,18,may,1,-1,0,no_previous_contact,no,0,0.6931471805599453,0.0
31,management,married,tertiary,no,432,yes,no,cellular,21,nov,1,-1,0,no_previous_contact,no,0,0.6931471805599453,0.0
44,blue-collar,married,primary,no,412,yes,no,unknown,15,may,13,-1,0,no_previous_contact,no,0,2.6390573296152584,0.0
38,entrepreneur,divorced,secondary,no,36,no,no,cellular,18,nov,2,-1,0,no_previous_contact,no,0,1.0986122886681098,0.0
30,blue-collar,single,primary,no,296,no,no,telephone,5,feb,7,-1,0,no_previous_contact,no,0,2.0794415416798357,0.0
49,retired,married,secondary,no,993,yes,yes,cellular,8,may,1,301,2,other,no,1,0.6931471805599453,1.0986122886681098
31,technician,married,secondary,no,0,yes,no,cellular,17,nov,2,-1,0,no_previous_contact,no,0,1.0986122886681098,0.0
50,management,married,tertiary,no,1854,yes,yes,unknown,3,jun,2,-1,0,no_previous_contact,no,0,1.0986122886681098,0.0
40,blue-collar,married,primary,no,238,no,no,unknown,20,jun,3,-1,0,no_previous_contact,no,0,1.3862943611198906,0.0
36,blue-collar,married,secondary,no,29,yes,yes,cellular,31,jul,1,-1,0,no_previous_contact,no,0,0.6931471805599453,0.0
37,management,married,tertiary,no,597,no,yes,unknown,30,jun,3,-1,0,no_previous_contact,no,0,1.3862943611198906,0.0
40,blue-collar,single,primary,no,-187,yes,no,cellular,5,feb,1,-1,0,no_previous_contact,no,0,0.6931471805599453,0.0
31,technician,married,secondary,no,0,no,no,cellular,14,jul,4,-1,0,no_previous_contact,no,0,1.6094379124341003,0.0
32,management,single,tertiary,no,28,no,no,cellular,8,aug,2,-1,0,no_previous_contact,no,0,1.0986122886681098,0.0
43,technician,married,secondary,yes,-313,no,yes,cellular,7,jul,4,-1,0,no_previous_contact,no,0,1.6094379124341003,0.0
60,management,single,tertiary,no,1034,yes,no,cellular,7,aug,3,-1,0,no_previous_contact,yes,0,1.3862943611198906,0.0
37,blue-collar,married,secondary,no,91,yes,no,cellular,18,may,5,-1,0,no_previous_contact,no,0,1.791759469228055,0.0
46,management,divorced,tertiary,no,-49,yes,no,unknown,20,jun,23,-1,0,no_previous_contact,no,0,3.1780538303479458,0.0
43,admin.,married,secondary,no,429,yes,no,unknown,27,may,4,-1,0,no_previous_contact,no,0,1.6094379124341003,0.0
53,technician,single,secondary,no,6164,yes,no,cellular,17,nov,1,-1,0,no_previous_contact,no,0,0.6931471805599453,0.0
44,management,married,tertiary,no,149,yes,no,cellular,29,jan,1,220,2,success,no,1,0.6931471805599453,1.0986122886681098
27,technician,single,secondary,no,1742,yes,no,unknown,16,may,1,-1,0,no_previous_contact,yes,0,0.6931471805599453,0.0
52,retired,married,primary,no,537,no,no,unknown,9,jun,1,-1,0,no_previous_contact,no,0,0.6931471805599453,0.0
33,management,single,tertiary,no,2637,no,no,cellular,28,aug,17,-1,0,no_previous_contact,yes,0,2.8903717578961645,0.0
48,management,married,tertiary,no,489,yes,no,unknown,13,may,1,-1,0,no_previous_contact,no,0,0.6931471805599453,0.0
34,unemployed,married,secondary,no,438,yes,yes,cellular,9,apr,1,323,1,failure,no,1,0.6931471805599453,0.6931471805599453
50,admin.,married,secondary,no,1431,no,no,cellular,20,aug,4,-1,0,no_previous_contact,no,0,1.6094379124341003,0.0
57,management,single,tertiary,no,33,yes,no,unknown,27,may,1,-1,0,no_previous_contact,no,0,0.6931471805599453,0.0
30,technician,married,tertiary,no,606,yes,no,cellular,30,apr,1,-1,0,no_previous_contact,no,0,0.6931471805599453,0.0
49,admin.,married,secondary,no,359,yes,no,cellular,2,feb,2,271,1,failure,no,1,1.0986122886681098,0.6931471805599453
56,blue-collar,married,secondary,no,1412,yes,no,unknown,14,may,1,-1,0,no_previous_contact,no,0,0.6931471805599453,0.0
32,technician,single,tertiary,no,1068,no,no,cellular,6,aug,4,-1,0,no_previous_contact,no,0,1.6094379124341003,0.0
35,blue-collar,single,primary,no,3751,no,no,unknown,16,jun,1,-1,0,no_previous_contact,no,0,0.6931471805599453,0.0
42,services,married,secondary,no,174,yes,no,cellular,11,may,1,-1,0,no_previous_contact,no,0,0.6931471805599453,0.0
26,technician,single,secondary,no,603,no,yes,cellular,17,jul,1,-1,0,no_previous_contact,no,0,0.6931471805599453,0.0
39,unemployed,married,secondary,no,1654,no,no,unknown,20,jun,6,-1,0,no_previous_contact,no,0,1.9459101490553132,0.0
44,blue-collar,married,secondary,no,4236,yes,no,cellular,4,may,3,-1,0,no_previous_contact,no,0,1.3862943611198906,0.0
36,technician,single,secondary,no,0,no,no,cellular,28,aug,13,-1,0,no_previous_contact,no,0,2.6390573296152584,0.0
53,services,married,primary,no,2618,yes,no,cellular,5,may,2,165,2,failure,no,1,1.0986122886681098,1.0986122886681098
38,admin.,married,tertiary,no,669,yes,yes,cellular,31,jul,2,-1,0,no_previous_contact,no,0,1.0986122886681098,0.0
34,blue-collar,single,primary,no,2299,no,no,cellular,21,nov,2,-1,0,no_previous_contact,no,0,1.0986122886681098,0.0
28,technician,single,secondary,no,-97,no,no,cellular,28,jul,4,-1,0,no_previous_contact,no,0,1.6094379124341003,0.0
30,blue-collar,married,secondary,no,1664,yes,no,telephone,20,oct,1,-1,0,no_previous_contact,yes,0,0.6931471805599453,0.0
46,management,married,tertiary,no,765,no,no,cellular,6,aug,2,-1,0,no_previous_contact,no,0,1.0986122886681098,0.0
59,unemployed,married,secondary,no,1047,no,no,cellular,18,feb,3,-1,0,no_previous_contact,yes,0,1.3862943611198906,0.0
30,blue-collar,married,primary,no,190,no,no,telephone,12,may,2,370,1,failure,no,1,1.0986122886681098,0.6931471805599453
58,services,divorced,secondary,no,-158,no,no,telephone,18,jul,3,-1,0,no_previous_contact,no,0,1.3862943611198906,0.0
35,services,divorced,secondary,no,6,no,no,cellular,2,feb,1,-1,0,no_previous_contact,no,0,0.6931471805599453,0.0
52,management,married,tertiary,no,2920,yes,no,cellular,17,nov,2,-1,0,no_previous_contact,no,0,1.0986122886681098,0.0
39,management,married,secondary,no,18,yes,no,cellular,22,may,1,-1,0,no_previous_contact,no,0,0.6931471805599453,0.0
40,blue-collar,divorced,unknown,no,1171,yes,no,unknown,29,may,2,-1,0,no_previous_contact,no,0,1.0986122886681098,0.0
43,technician,married,tertiary,no,1201,yes,yes,cellular,18,nov,1,97,3,failure,no,1,0.6931471805599453,1.3862943611198906
49,services,married,secondary,no,320,no,no,telephone,9,feb,4,-1,0,no_previous_contact,yes,0,1.6094379124341003,0.0
30,technician,single,secondary,no,790,no,no,cellular,20,aug,3,-1,0,no_previous_contact,no,0,1.3862943611198906,0.0
