age,job,marital,education,default,balance,housing,loan,contact,day_of_week,month,campaign,pdays,previous,poutcome,y,had_previous_contact,campaign_log,previous_log
32,blue-collar,married,secondary,no,1779,yes,no,cellular,13,may,1,342,2,failure,no,1,0.6931471805599453,1.0986122886681098
45,management,married,tertiary,no,324,no,no,cellular,13,aug,4,-1,0,no_previous_contact,no,0,1.6094379124341003,0.0
33,blue-collar,married,secondary,no,-10,yes,no,unknown,6,may,1,-1,0,no_previous_contact,no,0,0.6931471805599453,0.0
32,technician,single,secondary,no,271,yes,no,cellular,13,may,2,268,2,other,no,1,1.0986122886681098,1.0986122886681098
34,technician,divorced,secondary,no,136,yes,no,cellular,8,may,2,-1,0,no_previous_contact,no,0,1.0986122886681098,0.0
35,management,married,tertiary,no,2461,no,no,cellular,15,jun,2,81,4,other,no,1,1.0986122886681098,1.6094379124341003
28,admin.,single,secondary,no,-281,yes,no,cellular,8,may,4,340,4,other,no,1,1.6094379124341003,1.6094379124341003
54,technician,single,tertiary,no,467,yes,no,cellular,18,jul,3,-1,0,no_previous_contact,yes,0,1.3862943611198906,0.0
21,student,single,secondary,no,491,no,no,cellular,6,aug,1,-1,0,no_previous_contact,no,0,0.6931471805599453,0.0
45,technician,married,secondary,no,2922,no,no,cellular,30,jul,3,-1,0,no_previous_contact,no,0,1.3862943611198906,0.0
34,technician,single,secondary,no,27,no,no,cellular,12,aug,9,-1,0,no_previous_contact,no,0,2.302585092994046,0.0
41,unemployed,single,primary,no,2171,no,no,telephone,31,jul,2,-1,0,no_previous_contact,no,0,1.0986122886681098,0.0
40,management,married,tertiary,no,2763,yes,no,cellular,2,jul,1,395,2,success,yes,1,0.6931471805599453,1.0986122886681098
37,blue-collar,married,secondary,no,2848,yes,no,cellular,16,apr,2,147,3,failure,no,1,1.0986122886681098,1.3862943611198906
28,management,single,tertiary,no,2725,no,no,cellular,16,jun,1,504,1,failure,yes,1,0.6931471805599453,0.6931471805599453
58,blue-collar,married,primary,no,4354,yes,no,cellular,22,aug,7,-1,0,no_previous_contact,no,0,2.0794415416798357,0.0
51,management,divorced,tertiary,no,-2282,yes,yes,cellular,14,jul,6,-1,0,no_previous_contact,no,0,1.9459101490553132,0.0
24,unemployed,single,secondary,no,2696,no,no,cellular,7,sep,2,-1,0,no_previous_contact,no,0,1.0986122886681098,0.0
43,management,married,tertiary,no,-334,yes,no,cellular,7,aug,1,-1,0,no_previous_contact,no,0,0.6931471805599453,0.0
41,services,married,secondary,no,428,no,no,cellular,31,jul,2,-1,0,no_previous_contact,no,0,1.0986122886681098,0.0
34,technician,married,tertiary,no,0,no,no,cellular,11,aug,4,-1,0,no_previous_contact,no,0,1.6094379124341003,0.0
42,technician,divorced,secondary,no,12584,no,no,cellular,19,aug,25,-1,0,no_previous_contact,no,0,3.258096538021482,0.0
34,housemaid,married,primary,no,4,no,no,cellular,20,aug,4,-1,0,no_previous_contact,no,0,1.6094379124341003,0.0
53,entrepreneur,married,secondary,no,0,yes,no,cellular,22,jul,1,-1,0,no_previous_contact,no,0,0.6931471805599453,0.0
29,blue-collar,single,secondary,yes,-580,yes,no,unknown,23,jun,2,-1,0,no_previous_contact,no,0,1.0986122886681098,0.0
39,management,married,secondary,no,46,yes,no,cellular,26,aug,10,-1,0,no_previous_contact,no,0,2.3978952727983707,0.0
31,blue-collar,married,secondary,no,0,yes,no,unknown,20,may,1,-1,0,no_previous_contact,no,0,0.6931471805599453,0.0
34,services,married,secondary,no,2021,yes,yes,cellular,17,apr,6,148,8,other,no,1,1.9459101490553132,2.1972245773362196
40,blue-collar,married,secondary,no,3131,yes,no,cellular,24,jul,1,-1,0,no_previous_contact,no,0,0.6931471805599453,0.0
58,retired,married,secondary,no,-205,yes,no,unknown,23,may,2,-1,0,no_previous_contact,no,0,1.0986122886681098,0.0
31,management,single,tertiary,no,220,yes,no,cellular,4,nov,2,184,2,failure,no,1,1.0986122886681098,1.0986122886681098
32,management,married,tertiary,no,3517,yes,no,unknown,27,may,5,-1,0,no_previous_contact,no,0,1.791759469228055,0.0
29,admin.,married,tertiary,no,332,no,no,cellular,9,apr,1,-1,0,no_previous_contact,yes,0,0.6931471805599453,0.0
30,services,married,secondary,no,586,yes,no,unknown,28,may,4,-1,0,no_previous_contact,no,0,1.6094379124341003,0.0
35,blue-collar,married,primary,no,-210,yes,yes,telephone,7,apr,3,-1,0,no_previous_contact,no,0,1.3862943611198906,0.0
44,management,married,tertiary,no,1286,yes,no,unknown,20,jun,3,-1,0,no_previous_contact,no,0,1.3862943611198906,0.0
33,blue-collar,married,primary,no,1309,yes,no,unknown,13,may,1,-1,0,no_previous_contact,no,0,0.6931471805599453,0.0
45,retired,divorced,primary,no,261,no,no,unknown,9,jun,1,-1,0,no_previous_contact,no,0,0.6931471805599453,0.0
52,admin.,single,secondary,no,1964,no,yes,unknown,28,may,1,-1,0,no_previous_contact,no,0,0.6931471805599453,0.0
40,unemployed,married,tertiary,no,2430,no,no,cellular,24,aug,2,-1,0,no_previous_contact,no,0,1.0986122886681098,0.0
38,services,married,secondary,no,503,no,no,unknown,20,jun,4,-1,0,no_previous_contact,no,0,1.6094379124341003,0.0
51,management,married,tertiary,no,615,yes,no,cellular,17,apr,1,-1,0,no_previous_contact,no,0,0.6931471805599453,0.0
54,admin.,married,secondary,no,0,no,no,cellular,27,jan,1,-1,0,no_previous_contact,yes,0,0.6931471805599453,0.0
36,blue-collar,divorced,primary,no,666,yes,no,cellular,11,may,1,-1,0,no_previous_contact,no,0,0.6931471805599453,0.0
44,entrepreneur,married,tertiary,no,1,yes,no,cellular,13,may,2,-1,0,no_previous_contact,no,0,1.0986122886681098,0.0
56,management,divorced,primary,no,7496,no,no,unknown,9,jun,3,-1,0,no_previous_contact,no,0,1.3862943611198906,0.0
50,management,divorced,tertiary,no,738,yes,yes,unknown,29,may,1,-1,0,no_previous_contact,no,0,0.6931471805599453,0.0
40,admin.,single,secondary,no,-186,yes,yes,cellular,11,jul,2,-1,0,no_previous_contact,no,0,1.0986122886681098,0.0
39,services,married,secondary,no,1438,yes,no,unknown,20,may,2,-1,0,no_previous_contact,no,0,1.0986122886681098,0.0
43,management,married,tertiary,no,1751,yes,no,cellular,21,nov,4,-1,0,no_previous_contact,no,0,1.6094379124341003,0.0
36,unemployed,married,secondary,no,439,yes,no,telephone,6,feb,6,-1,0,no_previous_contact,no,0,1.9459101490553132,0.0
26,technician,married,tertiary,no,233,yes,no,cellular,25,jul,1,-1,0,no_previous_contact,no,0,0.6931471805599453,0.0
36,management,married,tertiary,no,0,yes,no,cellular,8,may,3,-1,0,no_previous_contact,yes,0,1.3862943611198906,0.0
35,admin.,married,primary,no,1994,no,no,cellular,9,jul,1,-1,0,no_previous_contact,no,0,0.6931471805599453,0.0
35,management,married,tertiary,no,-4,no,no,cellular,8,aug,2,-1,0,no_previous_contact,no,0,1.0986122886681098,0.0
46,blue-collar,married,primary,no,588,yes,no,cellular,26,aug,4,-1,0,no_previous_contact,no,0,1.6094379124341003,0.0
38,technician,married,secondary,no,750,yes,no,unknown,27,may,2,-1,0,no_previous_contact,no,0,1.0986122886681098,0.0
37,blue-collar,married,primary,no,643,yes,yes,cellular,2,feb,3,269,3,other,no,1,1.3862943611198906,1.3862943611198906
32,technician,married,secondary,no,14,no,no,cellular,22,aug,6,-1,0,no_previous_contact,no,0,1.9459101490553132,0.0
33,blue-collar,married,primary,no,-219,yes,no,cellular,17,apr,1,-1,0,no_previous_contact,no,0,0.6931471805599453,0.0
42,blue-collar,married,secondary,no,1657,yes,yes,cellular,17,nov,1,-1,0,no_previous_contact,no,0,0.6931471805599453,0.0
24,technician,married,secondary,no,691,yes,no,unknown,19,jun,2,-1,0,no_previous_contact,no,0,1.0986122886681098,0.0
55,technician,married,tertiary,no,804,no,no,cellular,31,jul,5,-1,0,no_previous_contact,no,0,1.791759469228055,0.0
40,management,single,tertiary,no,27,no,no,cellular,27,aug,6,-1,0,no_previous_contact,no,0,1.9459101490553132,0.0
28,admin.,married,secondary,no,511,no,no,cellular,28,jan,1,-1,0,no_previous_contact,no,0,0.6931471805599453,0.0
37,blue-collar,married,secondary,no,3420,yes,no,cellular,12,may,1,301,2,failure,no,1,0.6931471805599453,1.0986122886681098
48,blue-collar,married,secondary,no,750,no,no,cellular,5,feb,2,8,2,other,no,1,1.0986122886681098,1.0986122886681098
35,admin.,divorced,secondary,no,0,no,yes,cellular,14,jul,2,-1,0,no_previous_contact,no,0,1.0986122886681098,0.0
43,admin.,single,unknown,no,87,yes,no,unknown,7,may,2,-1,0,no_previous_contact,no,0,1.0986122886681098,0.0
29,blue-collar,single,secondary,no,482,no,no,cellular,20,apr,2,-1,0,no_previous_contact,no,0,1.0986122886681098,0.0
58,blue-collar,divorced,primary,no,820,yes,no,cellular,7,jul,4,-1,0,no_previous_contact,no,0,1.6094379124341003,0.0
36,entrepreneur,married,secondary,no,419,yes,no,cellular,8,apr,3,-1,0,no_previous_contact,no,0,1.3862943611198906,0.0
27,blue-collar,single,secondary,no,-116,yes,yes,cellular,17,apr,2,343,1,failure,no,1,1.0986122886681098,0.6931471805599453
37,student,single,secondary,no,681,no,no,cellular,5,feb,1,8,1,other,no,1,0.6931471805599453,0.6931471805599453
41,admin.,married,secondary,no,1010,yes,no,cellular,17,apr,1,338,1,failure,no,1,0.6931471805599453,0.6931471805599453
58,blue-collar,married,secondary,no,535,no,no,unknown,9,jun,4,-1,0,no_previous_contact,no,0,1.6094379124341003,0.0
37,housemaid,married,secondary,no,942,no,no,unknown,17,jun,1,-1,0,no_previous_contact,no,0,0.6931471805599453,0.0
55,management,married,tertiary,no,10065,no,no,unknown,27,may,3,-1,0,no_previous_contact,no,0,1.3862943611198906,0.0
38,technician,single,tertiary,no,2273,yes,no,cellular,17,apr,1,-1,0,no_previous_contact,no,0,0.6931471805599453,0.0
46,management,married,tertiary,no,48,no,no,unknown,13,may,1,-1,0,no_previous_contact,no,0,0.6931471805599453,0.0
42,admin.,divorced,secondary,no,527,no,yes,cellular,20,apr,1,-1,0,no_previous_contact,yes,0,0.6931471805599453,0.0
36,services,single,secondary,no,-45,yes,no,unknown,8,may,1,-1,0,no_previous_contact,no,0,0.6931471805599453,0.0
36,student,single,secondary,no,904,no,no,telephone,5,feb,9,8,13,other,no,1,2.302585092994046,2.6390573296152584
33,technician,divorced,secondary,no,791,yes,no,cellular,24,jul,2,-1,0,no_previous_contact,no,0,1.0986122886681098,0.0
30,admin.,married,secondary,no,521,yes,no,cellular,19,nov,1,-1,0,no_previous_contact,no,0,0.6931471805599453,0.0
44,blue-collar,single,secondary,no,25,yes,no,cellular,12,may,3,-1,0,no_previous_contact,no,0,1.3862943611198906,0.0
45,blue-collar,married,primary,no,1558,yes,no,cellular,6,may,1,-1,0,no_previous_contact,no,0,0.6931471805599453,0.0
27,blue-collar,single,secondary,no,240,yes,no,cellular,18,may,4,-1,0,no_previous_contact,no,0,1.6094379124341003,0.0
41,technician,married,tertiary,no,-762,yes,yes,unknown,23,may,1,-1,0,no_previous_contact,no,0,0.6931471805599453,0.0
34,blue-collar,married,secondary,no,262,no,no,cellular,15,sep,2,106,1,success,yes,1,1.0986122886681098,0.6931471805599453
32,blue-collar,married,secondary,no,944,no,no,cellular,13,may,2,362,1,other,no,1,1.0986122886681098,0.6931471805599453
46,technician,married,tertiary,no,4176,yes,no,unknown,12,jun,6,-1,0,no_previous_contact,no,0,1.9459101490553132,0.0
34,technician,single,secondary,no,5039,no,no,cellular,20,nov,6,-1,0,no_previous_contact,no,0,1.9459101490553132,0.0
55,management,married,unknown,no,0,no,no,unknown,5,jun,2,-1,0,no_previous_contact,no,0,1.0986122886681098,0.0
57,services,married,primary,no,2893,no,no,cellular,8,aug,2,-1,0,no_previous_contact,no,0,1.0986122886681098,0.0
54,admin.,married,secondary,yes,-1089,no,yes,cellular,28,jan,2,-1,0,no_previous_contact,no,0,1.0986122886681098,0.0
50,management,married,tertiary,no,67,no,yes,unknown,20,jun,3,-1,0,no_previous_contact,no,0,1.3862943611198906,0.0
33,admin.,married,secondary,no,1737,no,no,cellular,30,apr,2,-1,0,no_previous_contact,no,0,1.0986122886681098,0.0
25,technician,single,secondary,no,0,yes,no,cellular,23,jul,5,-1,0,no_previous_contact,no,0,1.791759469228055,0.0
48,blue-collar,married,primary,no,6489,yes,no,unknown,19,may,1,-1,0,no_previous_contact,no,0,0.6931471805599453,0.0
30,admin.,single,secondary,no,1223,yes,no,cellular,30,jul,5,-1,0,no_previous_contact,no,0,1.791759469228055,0.0
43,unemployed,married,secondary,no,775,no,no,cellular,14,aug,1,106,1,failure,no,1,0.6931471805599453,0.6931471805599453
48,unemployed,divorced,secondary,no,1266,yes,no,telephone,3,feb,1,-1,0,no_previous_contact,no,0,0.6931471805599453,0.0
59,housemaid,married,primary,no,1100,no,no,cellular,18,aug,10,-1,0,no_previous_contact,no,0,2.3978952727983707,0.0
38,self-employed,single,tertiary,no,917,yes,no,unknown,23,may,1,-1,0,no_previous_contact,no,0,0.6931471805599453,0.0
28,services,married,secondary,no,4,yes,no,unknown,2,sep,1,-1,0,no_previous_contact,no,0,0.6931471805599453,0.0
33,technician,single,tertiary,no,68,no,no,cellular,14,aug,2,-1,0,no_previous_contact,no,0,1.0986122886681098,0.0
38,self-employed,divorced,secondary,yes,2,no,no,cellular,20,nov,2,-1,0,no_previous_contact,no,0,1.0986122886681098,0.0
34,admin.,married,secondary,no,641,yes,yes,unknown,16,may,1,-1,0,no_previous_contact,no,0,0.6931471805599453,0.0
44,management,single,tertiary,no,-1313,yes,yes,cellular,15,may,10,-1,0,no_previous_contact,no,0,2.3978952727983707,0.0
40,services,married,secondary,no,-192,yes,no,cellular,11,may,1,-1,0,no_previous_contact,yes,0,0.6931471805599453,0.0
27,technician,single,tertiary,no,11862,no,no,telephone,25,may,5,101,1,success,no,1,1.791759469228055,0.6931471805599453
34,management,single,tertiary,no,618,yes,no,unknown,3,jun,4,-1,0,no_previous_contact,no,0,1.6094379124341003,0.0
39,housemaid,married,primary,no,0,yes,no,telephone,16,jul,6,-1,0,no_previous_contact,no,0,1.9459101490553132,0.0
56,retired,married,secondary,no,1678,yes,no,unknown,15,may,1,-1,0,no_previous_contact,no,0,0.6931471805599453,0.0
38,technician,married,tertiary,no,52,yes,no,cellular,14,apr,4,-1,0,no_previous_contact,no,0,1.6094379124341003,0.0
28,management,single,secondary,no,1633,no,no,cellular,8,sep,1,95,1,success,no,1,0.6931471805599453,0.6931471805599453
59,retired,divorced,primary,no,121,yes,no,unknown,12,may,7,-1,0,no_previous_contact,no,0,2.0794415416798357,0.0
61,retired,divorced,secondary,no,0,no,no,cellular,5,may,3,-1,0,no_previous_contact,no,0,1.3862943611198906,0.0
34,blue-collar,married,secondary,no,504,yes,no,unknown,28,may,2,-1,0,no_previous_contact,no,0,1.0986122886681098,0.0
44,management,divorced,tertiary,no,2058,no,yes,cellular,21,nov,1,-1,0,no_previous_contact,no,0,0.6931471805599453,0.0
39,admin.,married,secondary,no,150,no,no,cellular,25,sep,1,46,7,other,no,1,0.6931471805599453,2.0794415416798357
30,admin.,single,secondary,no,127,yes,no,cellular,18,may,6,368,1,other,no,1,1.9459101490553132,0.6931471805599453
40,blue-collar,married,primary,no,572,yes,yes,cellular,17,apr,1,318,1,failure,no,1,0.6931471805599453,0.6931471805599453
20,student,single,tertiary,no,2764,yes,no,unknown,29,may,2,-1,0,no_previous_contact,no,0,1.0986122886681098,0.0
45,management,married,tertiary,no,1186,no,no,cellular,29,aug,7,-1,0,no_previous_contact,no,0,2.0794415416798357,0.0
34,management,married,tertiary,no,1790,yes,no,cellular,22,jul,1,-1,0,no_previous_contact,no,0,0.6931471805599453,0.0
38,management,single,tertiary,no,8,yes,no,cellular,28,jul,2,-1,0,no_previous_contact,no,0,1.0986122886681098,0.0
27,admin.,single,tertiary,no,3672,yes,no,cellular,15,may,2,351,5,failure,no,1,1.0986122886681098,1.791759469228055
51,admin.,married,primary,no,943,yes,no,unknown,29,may,1,-1,0,no_previous_contact,no,0,0.6931471805599453,0.0
34,services,divorced,tertiary,no,800,yes,yes,cellular,8,may,2,-1,0,no_previous_contact,no,0,1.0986122886681098,0.0
36,housemaid,married,primary,no,78,yes,no,telephone,30,jul,9,-1,0,no_previous_contact,yes,0,2.302585092994046,0.0
36,services,single,secondary,no,365,no,no,cellular,4,may,1,-1,0,no_previous_contact,yes,0,0.6931471805599453,0.0
40,technician,divorced,secondary,no,0,no,no,cellular,7,aug,2,-1,0,no_previous_contact,yes,0,1.0986122886681098,0.0
45,entrepreneur,married,secondary,no,4688,no,no,cellular,7,jul,10,-1,0,no_previous_contact,no,0,2.3978952727983707,0.0
33,technician,single,secondary,no,402,yes,yes,unknown,15,may,1,-1,0,no_previous_contact,no,0,0.6931471805599453,0.0
39,blue-collar,married,primary,no,332,yes,no,unknown,8,may,3,-1,0,no_previous_contact,no,0,1.3862943611198906,0.0
34,management,married,tertiary,no,351,no,no,cellular,30,jan,1,-1,0,no_previous_contact,no,0,0.6931471805599453,0.0
51,blue-collar,married,primary,no,1194,yes,no,cellular,18,nov,1,186,3,failure,no,1,0.6931471805599453,1.3862943611198906
29,blue-collar,married,secondary,no,97,yes,no,cellular,18,may,4,-1,0,no_previous_contact,no,0,1.6094379124341003,0.0
47,blue-collar,married,primary,no,-169,no,yes,cellular,13,may,1,349,3,failure,no,1,0.6931471805599453,1.3862943611198906
34,blue-collar,married,secondary,no,496,yes,no,cellular,13,may,1,-1,0,no_previous_contact,yes,0,0.6931471805599453,0.0
33,technician,married,secondary,no,0,yes,yes,cellular,19,nov,2,-1,0,no_previous_contact,no,0,1.0986122886681098,0.0
41,technician,married,tertiary,no,532,yes,no,cellular,9,jul,1,-1,0,no_previous_contact,no,0,0.6931471805599453,0.0
45,management,married,tertiary,no,-687,yes,yes,unknown,18,jun,2,-1,0,no_previous_contact,no,0,1.0986122886681098,0.0
59,retired,married,primary,no,468,yes,no,telephone,8,jul,1,-1,0,no_previous_contact,no,0,0.6931471805599453,0.0
43,unemployed,single,tertiary,no,408,no,no,cellular,14,jul,8,-1,0,no_previous_contact,no,0,2.1972245773362196,0.0
64,unknown,married,unknown,no,2799,no,no,telephone,9,sep,4,-1,0,no_previous_contact,no,0,1.6094379124341003,0.0
32,housemaid,married,secondary,no,0,no,no,cellular,21,aug,2,-1,0,no_previous_contact,no,0,1.0986122886681098,0.0
48,blue-collar,married,secondary,no,0,no,no,cellular,29,jul,6,-1,0,no_previous_contact,no,0,1.9459101490553132,0.0
38,technician,married,tertiary,no,447,yes,no,cellular,2,feb,1,269,1,failure,no,1,0.6931471805599453,0.6931471805599453
59,retired,married,secondary,no,0,no,no,cellular,6,aug,2,-1,0,no_previous_contact,no,0,1.0986122886681098,0.0
51,management,married,tertiary,no,469,no,no,cellular,14,oct,1,182,3,success,yes,1,0.6931471805599453,1.3862943611198906
28,services,single,secondary,no,3575,yes,no,unknown,3,jun,1,-1,0,no_previous_contact,no,0,0.6931471805599453,0.0
59,retired,married,secondary,no,1896,no,no,telephone,20,nov,9,-1,0,no_previous_contact,no,0,2.302585092994046,0.0
32,self-employed,single,secondary,no,518,yes,no,cellular,18,may,7,-1,0,no_previous_contact,no,0,2.0794415416798357,0.0
30,admin.,single,secondary,no,270,no,no,cellular,30,apr,1,80,1,success,yes,1,0.6931471805599453,0.6931471805599453
43,blue-collar,married,primary,no,223,yes,no,cellular,4,feb,2,204,2,other,no,1,1.0986122886681098,1.0986122886681098
38,blue-collar,married,secondary,no,730,yes,no,cellular,20,apr,5,328,8,other,no,1,1.791759469228055,2.1972245773362196
33,blue-collar,single,secondary,no,264,yes,no,cellular,17,apr,1,-1,0,no_previous_contact,no,0,0.6931471805599453,0.0
59,retired,married,unknown,no,178,yes,no,telephone,11,jul,2,-1,0,no_previous_contact,no,0,1.0986122886681098,0.0
34,technician,single,secondary,no,1313,no,no,cellular,22,jul,2,94,4,failure,no,1,1.0986122886681098,1.6094379124341003
27,admin.,married,secondary,yes,-517,yes,no,cellular,14,jul,3,-1,0,no_previous_contact,no,0,1.3862943611198906,0.0
43,technician,single,secondary,no,463,yes,no,cellular,17,nov,2,-1,0,no_previous_contact,no,0,1.0986122886681098,0.0
35,admin.,divorced,secondary,no,-101,yes,yes,cellular,6,may,1,-1,0,no_previous_contact,no,0,0.6931471805599453,0.0
38,retired,married,unknown,no,304,no,no,cellular,11,may,1,350,5,other,no,1,0.6931471805599453,1.791759469228055
47,blue-collar,married,secondary,no,4403,yes,yes,unknown,17,nov,1,-1,0,no_previous_contact,no,0,0.6931471805599453,0.0
31,services,married,secondary,no,28,yes,no,unknown,8,may,1,-1,0,no_previous_contact,no,0,0.6931471805599453,0.0
56,retired,married,unknown,no,230,no,no,cellular,8,sep,1,92,2,failure,no,1,0.6931471805599453,1.0986122886681098
43,entrepreneur,married,tertiary,no,11532,yes,no,telephone,25,jul,1,-1,0,no_previous_contact,no,0,0.6931471805599453,0.0
37,blue-collar,married,secondary,no,2023,yes,no,cellular,10,jul,1,-1,0,no_previous_contact,no,0,0.6931471805599453,0.0
43,management,married,tertiary,yes,0,no,no,cellular,21,jul,2,-1,0,no_previous_contact,no,0,1.0986122886681098,0.0
50,management,married,secondary,no,13931,yes,no,cellular,18,nov,1,-1,0,no_previous_contact,no,0,0.6931471805599453,0.0
37,management,married,secondary,no,58,no,no,telephone,28,aug,20,-1,0,no_previous_contact,no,0,3.044522437723423,0.0
53,blue-collar,married,secondary,no,0,yes,no,cellular,7,may,2,-1,0,no_previous_contact,no,0,1.0986122886681098,0.0
32,blue-collar,married,secondary,no,0,yes,no,cellular,19,nov,2,-1,0,no_previous_contact,no,0,1.0986122886681098,0.0
45,unemployed,single,primary,no,8725,no,no,cellular,8,jul,2,-1,0,no_previous_contact,no,0,1.0986122886681098,0.0
44,management,single,tertiary,no,300,yes,no,cellular,17,nov,1,-1,0,no_previous_contact,no,0,0.6931471805599453,0.0
40,blue-collar,married,secondary,no,1508,no,no,cellular,3,nov,2,85,3,failure,no,1,1.0986122886681098,1.3862943611198906
56,services,divorced,secondary,no,6101,no,no,cellular,14,apr,4,-1,0,no_previous_contact,no,0,1.6094379124341003,0.0
26,technician,divorced,tertiary,no,-70,no,yes,unknown,1,jul,2,-1,0,no_previous_contact,no,0,1.0986122886681098,0.0
38,technician,single,tertiary,no,221,no,no,cellular,20,aug,3,-1,0,no_previous_contact,no,0,1.3862943611198906,0.0
32,admin.,single,secondary,no,299,yes,no,cellular,20,apr,2,348,2,failure,no,1,1.0986122886681098,1.0986122886681098
24,student,single,primary,no,1283,no,no,cellular,2,apr,2,-1,0,no_previous_contact,no,0,1.0986122886681098,0.0
28,blue-collar,single,tertiary,no,1372,no,no,cellular,15,may,4,298,1,failure,no,1,1.6094379124341003,0.6931471805599453
48,management,married,tertiary,no,408,yes,no,cellular,17,apr,1,-1,0,no_previous_contact,no,0,0.6931471805599453,0.0
38,technician,married,secondary,no,497,no,no,unknown,14,apr,1,-1,0,no_previous_contact,yes,0,0.6931471805599453,0.0
56,management,divorced,tertiary,no,310,no,no,unknown,20,jun,4,-1,0,no_previous_contact,no,0,1.6094379124341003,0.0
33,technician,single,secondary,no,291,no,no,cellular,25,aug,6,-1,0,no_previous_contact,no,0,1.9459101490553132,0.0
34,blue-collar,married,secondary,no,1412,yes,yes,unknown,27,may,2,-1,0,no_previous_contact,no,0,1.0986122886681098,0.0
28,blue-collar,divorced,primary,no,319,yes,no,cellular,21,jul,2,-1,0,no_previous_contact,no,0,1.0986122886681098,0.0
28,self-employed,single,secondary,no,68,no,no,cellular,30,apr,1,-1,0,no_previous_contact,no,0,0.6931471805599453,0.0
45,technician,married,secondary,no,406,yes,no,cellular,3,jun,1,307,10,other,no,1,0.6931471805599453,2.3978952727983707
30,student,single,secondary,no,1555,no,no,cellular,2,jun,1,-1,0,no_previous_contact,no,0,0.6931471805599453,0.0
57,entrepreneur,married,secondary,no,905,no,no,cellular,7,aug,1,-1,0,no_previous_contact,no,0,0.6931471805599453,0.0
30,services,single,secondary,no,9720,no,yes,cellular,20,nov,2,-1,0,no_previous_contact,no,0,1.0986122886681098,0.0
38,blue-collar,married,secondary,no,2685,no,no,unknown,20,jun,12,-1,0,no_previous_contact,no,0,2.5649493574615367,0.0
48,blue-collar,married,unknown,no,131,yes,no,unknown,6,may,1,-1,0,no_previous_contact,no,0,0.6931471805599453,0.0
49,management,married,tertiary,no,0,no,no,cellular,19,aug,6,-1,0,no_previous_contact,no,0,1.9459101490553132,0.0
59,admin.,married,secondary,no,1675,no,yes,cellular,7,aug,2,-1,0,no_previous_contact,no,0,1.0986122886681098,0.0
56,services,married,unknown,no,616,no,no,unknown,18,jun,1,-1,0,no_previous_contact,no,0,0.6931471805599453,0.0
57,entrepreneur,married,secondary,no,926,no,no,unknown,17,jun,3,-1,0,no_previous_contact,no,0,1.3862943611198906,0.0
34,management,married,tertiary,no,611,no,no,cellular,2,jun,1,-1,0,no_previous_contact,yes,0,0.6931471805599453,0.0
55,technician,married,secondary,no,3207,no,no,cellular,28,jan,2,153,12,failure,no,1,1.0986122886681098,2.5649493574615367
40,technician,married,secondary,no,336,no,no,cellular,27,aug,6,-1,0,no_previous_contact,no,0,1.9459101490553132,0.0
29,self-employed,single,tertiary,no,805,no,no,cellular,1,jul,2,128,8,success,no,1,1.0986122886681098,2.1972245773362196
59,retired,married,primary,no,0,no,no,cellular,22,aug,1,-1,0,no_previous_contact,no,0,0.6931471805599453,0.0
49,management,divorced,secondary,no,613,no,yes,cellular,28,jan,1,-1,0,no_previous_contact,no,0,0.6931471805599453,0.0
46,technician,married,secondary,no,410,no,yes,cellular,21,nov,5,-1,0,no_previous_contact,no,0,1.791759469228055,0.0
35,services,single,secondary,no,143,yes,yes,cellular,13,may,1,369,2,other,no,1,0.6931471805599453,1.0986122886681098
27,services,married,secondary,no,100,no,no,cellular,16,jul,2,-1,0,no_previous_contact,no,0,1.0986122886681098,0.0
56,retired,married,primary,no,3149,no,no,cellular,7,aug,3,-1,0,no_previous_contact,no,0,1.3862943611198906,0.0
50,technician,married,secondary,no,1088,yes,no,unknown,20,jun,21,-1,0,no_previous_contact,no,0,3.091042453358316,0.0
40,self-employed,divorced,secondary,no,172,no,no,cellular,29,jan,1,-1,0,no_previous_contact,no,0,0.6931471805599453,0.0
42,technician,married,unknown,no,-401,yes,no,telephone,29,aug,2,-1,0,no_previous_contact,no,0,1.0986122886681098,0.0
44,services,divorced,secondary,no,-389,yes,yes,unknown,5,jun,1,-1,0,no_previous_contact,no,0,0.6931471805599453,0.0
56,retired,married,primary,no,21,no,no,cellular,29,jul,7,-1,0,no_previous_contact,no,0,2.0794415416798357,0.0
30,services,single,secondary,no,268,no,no,unknown,24,jul,1,-1,0,no_previous_contact,no,0,0.6931471805599453,0.0
30,services,single,secondary,no,21,yes,no,unknown,7,may,2,-1,0,no_previous_contact,no,0,1.0986122886681098,0.0
30,self-employed,single,tertiary,no,189,no,no,cellular,19,nov,4,-1,0,no_previous_contact,no,0,1.6094379124341003,0.0
40,blue-collar,single,secondary,no,6915,yes,no,cellular,4,feb,2,-1,0,no_previous_contact,no,0,1.0986122886681098,0.0
32,management,single,tertiary,no,123,no,no,telephone,29,aug,11,-1,0,no_previous_contact,no,0,2.4849066497880004,0.0
32,blue-collar,single,secondary,no,1067,yes,no,unknown,21,may,2,-1,0,no_previous_contact,no,0,1.0986122886681098,0.0
27,admin.,single,secondary,no,914,no,no,cellular,8,jul,2,-1,0,no_previous_contact,no,0,1.0986122886681098,0.0
73,retired,divorced,secondary,no,7111,yes,no,cellular,12,oct,1,-1,0,no_previous_contact,yes,0,0.6931471805599453,0.0
30,technician,single,tertiary,no,2784,no,no,cellular,20,nov,3,-1,0,no_previous_contact,no,0,1.3862943611198906,0.0
41,admin.,single,secondary,no,100,yes,no,telephone,24,jul,2,-1,0,no_previous_contact,no,0,1.0986122886681098,0.0
30,management,single,tertiary,no,1028,no,no,cellular,4,feb,2,-1,0,no_previous_contact,yes,0,1.0986122886681098,0.0
60,admin.,married,secondary,no,221,no,no,cellular,29,aug,4,-1,0,no_previous_contact,no,0,1.6094379124341003,0.0
43,technician,married,secondary,no,3049,no,no,cellular,28,jan,2,-1,0,no_previous_contact,no,0,1.0986122886681098,0.0
39,services,married,tertiary,no,6497,no,no,unknown,18,jun,1,-1,0,no_previous_contact,no,0,0.6931471805599453,0.0
46,technician,divorced,secondary,no,79,no,no,unknown,5,may,1,-1,0,no_previous_contact,no,0,0.6931471805599453,0.0
60,blue-collar,married,secondary,no,1407,yes,no,cellular,14,may,1,370,1,failure,no,1,0.6931471805599453,0.6931471805599453
58,admin.,married,secondary,no,5680,no,yes,cellular,18,nov,2,-1,0,no_previous_contact,no,0,1.0986122886681098,0.0
65,retired,married,unknown,no,820,no,no,cellular,7,jul,1,-1,0,no_previous_contact,no,0,0.6931471805599453,0.0
42,technician,married,secondary,no,2037,no,yes,cellular,5,feb,1,8,1,other,no,1,0.6931471805599453,0.6931471805599453
39,blue-collar,married,secondary,no,1360,yes,no,cellular,13,may,1,-1,0,no_previous_contact,no,0,0.6931471805599453,0.0
25,blue-collar,married,secondary,no,-23,yes,no,cellular,25,jul,1,-1,0,no_previous_contact,no,0,0.6931471805599453,0.0
28,unemployed,single,secondary,no,538,no,no,cellular,4,jun,3,-1,0,no_previous_contact,no,0,1.3862943611198906,0.0
37,services,single,secondary,no,1045,no,no,cellular,17,mar,2,41,1,failure,yes,1,1.0986122886681098,0.6931471805599453
35,management,married,tertiary,no,247,yes,no,cellular,8,may,3,367,3,other,no,1,1.3862943611198906,1.3862943611198906
57,services,married,secondary,no,1315,no,no,cellular,14,aug,2,-1,0,no_previous_contact,no,0,1.0986122886681098,0.0
43,management,divorced,tertiary,no,1133,yes,no,cellular,5,may,1,-1,0,no_previous_contact,no,0,0.6931471805599453,0.0
30,management,single,tertiary,no,218,no,no,unknown,3,jun,1,-1,0,no_previous_contact,no,0,0.6931471805599453,0.0
35,admin.,married,secondary,no,530,yes,no,unknown,6,may,1,-1,0,no_previous_contact,no,0,0.6931471805599453,0.0
51,unknown,married,unknown,no,12,no,no,unknown,11,jun,1,-1,0,no_previous_contact,no,0,0.6931471805599453,0.0
43,technician,married,primary,no,-441,yes,no,cellular,14,jul,3,-1,0,no_previous_contact,no,0,1.3862943611198906,0.0
33,technician,single,tertiary,no,340,no,no,cellular,8,aug,2,-1,0,no_previous_contact,no,0,1.0986122886681098,0.0
37,blue-collar,single,secondary,no,2235,yes,no,cellular,20,apr,2,151,2,failure,no,1,1.0986122886681098,1.0986122886681098
34,admin.,divorced,secondary,no,661,yes,no,cellular,5,aug,2,183,10,failure,yes,1,1.0986122886681098,2.3978952727983707
44,admin.,single,secondary,no,-84,yes,no,unknown,8,may,3,-1,0,no_previous_contact,no,0,1.3862943611198906,0.0
42,technician,married,secondary,no,525,no,no,cellular,17,nov,3,-1,0,no_previous_contact,no,0,1.3862943611198906,0.0
51,retired,married,primary,no,670,yes,no,cellular,7,may,1,-1,0,no_previous_contact,no,0,0.6931471805599453,0.0
28,management,divorced,tertiary,no,229,yes,no,cellular,9,apr,2,315,2,other,yes,1,1.0986122886681098,1.0986122886681098
48,blue-collar,married,unknown,no,2499,no,no,cellular,28,aug,3,-1,0,no_previous_contact,no,0,1.3862943611198906,0.0
36,admin.,single,secondary,no,8,no,no,cellular,21,aug,2,-1,0,no_previous_contact,no,0,1.0986122886681098,0.0
36,unemployed,married,secondary,no,16,yes,yes,cellular,17,nov,2,-1,0,no_previous_contact,no,0,1.0986122886681098,0.0
32,unemployed,married,secondary,no,11524,yes,no,cellular,19,nov,3,-1,0,no_previous_contact,no,0,1.3862943611198906,0.0
45,technician,single,secondary,no,21,yes,no,cellular,25,aug,3,-1,0,no_previous_contact,no,0,1.3862943611198906,0.0
29,blue-collar,married,primary,no,220,yes,no,unknown,4,jun,2,-1,0,no_previous_contact,no,0,1.0986122886681098,0.0
31,unemployed,single,tertiary,no,1611,yes,no,unknown,23,may,2,-1,0,no_previous_contact,no,0,1.0986122886681098,0.0
47,unemployed,married,secondary,no,3287,yes,yes,unknown,17,jun,1,-1,0,no_previous_contact,no,0,0.6931471805599453,0.0
54,entrepreneur,married,secondary,no,0,no,yes,cellular,15,jul,4,-1,0,no_previous_contact,no,0,1.6094379124341003,0.0
18,student,single,unknown,no,108,no,no,cellular,9,feb,1,183,1,success,yes,1,0.6931471805599453,0.6931471805599453
31,technician,married,tertiary,no,4315,yes,no,unknown,21,may,1,-1,0,no_previous_contact,no,0,0.6931471805599453,0.0
27,technician,single,secondary,no,1996,yes,no,cellular,5,may,1,-1,0,no_previous_contact,no,0,0.6931471805599453,0.0
27,services,single,tertiary,no,5883,yes,no,unknown,28,may,2,-1,0,no_previous_contact,no,0,1.0986122886681098,0.0
41,admin.,divorced,secondary,no,348,yes,no,unknown,27,may,3,-1,0,no_previous_contact,no,0,1.3862943611198906,0.0
34,technician,single,secondary,no,60,no,no,cellular,7,aug,2,-1,0,no_previous_contact,no,0,1.0986122886681098,0.0
34,blue-collar,married,secondary,no,3990,yes,no,cellular,24,jul,7,-1,0,no_previous_contact,no,0,2.0794415416798357,0.0
49,technician,married,secondary,no,-147,yes,no,cellular,20,apr,1,-1,0,no_previous_contact,no,0,0.6931471805599453,0.0
28,management,single,tertiary,no,939,yes,no,unknown,27,may,1,-1,0,no_previous_contact,yes,0,0.6931471805599453,0.0
45,blue-collar,married,unknown,no,419,no,no,unknown,5,jun,1,-1,0,no_previous_contact,no,0,0.6931471805599453,0.0
43,management,divorced,tertiary,no,-496,yes,yes,cellular,22,jul,3,-1,0,no_previous_contact,no,0,1.3862943611198906,0.0
31,services,single,secondary,no,6374,yes,no,unknown,23,may,2,-1,0,no_previous_contact,no,0,1.0986122886681098,0.0
57,retired,married,secondary,no,1230,no,no,cellular,22,feb,1,-1,0,no_previous_contact,no,0,0.6931471805599453,0.0
32,management,married,tertiary,no,477,yes,no,telephone,18,may,6,178,5,failure,no,1,1.9459101490553132,1.791759469228055
41,technician,married,tertiary,no,585,yes,no,telephone,20,apr,1,-1,0,no_previous_contact,no,0,0.6931471805599453,0.0
27,blue-collar,single,primary,no,3342,yes,no,cellular,30,apr,2,330,4,failure,no,1,1.0986122886681098,1.6094379124341003
41,admin.,married,secondary,no,-62,yes,yes,unknown,5,may,2,-1,0,no_previous_contact,no,0,1.0986122886681098,0.0
48,management,married,tertiary,no,363,no,no,cellular,18,nov,1,-1,0,no_previous_contact,no,0,0.6931471805599453,0.0
74,management,married,tertiary,no,4515,no,no,telephone,17,apr,5,-1,0,no_previous_contact,no,0,1.791759469228055,0.0
56,admin.,married,secondary,no,346,yes,yes,unknown,30,may,3,-1,0,no_previous_contact,no,0,1.3862943611198906,0.0
30,self-employed,single,secondary,no,280,no,no,telephone,5,may,3,-1,0,no_previous_contact,no,0,1.3862943611198906,0.0
36,services,married,secondary,no,143,yes,yes,unknown,5,may,1,-1,0,no_previous_contact,no,0,0.6931471805599453,0.0
44,services,married,secondary,no,163,yes,no,cellular,17,nov,1,-1,0,no_previous_contact,no,0,0.6931471805599453,0.0
37,services,married,unknown,no,-224,no,no,unknown,18,jun,2,-1,0,no_previous_contact,no,0,1.0986122886681098,0.0
44,management,single,tertiary,no,6350,yes,no,cellular,9,jul,1,-1,0,no_previous_contact,no,0,0.6931471805599453,0.0
36,blue-collar,married,primary,no,398,yes,no,unknown,12,jun,1,-1,0,no_previous_contact,no,0,0.6931471805599453,0.0
47,technician,married,secondary,no,536,yes,no,cellular,18,may,2,336,2,success,no,1,1.0986122886681098,1.0986122886681098
38,admin.,married,secondary,no,-33,no,no,cellular,29,jan,1,-1,0,no_previous_contact,no,0,0.6931471805599453,0.0
21,admin.,single,tertiary,no,242,no,yes,cellular,26,mar,4,-1,0,no_previous_contact,no,0,1.6094379124341003,0.0
39,entrepreneur,married,secondary,no,0,no,no,unknown,20,jun,1,-1,0,no_previous_contact,no,0,0.6931471805599453,0.0
26,self-employed,married,tertiary,no,219,no,no,cellular,4,may,5,-1,0,no_previous_contact,no,0,1.791759469228055,0.0
35,management,single,tertiary,no,2808,yes,no,unknown,19,jun,12,-1,0,no_previous_contact,no,0,2.5649493574615367,0.0
33,blue-collar,married,secondary,no,463,yes,no,cellular,15,may,5,-1,0,no_previous_contact,no,0,1.791759469228055,0.0
31,management,single,tertiary,no,1675,no,no,cellular,2,sep,2,363,1,failure,no,1,1.0986122886681098,0.6931471805599453
38,technician,married,secondary,no,751,yes,no,cellular,3,apr,1,-1,0,no_previous_contact,no,0,0.6931471805599453,0.0
56,management,married,tertiary,no,15520,no,no,cellular,18,nov,1,-1,0,no_previous_contact,no,0,0.6931471805599453,0.0
49,technician,married,secondary,no,25,yes,yes,cellular,19,aug,2,-1,0,no_previous_contact,no,0,1.0986122886681098,0.0
48,blue-collar,married,secondary,no,154,yes,no,unknown,27,may,3,-1,0,no_previous_contact,no,0,1.3862943611198906,0.0
36,admin.,divorced,secondary,no,1573,yes,no,unknown,20,jun,10,-1,0,no_previous_contact,no,0,2.3978952727983707,0.0
37,blue-collar,married,secondary,no,37,yes,no,unknown,5,may,1,-1,0,no_previous_contact,no,0,0.6931471805599453,0.0
52,management,married,tertiary,no,2635,no,no,cellular,6,sep,1,108,8,success,no,1,0.6931471805599453,2.1972245773362196
27,management,single,tertiary,no,80,no,no,cellular,27,may,2,-1,0,no_previous_contact,no,0,1.0986122886681098,0.0
24,services,single,secondary,no,414,yes,no,cellular,18,may,1,370,1,other,yes,1,0.6931471805599453,0.6931471805599453
52,unemployed,married,tertiary,no,2133,no,yes,cellular,18,jul,1,-1,0,no_previous_contact,no,0,0.6931471805599453,0.0
36,management,divorced,tertiary,no,1343,yes,yes,unknown,16,may,1,-1,0,no_previous_contact,no,0,0.6931471805599453,0.0
40,blue-collar,single,secondary,no,322,yes,no,cellular,7,may,1,-1,0,no_previous_contact,no,0,0.6931471805599453,0.0
34,services,married,secondary,no,5,yes,no,cellular,21,jul,4,-1,0,no_previous_contact,no,0,1.6094379124341003,0.0
30,technician,single,secondary,no,0,no,no,cellular,13,aug,4,562,1,failure,no,1,1.6094379124341003,0.6931471805599453
33,blue-collar,divorced,secondary,no,86,no,yes,cellular,21,nov,3,186,1,failure,no,1,1.3862943611198906,0.6931471805599453
45,unknown,married,secondary,no,2119,no,no,cellular,19,aug,15,-1,0,no_previous_contact,no,0,2.772588722239781,0.0
57,management,divorced,tertiary,no,3287,no,no,cellular,22,jun,1,84,3,success,yes,1,0.6931471805599453,1.3862943611198906
32,blue-collar,married,secondary,no,36,yes,no,cellular,18,may,4,-1,0,no_previous_contact,no,0,1.6094379124341003,0.0
46,admin.,single,secondary,no,1544,yes,no,unknown,29,may,1,-1,0,no_previous_contact,no,0,0.6931471805599453,0.0
25,entrepreneur,married,tertiary,no,38,yes,no,cellular,22,jul,5,-1,0,no_previous_contact,no,0,1.791759469228055,0.0
44,blue-collar,single,primary,no,1593,yes,no,unknown,29,may,3,-1,0,no_previous_contact,yes,0,1.3862943611198906,0.0
57,management,married,tertiary,no,297,no,no,cellular,5,feb,1,-1,0,no_previous_contact,no,0,0.6931471805599453,0.0
49,blue-collar,married,primary,no,4140,no,no,cellular,7,jul,4,-1,0,no_previous_contact,no,0,1.6094379124341003,0.0
30,technician,single,tertiary,no,880,yes,yes,unknown,19,may,6,-1,0,no_previous_contact,yes,0,1.9459101490553132,0.0
29,services,single,secondary,no,-287,yes,no,cellular,18,may,1,-1,0,no_previous_contact,no,0,0.6931471805599453,0.0
31,services,single,secondary,no,2038,yes,no,cellular,18,nov,1,182,1,failure,no,1,0.6931471805599453,0.6931471805599453
32,management,single,tertiary,no,643,no,no,cellular,22,oct,1,-1,0,no_previous_contact,no,0,0.6931471805599453,0.0
29,services,married,secondary,no,317,no,no,cellular,28,jan,2,-1,0,no_previous_contact,no,0,1.0986122886681098,0.0
35,management,single,tertiary,no,68,no,no,unknown,6,jun,1,-1,0,no_previous_contact,yes,0,0.6931471805599453,0.0
35,technician,married,secondary,no,1368,no,no,cellular,13,aug,2,78,3,success,no,1,1.0986122886681098,1.3862943611198906
26,unemployed,single,secondary,no,4,no,no,unknown,7,sep,1,-1,0,no_previous_contact,no,0,0.6931471805599453,0.0
39,blue-collar,married,primary,no,1397,yes,no,unknown,12,jun,1,-1,0,no_previous_contact,no,0,0.6931471805599453,0.0
57,technician,divorced,tertiary,no,126,no,no,telephone,4,jun,2,-1,0,no_previous_contact,yes,0,1.0986122886681098,0.0
52,entrepreneur,married,tertiary,yes,-468,no,no,cellular,8,jul,1,-1,0,no_previous_contact,yes,0,0.6931471805599453,0.0
40,admin.,married,tertiary,no,0,yes,no,cellular,15,jul,3,-1,0,no_previous_contact,no,0,1.3862943611198906,0.0
55,housemaid,married,primary,no,10,no,no,cellular,4,feb,3,-1,0,no_previous_contact,no,0,1.3862943611198906,0.0
36,technician,single,secondary,no,376,no,no,cellular,13,nov,1,92,1,success,yes,1,0.6931471805599453,0.6931471805599453
56,retired,married,secondary,no,450,no,no,telephone,17,nov,1,-1,0,no_previous_contact,no,0,0.6931471805599453,0.0
58,admin.,married,secondary,no,169,no,no,cellular,13,may,3,87,5,success,yes,1,1.3862943611198906,1.791759469228055
57,retired,married,primary,no,70,yes,yes,unknown,16,may,5,-1,0,no_previous_contact,no,0,1.791759469228055,0.0
35,management,married,tertiary,no,656,yes,yes,cellular,21,nov,4,-1,0,no_previous_contact,no,0,1.6094379124341003,0.0
58,retired,married,tertiary,no,324,no,no,unknown,20,jun,4,-1,0,no_previous_contact,no,0,1.6094379124341003,0.0
28,technician,single,secondary,no,100,yes,no,cellular,13,may,5,-1,0,no_previous_contact,no,0,1.791759469228055,0.0
30,management,single,tertiary,no,167,no,no,cellular,30,jan,2,-1,0,no_previous_contact,no,0,1.0986122886681098,0.0
34,management,married,tertiary,no,1778,no,no,cellular,5,feb,1,93,3,success,no,1,0.6931471805599453,1.3862943611198906
42,blue-collar,single,secondary,no,625,no,no,unknown,19,jun,3,-1,0,no_previous_contact,yes,0,1.3862943611198906,0.0
30,technician,single,secondary,no,800,no,no,telephone,28,jan,2,-1,0,no_previous_contact,no,0,1.0986122886681098,0.0
27,blue-collar,single,primary,no,1,yes,no,cellular,28,jul,6,-1,0,no_previous_contact,no,0,1.9459101490553132,0.0
36,management,single,tertiary,no,811,no,no,cellular,6,mar,1,-1,0,no_previous_contact,yes,0,0.6931471805599453,0.0
44,blue-collar,married,secondary,no,560,yes,no,unknown,15,may,1,-1,0,no_previous_contact,no,0,0.6931471805599453,0.0
52,blue-collar,married,secondary,no,-519,yes,no,unknown,9,jun,8,-1,0,no_previous_contact,yes,0,2.1972245773362196,0.0
32,technician,single,secondary,no,6402,yes,no,cellular,6,may,1,167,1,success,no,1,0.6931471805599453,0.6931471805599453
32,student,single,unknown,no,376,no,no,cellular,13,may,2,178,3,failure,no,1,1.0986122886681098,1.3862943611198906
39,technician,single,secondary,no,283,yes,no,cellular,11,may,2,350,1,failure,no,1,1.0986122886681098,0.6931471805599453
37,blue-collar,divorced,secondary,no,277,no,yes,cellular,8,jul,2,-1,0,no_previous_contact,no,0,1.0986122886681098,0.0
35,technician,married,secondary,no,-1459,yes,no,cellular,27,aug,14,-1,0,no_previous_contact,no,0,2.70805020110221,0.0
29,self-employed,single,tertiary,no,3290,no,no,cellular,12,may,1,50,3,success,yes,1,0.6931471805599453,1.3862943611198906
47,blue-collar,single,primary,no,10558,yes,no,cellular,13,may,3,174,2,other,no,1,1.3862943611198906,1.0986122886681098
32,blue-collar,single,secondary,no,3036,yes,no,cellular,31,jul,5,-1,0,no_previous_contact,no,0,1.791759469228055,0.0
37,services,single,secondary,no,278,yes,no,unknown,3,jun,3,-1,0,no_previous_contact,yes,0,1.3862943611198906,0.0
30,student,single,secondary,no,3096,no,no,cellular,2,aug,3,188,1,failure,no,1,1.3862943611198906,0.6931471805599453
32,technician,single,secondary,no,12,no,no,cellular,7,aug,2,-1,0,no_previous_contact,no,0,1.0986122886681098,0.0
43,management,divorced,secondary,no,1387,no,no,telephone,23,jul,2,-1,0,no_previous_contact,no,0,1.0986122886681098,0.0
47,management,married,primary,no,1797,no,no,cellular,7,jul,4,-1,0,no_previous_contact,no,0,1.6094379124341003,0.0
42,technician,married,secondary,no,0,no,yes,unknown,8,may,3,-1,0,no_previous_contact,no,0,1.3862943611198906,0.0
41,blue-collar,married,secondary,no,140,yes,no,cellular,3,jun,1,125,2,failure,no,1,0.6931471805599453,1.0986122886681098
40,entrepreneur,married,secondary,no,1349,no,no,cellular,20,nov,3,-1,0,no_previous_contact,no,0,1.3862943611198906,0.0
58,blue-collar,married,secondary,no,928,no,no,cellular,15,jul,3,-1,0,no_previous_contact,no,0,1.3862943611198906,0.0
55,technician,married,secondary,no,0,no,no,cellular,27,jul,2,-1,0,no_previous_contact,no,0,1.0986122886681098,0.0
57,technician,married,tertiary,no,27069,no,yes,unknown,20,jun,3,-1,0,no_previous_contact,no,0,1.3862943611198906,0.0
29,services,single,secondary,no,262,yes,no,unknown,9,may,1,-1,0,no_previous_contact,no,0,0.6931471805599453,0.0
27,blue-collar,married,secondary,no,-132,yes,no,unknown,4,jun,1,-1,0,no_previous_contact,no,0,0.6931471805599453,0.0
35,management,married,tertiary,no,4286,yes,no,unknown,9,may,1,-1,0,no_previous_contact,no,0,0.6931471805599453,0.0
77,retired,divorced,secondary,no,0,no,no,cellular,25,sep,1,-1,0,no_previous_contact,yes,0,0.6931471805599453,0.0
34,management,married,tertiary,no,6203,no,no,telephone,21,nov,2,-1,0,no_previous_contact,no,0,1.0986122886681098,0.0
57,services,single,secondary,no,1430,yes,no,unknown,3,jun,5,-1,0,no_previous_contact,no,0,1.791759469228055,0.0
50,retired,married,tertiary,no,4,yes,yes,cellular,11,may,1,-1,0,no_previous_contact,no,0,0.6931471805599453,0.0
37,blue-collar,married,primary,no,321,yes,no,unknown,7,may,2,-1,0,no_previous_contact,no,0,1.0986122886681098,0.0
43,technician,married,tertiary,no,192,no,no,cellular,5,aug,2,-1,0,no_previous_contact,no,0,1.0986122886681098,0.0
59,retired,divorced,primary,no,643,yes,no,unknown,13,may,2,-1,0,no_previous_contact,no,0,1.0986122886681098,0.0
36,self-employed,single,tertiary,no,258,no,no,cellular,5,feb,1,-1,0,no_previous_contact,no,0,0.6931471805599453,0.0
48,admin.,divorced,secondary,no,362,no,no,cellular,13,aug,1,-1,0,no_previous_contact,yes,0,0.6931471805599453,0.0
42,technician,married,tertiary,no,0,no,no,cellular,28,jan,2,-1,0,no_previous_contact,no,0,1.0986122886681098,0.0
36,management,divorced,tertiary,no,2361,no,no,cellular,6,feb,1,-1,0,no_previous_contact,no,0,0.6931471805599453,0.0
63,admin.,married,secondary,no,0,yes,no,cellular,31,aug,5,-1,0,no_previous_contact,yes,0,1.791759469228055,0.0
37,admin.,married,secondary,no,1123,no,yes,unknown,28,may,1,-1,0,no_previous_contact,no,0,0.6931471805599453,0.0
49,blue-collar,married,secondary,no,1127,yes,yes,cellular,10,jul,1,-1,0,no_previous_contact,no,0,0.6931471805599453,0.0
36,self-employed,married,tertiary,no,980,no,no,cellular,24,sep,2,53,8,failure,no,1,1.0986122886681098,2.1972245773362196
25,admin.,single,secondary,no,2816,no,no,cellular,30,apr,1,-1,0,no_previous_contact,yes,0,0.6931471805599453,0.0
37,management,divorced,tertiary,no,1170,yes,yes,cellular,18,may,1,-1,0,no_previous_contact,no,0,0.6931471805599453,0.0
28,unemployed,single,secondary,no,1055,no,no,cellular,28,jan,1,-1,0,no_previous_contact,no,0,0.6931471805599453,0.0
53,technician,married,secondary,no,-3,no,no,unknown,5,may,1,-1,0,no_previous_contact,no,0,0.6931471805599453,0.0
64,retired,married,primary,no,440,no,no,cellular,6,feb,1,-1,0,no_previous_contact,yes,0,0.6931471805599453,0.0
29,services,single,secondary,no,814,no,no,unknown,6,jan,1,-1,0,no_previous_contact,no,0,0.6931471805599453,0.0
44,blue-collar,single,primary,no,142,yes,no,cellular,9,jul,1,-1,0,no_previous_contact,no,0,0.6931471805599453,0.0
42,self-employed,married,tertiary,no,83,yes,no,cellular,20,aug,4,-1,0,no_previous_contact,no,0,1.6094379124341003,0.0
34,management,married,tertiary,no,1725,yes,yes,cellular,28,jul,7,-1,0,no_previous_contact,no,0,2.0794415416798357,0.0
26,self-employed,married,tertiary,no,479,yes,no,cellular,9,feb,3,-1,0,no_previous_contact,no,0,1.3862943611198906,0.0
26,technician,single,secondary,no,261,yes,no,unknown,27,may,2,-1,0,no_previous_contact,no,0,1.0986122886681098,0.0
38,self-employed,divorced,tertiary,no,6447,no,no,cellular,12,jan,1,-1,0,no_previous_contact,no,0,0.6931471805599453,0.0
29,technician,single,secondary,yes,-33,no,yes,cellular,10,jul,1,-1,0,no_previous_contact,no,0,0.6931471805599453,0.0
34,management,married,tertiary,no,0,yes,yes,cellular,10,jul,1,-1,0,no_previous_contact,no,0,0.6931471805599453,0.0
36,blue-collar,married,secondary,no,1654,yes,yes,cellular,21,jul,2,-1,0,no_previous_contact,no,0,1.0986122886681098,0.0
50,technician,married,secondary,no,1130,yes,no,cellular,23,jul,2,-1,0,no_previous_contact,no,0,1.0986122886681098,0.0
39,admin.,married,secondary,no,201,yes,no,cellular,13,apr,3,-1,0,no_previous_contact,no,0,1.3862943611198906,0.0
35,blue-collar,married,secondary,no,645,yes,no,cellular,29,jan,1,-1,0,no_previous_contact,no,0,0.6931471805599453,0.0
28,admin.,single,secondary,no,157,no,no,cellular,27,may,3,-1,0,no_previous_contact,yes,0,1.3862943611198906,0.0
33,technician,single,secondary,no,716,yes,no,cellular,14,may,2,-1,0,no_previous_contact,no,0,1.0986122886681098,0.0
30,management,married,tertiary,no,1418,yes,yes,cellular,13,apr,2,-1,0,no_previous_contact,no,0,1.0986122886681098,0.0
26,management,single,tertiary,no,1274,yes,no,cellular,9,mar,1,-1,0,no_previous_contact,no,0,0.6931471805599453,0.0
31,services,married,secondary,no,418,yes,yes,cellular,9,jul,1,-1,0,no_previous_contact,no,0,0.6931471805599453,0.0
26,services,married,secondary,no,44,yes,yes,cellular,4,feb,2,237,20,other,no,1,1.0986122886681098,3.044522437723423
40,admin.,married,primary,no,189,yes,no,unknown,27,may,2,-1,0,no_previous_contact,no,0,1.0986122886681098,0.0
36,blue-collar,married,primary,no,-402,no,no,unknown,21,may,6,-1,0,no_previous_contact,no,0,1.9459101490553132,0.0
27,admin.,single,secondary,no,181,yes,no,unknown,8,may,2,-1,0,no_previous_contact,no,0,1.0986122886681098,0.0
32,management,married,tertiary,no,8300,no,yes,cellular,14,jul,3,-1,0,no_previous_contact,no,0,1.3862943611198906,0.0
36,blue-collar,single,secondary,no,151,yes,no,cellular,11,may,1,-1,0,no_previous_contact,no,0,0.6931471805599453,0.0
40,blue-collar,married,secondary,no,11084,no,no,unknown,11,jun,1,-1,0,no_previous_contact,no,0,0.6931471805599453,0.0
50,technician,married,secondary,no,20,yes,no,cellular,8,may,1,303,1,failure,no,1,0.6931471805599453,0.6931471805599453
34,entrepreneur,married,secondary,yes,-538,yes,no,cellular,20,apr,1,-1,0,no_previous_contact,no,0,0.6931471805599453,0.0
31,admin.,divorced,secondary,no,93,yes,no,cellular,18,nov,1,-1,0,no_previous_contact,no,0,0.6931471805599453,0.0
27,services,single,secondary,no,9636,yes,no,unknown,28,may,2,-1,0,no_previous_contact,no,0,1.0986122886681098,0.0
26,technician,single,secondary,no,24299,yes,no,unknown,13,may,1,-1,0,no_previous_contact,no,0,0.6931471805599453,0.0
47,management,married,secondary,no,-521,yes,no,cellular,3,apr,2,-1,0,no_previous_contact,no,0,1.0986122886681098,0.0
52,management,married,secondary,no,-588,yes,no,cellular,22,jul,4,-1,0,no_previous_contact,no,0,1.6094379124341003,0.0
51,technician,married,secondary,no,1327,no,no,cellular,7,jul,2,-1,0,no_previous_contact,no,0,1.0986122886681098,0.0
25,management,single,tertiary,no,565,yes,no,cellular,9,apr,1,-1,0,no_previous_contact,no,0,0.6931471805599453,0.0
57,management,married,secondary,no,657,yes,no,telephone,11,may,5,-1,0,no_previous_contact,no,0,1.791759469228055,0.0
55,retired,married,secondary,no,2749,yes,yes,unknown,29,may,2,-1,0,no_previous_contact,no,0,1.0986122886681098,0.0
50,blue-collar,married,secondary,no,-160,yes,no,unknown,28,may,2,-1,0,no_previous_contact,no,0,1.0986122886681098,0.0
38,services,married,secondary,no,1559,no,no,unknown,16,jun,1,-1,0,no_previous_contact,no,0,0.6931471805599453,0.0
32,blue-collar,single,secondary,no,22,no,no,cellular,7,jul,1,-1,0,no_previous_contact,no,0,0.6931471805599453,0.0
38,self-employed,divorced,secondary,no,2674,yes,no,unknown,19,jun,2,-1,0,no_previous_contact,no,0,1.0986122886681098,0.0
25,student,single,secondary,no,108,no,no,cellular,29,apr,3,-1,0,no_previous_contact,yes,0,1.3862943611198906,0.0
33,blue-collar,married,primary,no,-3,yes,no,telephone,17,apr,2,-1,0,no_previous_contact,no,0,1.0986122886681098,0.0
35,blue-collar,married,primary,no,4366,yes,no,unknown,28,may,3,-1,0,no_previous_contact,no,0,1.3862943611198906,0.0
35,admin.,single,tertiary,no,777,no,yes,cellular,28,may,1,-1,0,no_previous_contact,no,0,0.6931471805599453,0.0
31,admin.,married,secondary,no,782,yes,no,cellular,20,nov,1,-1,0,no_previous_contact,no,0,0.6931471805599453,0.0
50,entrepreneur,married,primary,no,300,yes,no,cellular,8,may,1,339,2,other,no,1,0.6931471805599453,1.0986122886681098
40,entrepreneur,divorced,tertiary,no,992,yes,no,cellular,31,jul,2,-1,0,no_previous_contact,no,0,1.0986122886681098,0.0
50,management,married,tertiary,no,101,yes,no,cellular,6,apr,2,326,1,failure,no,1,1.0986122886681098,0.6931471805599453
51,blue-collar,married,primary,no,7134,no,no,cellular,25,aug,7,-1,0,no_previous_contact,no,0,2.0794415416798357,0.0
31,management,married,tertiary,no,3,yes,yes,cellular,11,feb,1,-1,0,no_previous_contact,yes,0,0.6931471805599453,0.0
47,management,married,secondary,no,-1,no,no,cellular,6,aug,4,-1,0,no_previous_contact,no,0,1.6094379124341003,0.0
57,blue-collar,married,primary,no,52,yes,no,unknown,5,may,1,-1,0,no_previous_contact,no,0,0.6931471805599453,0.0
40,entrepreneur,married,secondary,no,0,yes,no,cellular,30,jul,23,-1,0,no_previous_contact,no,0,3.1780538303479458,0.0
56,technician,married,secondary,no,64,no,no,cellular,19,aug,4,-1,0,no_previous_contact,no,0,1.6094379124341003,0.0
26,blue-collar,single,secondary,no,535,yes,yes,unknown,28,may,1,-1,0,no_previous_contact,no,0,0.6931471805599453,0.0
23,admin.,single,secondary,no,281,yes,no,unknown,13,may,1,-1,0,no_previous_contact,no,0,0.6931471805599453,0.0
49,blue-collar,married,secondary,no,360,no,no,cellular,10,jul,1,-1,0,no_previous_contact,no,0,0.6931471805599453,0.0
31,services,married,secondary,no,2423,yes,yes,cellular,11,may,3,362,1,other,no,1,1.3862943611198906,0.6931471805599453
41,blue-collar,married,primary,no,201,yes,no,cellular,3,feb,1,-1,0,no_previous_contact,yes,0,0.6931471805599453,0.0
42,management,divorced,unknown,no,7702,no,no,cellular,16,feb,2,-1,0,no_previous_contact,yes,0,1.0986122886681098,0.0
32,management,married,tertiary,no,141,yes,no,cellular,4,may,3,89,9,success,no,1,1.3862943611198906,2.302585092994046
41,blue-collar,divorced,primary,no,1887,no,no,unknown,12,jun,2,-1,0,no_previous_contact,no,0,1.0986122886681098,0.0
58,blue-collar,married,secondary,no,288,yes,no,unknown,15,may,7,-1,0,no_previous_contact,no,0,2.0794415416798357,0.0
38,blue-collar,divorced,secondary,no,2641,no,no,unknown,17,jun,1,-1,0,no_previous_contact,no,0,0.6931471805599453,0.0
30,management,married,tertiary,no,168,yes,no,cellular,18,may,2,355,1,failure,no,1,1.0986122886681098,0.6931471805599453
30,management,single,tertiary,no,62,yes,no,cellular,29,jul,5,-1,0,no_previous_contact,no,0,1.791759469228055,0.0
45,blue-collar,married,secondary,no,392,yes,no,cellular,21,nov,2,127,2,failure,no,1,1.0986122886681098,1.0986122886681098
34,self-employed,married,tertiary,no,1545,yes,no,cellular,20,nov,1,183,2,failure,no,1,0.6931471805599453,1.0986122886681098
53,self-employed,married,primary,no,127,no,no,cellular,29,jan,2,-1,0,no_previous_contact,no,0,1.0986122886681098,0.0
55,unemployed,divorced,secondary,no,309,no,no,cellular,20,apr,1,181,3,success,yes,1,0.6931471805599453,1.3862943611198906
44,admin.,married,primary,no,248,yes,no,unknown,14,may,1,-1,0,no_previous_contact,no,0,0.6931471805599453,0.0
41,self-employed,married,secondary,no,3123,yes,no,cellular,3,apr,2,135,2,failure,yes,1,1.0986122886681098,1.0986122886681098
29,admin.,single,secondary,no,993,no,no,unknown,14,may,1,-1,0,no_previous_contact,no,0,0.6931471805599453,0.0
49,blue-collar,divorced,secondary,no,848,yes,no,unknown,19,jun,1,-1,0,no_previous_contact,no,0,0.6931471805599453,0.0
54,technician,married,unknown,no,2564,no,no,unknown,12,jun,1,-1,0,no_previous_contact,no,0,0.6931471805599453,0.0
24,admin.,single,tertiary,no,0,yes,no,cellular,7,sep,1,103,2,success,no,1,0.6931471805599453,1.0986122886681098
38,management,married,tertiary,no,0,yes,no,cellular,30,apr,1,-1,0,no_previous_contact,yes,0,0.6931471805599453,0.0
36,management,single,unknown,no,62,no,no,cellular,13,jul,1,91,2,success,yes,1,0.6931471805599453,1.0986122886681098
31,technician,single,tertiary,no,53,no,no,cellular,28,jan,2,-1,0,no_previous_contact,no,0,1.0986122886681098,0.0
38,services,married,primary,no,175,no,no,unknown,17,jun,2,-1,0,no_previous_contact,no,0,1.0986122886681098,0.0
42,blue-collar,married,secondary,no,0,yes,no,unknown,9,jul,16,-1,0,no_previous_contact,no,0,2.833213344056216,0.0
30,technician,single,tertiary,no,411,no,no,cellular,22,oct,3,149,2,failure,yes,1,1.3862943611198906,1.0986122886681098
40,management,single,primary,no,858,yes,no,unknown,21,may,1,-1,0,no_previous_contact,no,0,0.6931471805599453,0.0
41,entrepreneur,married,secondary,no,353,no,no,cellular,19,nov,2,-1,0,no_previous_contact,no,0,1.0986122886681098,0.0
40,blue-collar,married,unknown,no,247,yes,no,cellular,18,may,3,-1,0,no_previous_contact,no,0,1.3862943611198906,0.0
35,technician,single,secondary,no,-54,yes,no,unknown,30,may,2,-1,0,no_previous_contact,no,0,1.0986122886681098,0.0
52,services,divorced,secondary,no,6,no,no,cellular,23,jul,3,-1,0,no_previous_contact,no,0,1.3862943611198906,0.0
32,management,single,tertiary,no,84,no,no,telephone,3,dec,1,-1,0,no_previous_contact,no,0,0.6931471805599453,0.0
26,services,single,secondary,no,1050,yes,no,unknown,2,jun,3,-1,0,no_previous_contact,no,0,1.3862943611198906,0.0
35,blue-collar,married,primary,no,994,yes,no,unknown,23,may,8,-1,0,no_previous_contact,yes,0,2.1972245773362196,0.0
29,management,single,tertiary,no,-27,no,no,cellular,13,may,1,-1,0,no_previous_contact,yes,0,0.6931471805599453,0.0
32,blue-collar,single,secondary,no,-84,yes,no,cellular,11,may,1,-1,0,no_previous_contact,no,0,0.6931471805599453,0.0
34,unemployed,single,secondary,no,371,no,no,cellular,28,jan,1,-1,0,no_previous_contact,no,0,0.6931471805599453,0.0
48,admin.,married,primary,no,607,no,no,unknown,20,jun,2,-1,0,no_previous_contact,no,0,1.0986122886681098,0.0
53,self-employed,married,tertiary,no,4675,yes,no,cellular,29,jul,4,-1,0,no_previous_contact,no,0,1.6094379124341003,0.0
46,management,single,secondary,no,244,yes,no,unknown,15,may,1,-1,0,no_previous_contact,no,0,0.6931471805599453,0.0
33,blue-collar,single,secondary,no,476,yes,yes,cellular,17,apr,3,333,2,failure,no,1,1.3862943611198906,1.0986122886681098
22,student,single,secondary,no,23,no,no,cellular,27,oct,1,-1,0,no_previous_contact,yes,0,0.6931471805599453,0.0
64,retired,married,tertiary,no,846,no,no,cellular,11,feb,1,181,3,failure,yes,1,0.6931471805599453,1.3862943611198906
38,blue-collar,married,secondary,no,1205,yes,no,cellular,20,apr,4,153,1,failure,no,1,1.6094379124341003,0.6931471805599453
34,management,married,tertiary,no,2640,yes,no,cellular,6,may,1,-1,0,no_previous_contact,no,0,0.6931471805599453,0.0
35,unemployed,married,tertiary,no,1849,yes,no,cellular,15,may,1,-1,0,no_previous_contact,no,0,0.6931471805599453,0.0
51,blue-collar,married,primary,no,21,no,no,unknown,26,may,1,-1,0,no_previous_contact,no,0,0.6931471805599453,0.0
57,blue-collar,married,primary,no,856,no,no,cellular,11,aug,6,-1,0,no_previous_contact,no,0,1.9459101490553132,0.0
29,entrepreneur,single,tertiary,no,54,no,no,cellular,5,feb,3,-1,0,no_previous_contact,no,0,1.3862943611198906,0.0
33,management,married,tertiary,no,0,yes,no,unknown,23,may,5,-1,0,no_previous_contact,no,0,1.791759469228055,0.0
30,admin.,married,secondary,no,0,no,no,cellular,15,jul,5,-1,0,no_previous_contact,no,0,1.791759469228055,0.0
41,blue-collar,divorced,primary,no,1498,no,no,unknown,20,jun,2,-1,0,no_previous_contact,no,0,1.0986122886681098,0.0
58,management,single,unknown,no,1873,no,no,unknown,6,jun,2,-1,0,no_previous_contact,no,0,1.0986122886681098,0.0
37,management,married,tertiary,no,0,yes,no,cellular,6,may,2,169,3,failure,no,1,1.0986122886681098,1.3862943611198906
42,admin.,married,secondary,no,534,yes,no,unknown,16,may,2,-1,0,no_previous_contact,no,0,1.0986122886681098,0.0
59,management,married,tertiary,no,2764,no,no,cellular,18,feb,1,56,3,failure,no,1,0.6931471805599453,1.3862943611198906
42,management,married,tertiary,no,687,no,no,cellular,11,aug,2,-1,0,no_previous_contact,no,0,1.0986122886681098,0.0
40,services,single,secondary,no,0,yes,no,cellular,17,apr,2,-1,0,no_previous_contact,no,0,1.0986122886681098,0.0
40,blue-collar,married,primary,no,-335,yes,no,unknown,27,may,1,-1,0,no_previous_contact,no,0,0.6931471805599453,0.0
29,blue-collar,married,secondary,no,0,yes,no,cellular,16,jul,4,-1,0,no_previous_contact,no,0,1.6094379124341003,0.0
30,services,married,secondary,no,517,no,no,cellular,11,dec,2,-1,0,no_previous_contact,yes,0,1.0986122886681098,0.0
57,management,married,tertiary,no,473,no,no,cellular,1,jun,1,-1,0,no_previous_contact,yes,0,0.6931471805599453,0.0
56,technician,married,secondary,no,463,no,no,unknown,26,may,2,-1,0,no_previous_contact,no,0,1.0986122886681098,0.0
49,blue-collar,married,secondary,no,787,yes,no,unknown,5,jun,1,-1,0,no_previous_contact,no,0,0.6931471805599453,0.0
50,technician,married,secondary,no,416,yes,no,unknown,5,jun,5,-1,0,no_previous_contact,yes,0,1.791759469228055,0.0
56,blue-collar,divorced,secondary,no,486,yes,no,unknown,18,jun,4,-1,0,no_previous_contact,no,0,1.6094379124341003,0.0
47,technician,single,secondary,no,-239,yes,yes,cellular,7,jul,3,-1,0,no_previous_contact,yes,0,1.3862943611198906,0.0
36,management,married,tertiary,no,-115,yes,no,cellular,16,apr,4,182,2,other,yes,1,1.6094379124341003,1.0986122886681098
46,management,single,tertiary,no,-867,yes,yes,unknown,21,may,5,-1,0,no_previous_contact,no,0,1.791759469228055,0.0
37,blue-collar,married,secondary,no,949,yes,no,cellular,15,may,1,-1,0,no_previous_contact,no,0,0.6931471805599453,0.0
35,technician,single,secondary,no,230,no,no,cellular,28,aug,1,-1,0,no_previous_contact,no,0,0.6931471805599453,0.0
47,technician,married,secondary,no,1219,no,no,cellular,18,aug,4,-1,0,no_previous_contact,yes,0,1.6094379124341003,0.0
38,management,single,tertiary,no,15030,yes,no,cellular,13,may,1,174,7,other,no,1,0.6931471805599453,2.0794415416798357
48,blue-collar,married,primary,no,1203,no,no,cellular,6,aug,5,-1,0,no_previous_contact,no,0,1.791759469228055,0.0
27,unemployed,single,secondary,no,259,yes,no,cellular,18,may,2,-1,0,no_previous_contact,no,0,1.0986122886681098,0.0
49,technician,divorced,secondary,no,-1547,yes,yes,unknown,27,may,3,-1,0,no_previous_contact,no,0,1.3862943611198906,0.0
58,entrepreneur,married,primary,no,1249,no,no,cellular,5,feb,1,-1,0,no_previous_contact,no,0,0.6931471805599453,0.0
33,student,married,secondary,no,1536,no,no,cellular,9,nov,1,94,2,success,yes,1,0.6931471805599453,1.0986122886681098
55,technician,married,secondary,no,511,yes,no,cellular,1,jun,1,94,2,other,no,1,0.6931471805599453,1.0986122886681098
48,technician,married,secondary,no,0,no,no,cellular,28,jul,3,-1,0,no_previous_contact,no,0,1.3862943611198906,0.0
31,self-employed,married,tertiary,no,259,yes,no,cellular,7,may,1,-1,0,no_previous_contact,no,0,0.6931471805599453,0.0
38,blue-collar,married,secondary,no,50,yes,yes,cellular,11,jul,2,-1,0,no_previous_contact,no,0,1.0986122886681098,0.0
56,blue-collar,married,secondary,no,337,yes,no,unknown,20,jun,2,-1,0,no_previous_contact,no,0,1.0986122886681098,0.0
56,management,married,tertiary,no,171,no,yes,telephone,17,jul,2,-1,0,no_previous_contact,no,0,1.0986122886681098,0.0
55,blue-collar,married,primary,no,-317,yes,no,unknown,28,may,1,-1,0,no_previous_contact,no,0,0.6931471805599453,0.0
57,management,married,tertiary,no,215,no,yes,cellular,23,jul,9,-1,0,no_previous_contact,no,0,2.302585092994046,0.0
59,retired,married,secondary,no,0,no,no,cellular,18,jul,4,-1,0,no_previous_contact,no,0,1.6094379124341003,0.0
41,technician,single,secondary,no,-618,yes,yes,cellular,11,jul,1,-1,0,no_previous_contact,no,0,0.6931471805599453,0.0
47,services,married,primary,no,206,no,no,cellular,11,aug,3,-1,0,no_previous_contact,no,0,1.3862943611198906,0.0
42,housemaid,married,secondary,no,808,yes,no,cellular,9,jul,1,-1,0,no_previous_contact,no,0,0.6931471805599453,0.0
41,blue-collar,married,primary,no,262,yes,no,unknown,29,may,1,-1,0,no_previous_contact,no,0,0.6931471805599453,0.0
35,entrepreneur,married,secondary,no,6851,yes,no,cellular,19,nov,1,-1,0,no_previous_contact,no,0,0.6931471805599453,0.0
39,management,married,tertiary,no,2939,no,no,cellular,6,oct,1,99,3,failure,yes,1,0.6931471805599453,1.3862943611198906
33,admin.,married,secondary,no,519,yes,no,telephone,6,may,1,-1,0,no_previous_contact,no,0,0.6931471805599453,0.0
40,blue-collar,married,secondary,no,1539,yes,no,cellular,14,jul,3,-1,0,no_previous_contact,no,0,1.3862943611198906,0.0
47,management,married,tertiary,no,1122,no,no,cellular,24,dec,1,-1,0,no_previous_contact,no,0,0.6931471805599453,0.0
67,retired,married,primary,no,4416,no,no,cellular,29,sep,3,-1,0,no_previous_contact,yes,0,1.3862943611198906,0.0
31,management,single,tertiary,no,385,yes,no,unknown,21,may,1,-1,0,no_previous_contact,no,0,0.6931471805599453,0.0
43,entrepreneur,married,tertiary,no,1574,yes,no,cellular,19,nov,3,-1,0,no_previous_contact,no,0,1.3862943611198906,0.0
26,blue-collar,single,secondary,no,2007,no,no,cellular,13,oct,1,92,5,success,yes,1,0.6931471805599453,1.791759469228055
44,technician,married,secondary,no,2626,yes,no,unknown,14,may,3,-1,0,no_previous_contact,no,0,1.3862943611198906,0.0
42,self-employed,divorced,secondary,no,484,yes,no,cellular,17,jul,3,-1,0,no_previous_contact,no,0,1.3862943611198906,0.0
43,technician,divorced,unknown,no,4389,no,no,cellular,8,apr,1,-1,0,no_previous_contact,yes,0,0.6931471805599453,0.0
38,services,divorced,secondary,no,446,yes,no,unknown,18,jun,4,-1,0,no_previous_contact,no,0,1.6094379124341003,0.0
41,blue-collar,married,secondary,no,1165,no,no,unknown,12,jun,3,-1,0,no_previous_contact,no,0,1.3862943611198906,0.0
54,blue-collar,married,primary,no,714,no,no,cellular,5,may,1,-1,0,no_previous_contact,no,0,0.6931471805599453,0.0
54,services,married,secondary,no,386,yes,no,cellular,2,aug,2,-1,0,no_previous_contact,no,0,1.0986122886681098,0.0
50,housemaid,married,secondary,no,0,no,no,unknown,18,jun,1,-1,0,no_previous_contact,no,0,0.6931471805599453,0.0
24,student,single,secondary,no,0,no,no,cellular,13,aug,2,-1,0,no_previous_contact,no,0,1.0986122886681098,0.0
42,entrepreneur,married,tertiary,no,1068,yes,no,unknown,17,jun,8,-1,0,no_previous_contact,no,0,2.1972245773362196,0.0
32,technician,single,tertiary,no,881,no,no,cellular,8,aug,1,-1,0,no_previous_contact,no,0,0.6931471805599453,0.0
45,services,divorced,secondary,no,343,yes,no,cellular,5,may,2,-1,0,no_previous_contact,no,0,1.0986122886681098,0.0
33,management,single,tertiary,no,1909,no,no,cellular,8,aug,2,-1,0,no_previous_contact,no,0,1.0986122886681098,0.0
57,admin.,single,secondary,no,1615,yes,no,cellular,13,may,1,-1,0,no_previous_contact,no,0,0.6931471805599453,0.0
55,blue-collar,married,primary,no,-79,no,yes,unknown,27,jun,3,-1,0,no_previous_contact,no,0,1.3862943611198906,0.0
40,admin.,married,secondary,no,-666,yes,no,unknown,27,may,2,-1,0,no_previous_contact,no,0,1.0986122886681098,0.0
34,services,married,secondary,no,-102,yes,no,cellular,18,jul,1,-1,0,no_previous_contact,no,0,0.6931471805599453,0.0
39,blue-collar,married,primary,no,292,no,no,unknown,12,jun,1,-1,0,no_previous_contact,no,0,0.6931471805599453,0.0
49,admin.,married,secondary,no,14440,yes,no,cellular,21,nov,1,-1,0,no_previous_contact,no,0,0.6931471805599453,0.0
46,blue-collar,married,secondary,no,4855,yes,no,cellular,10,aug,1,397,1,failure,no,1,0.6931471805599453,0.6931471805599453
32,self-employed,single,tertiary,no,368,no,no,cellular,21,nov,2,-1,0,no_previous_contact,no,0,1.0986122886681098,0.0
35,management,single,tertiary,no,797,yes,no,unknown,8,may,1,-1,0,no_previous_contact,no,0,0.6931471805599453,0.0
56,retired,married,secondary,no,3948,no,no,cellular,3,apr,1,135,3,failure,no,1,0.6931471805599453,1.3862943611198906
28,blue-collar,married,secondary,no,2322,no,no,cellular,8,jul,4,-1,0,no_previous_contact,no,0,1.6094379124341003,0.0
53,admin.,married,secondary,no,244,yes,yes,unknown,6,may,2,-1,0,no_previous_contact,no,0,1.0986122886681098,0.0
35,technician,married,secondary,no,-180,no,yes,cellular,13,aug,2,-1,0,no_previous_contact,yes,0,1.0986122886681098,0.0
41,housemaid,married,tertiary,no,38,yes,no,unknown,15,may,7,-1,0,no_previous_contact,no,0,2.0794415416798357,0.0
43,management,married,tertiary,no,0,yes,no,cellular,17,nov,2,-1,0,no_previous_contact,no,0,1.0986122886681098,0.0
32,technician,single,secondary,no,0,no,no,cellular,20,aug,4,-1,0,no_previous_contact,no,0,1.6094379124341003,0.0
30,management,divorced,tertiary,yes,-1105,yes,no,cellular,11,may,1,-1,0,no_previous_contact,no,0,0.6931471805599453,0.0
42,unemployed,single,secondary,no,1523,yes,no,cellular,2,feb,1,-1,0,no_previous_contact,no,0,0.6931471805599453,0.0
37,blue-collar,married,primary,no,-107,yes,no,unknown,16,jun,1,-1,0,no_previous_contact,no,0,0.6931471805599453,0.0
28,blue-collar,married,secondary,no,-717,yes,no,unknown,28,may,3,-1,0,no_previous_contact,no,0,1.3862943611198906,0.0
79,retired,divorced,primary,no,20,no,no,cellular,29,apr,2,182,1,other,no,1,1.0986122886681098,0.6931471805599453
29,admin.,divorced,secondary,no,2,no,yes,cellular,29,jan,1,-1,0,no_previous_contact,no,0,0.6931471805599453,0.0
31,technician,single,secondary,no,271,yes,no,cellular,5,may,1,-1,0,no_previous_contact,no,0,0.6931471805599453,0.0
37,management,married,tertiary,no,1689,yes,no,unknown,29,may,2,-1,0,no_previous_contact,no,0,1.0986122886681098,0.0
23,services,single,secondary,no,488,no,no,cellular,30,mar,1,92,2,other,yes,1,0.6931471805599453,1.0986122886681098
30,student,single,secondary,no,0,yes,no,cellular,19,nov,1,-1,0,no_previous_contact,no,0,0.6931471805599453,0.0
34,blue-collar,married,primary,no,-703,yes,no,cellular,18,may,2,-1,0,no_previous_contact,no,0,1.0986122886681098,0.0
31,technician,single,tertiary,no,-749,yes,yes,cellular,29,jul,4,-1,0,no_previous_contact,no,0,1.6094379124341003,0.0
23,admin.,single,secondary,no,749,no,no,cellular,9,jul,4,-1,0,no_previous_contact,no,0,1.6094379124341003,0.0
34,admin.,married,tertiary,no,882,no,no,cellular,13,aug,1,113,5,success,no,1,0.6931471805599453,1.791759469228055
33,technician,divorced,secondary,no,522,no,yes,cellular,7,jul,4,-1,0,no_previous_contact,no,0,1.6094379124341003,0.0
36,blue-collar,married,tertiary,no,9,yes,no,unknown,18,jun,3,-1,0,no_previous_contact,no,0,1.3862943611198906,0.0
44,admin.,single,secondary,no,946,yes,no,unknown,30,may,4,-1,0,no_previous_contact,no,0,1.6094379124341003,0.0
37,admin.,single,secondary,no,176,yes,no,cellular,18,may,2,-1,0,no_previous_contact,no,0,1.0986122886681098,0.0
47,technician,married,secondary,no,0,no,no,cellular,21,nov,1,10,1,failure,yes,1,0.6931471805599453,0.6931471805599453
29,management,single,tertiary,no,107,yes,no,cellular,21,jul,1,-1,0,no_previous_contact,no,0,0.6931471805599453,0.0
56,entrepreneur,married,tertiary,no,40,no,yes,cellular,11,jul,2,-1,0,no_previous_contact,no,0,1.0986122886681098,0.0
49,blue-collar,married,secondary,no,1854,yes,no,unknown,19,may,5,-1,0,no_previous_contact,no,0,1.791759469228055,0.0
45,management,married,secondary,no,1098,no,no,cellular,4,aug,1,-1,0,no_previous_contact,no,0,0.6931471805599453,0.0
35,technician,married,secondary,no,1577,yes,yes,cellular,17,aug,1,273,1,failure,no,1,0.6931471805599453,0.6931471805599453
49,entrepreneur,married,tertiary,no,313,yes,no,cellular,17,nov,2,188,2,failure,no,1,1.0986122886681098,1.0986122886681098
52,admin.,divorced,secondary,no,48,no,yes,cellular,17,nov,1,-1,0,no_previous_contact,no,0,0.6931471805599453,0.0
57,housemaid,married,primary,no,1870,no,no,unknown,17,jun,1,-1,0,no_previous_contact,no,0,0.6931471805599453,0.0
31,entrepreneur,single,secondary,no,0,yes,no,telephone,21,nov,2,-1,0,no_previous_contact,no,0,1.0986122886681098,0.0
67,retired,married,primary,no,8465,no,no,cellular,26,feb,1,-1,0,no_previous_contact,no,0,0.6931471805599453,0.0
47,technician,married,secondary,no,1059,yes,no,cellular,21,nov,1,127,1,failure,no,1,0.6931471805599453,0.6931471805599453
46,housemaid,single,tertiary,no,3232,no,no,telephone,15,jun,2,-1,0,no_previous_contact,no,0,1.0986122886681098,0.0
33,technician,divorced,secondary,no,855,yes,no,cellular,15,may,3,-1,0,no_previous_contact,no,0,1.3862943611198906,0.0
34,blue-collar,married,secondary,no,-436,yes,no,unknown,26,may,1,-1,0,no_previous_contact,no,0,0.6931471805599453,0.0
55,technician,divorced,tertiary,no,0,yes,no,unknown,30,may,1,-1,0,no_previous_contact,no,0,0.6931471805599453,0.0
22,management,single,tertiary,no,374,yes,no,cellular,13,may,5,-1,0,no_previous_contact,no,0,1.791759469228055,0.0
52,management,married,secondary,no,0,yes,yes,unknown,27,may,13,-1,0,no_previous_contact,no,0,2.6390573296152584,0.0
31,technician,single,secondary,no,13,no,no,cellular,21,nov,1,-1,0,no_previous_contact,no,0,0.6931471805599453,0.0
38,management,single,tertiary,no,0,yes,no,cellular,17,nov,2,-1,0,no_previous_contact,no,0,1.0986122886681098,0.0
46,management,single,tertiary,no,6651,no,no,cellular,22,may,1,60,1,failure,no,1,0.6931471805599453,0.6931471805599453
37,management,single,tertiary,no,230,yes,yes,unknown,6,may,1,-1,0,no_previous_contact,no,0,0.6931471805599453,0.0
33,student,divorced,secondary,no,422,no,no,cellular,6,aug,3,-1,0,no_previous_contact,no,0,1.3862943611198906,0.0
50,blue-collar,married,unknown,no,2065,no,no,cellular,12,aug,2,-1,0,no_previous_contact,no,0,1.0986122886681098,0.0
40,blue-collar,married,primary,no,2502,yes,no,cellular,18,may,1,-1,0,no_previous_contact,no,0,0.6931471805599453,0.0
54,blue-collar,married,secondary,no,537,no,no,cellular,4,aug,1,-1,0,no_previous_contact,no,0,0.6931471805599453,0.0
34,management,single,tertiary,no,0,no,no,cellular,26,may,1,-1,0,no_previous_contact,no,0,0.6931471805599453,0.0
53,entrepreneur,married,tertiary,no,2884,yes,no,unknown,16,may,4,-1,0,no_previous_contact,no,0,1.6094379124341003,0.0
29,student,single,secondary,no,154,yes,no,cellular,13,may,6,358,9,failure,no,1,1.9459101490553132,2.302585092994046
36,entrepreneur,married,tertiary,no,733,no,yes,telephone,14,jul,12,-1,0,no_previous_contact,no,0,2.5649493574615367,0.0
27,technician,married,secondary,no,-147,yes,yes,unknown,21,may,4,-1,0,no_previous_contact,no,0,1.6094379124341003,0.0
33,admin.,single,secondary,no,241,no,no,cellular,22,jul,1,-1,0,no_previous_contact,no,0,0.6931471805599453,0.0
27,technician,single,secondary,no,0,no,no,cellular,6,feb,1,-1,0,no_previous_contact,no,0,0.6931471805599453,0.0
35,technician,single,secondary,no,3490,yes,no,cellular,29,aug,2,-1,0,no_previous_contact,yes,0,1.0986122886681098,0.0
62,unemployed,married,primary,no,532,no,no,cellular,31,aug,2,300,1,other,no,1,1.0986122886681098,0.6931471805599453
28,management,single,tertiary,no,187,yes,no,cellular,22,jul,2,-1,0,no_previous_contact,no,0,1.0986122886681098,0.0
44,entrepreneur,married,tertiary,no,1631,yes,no,unknown,6,may,2,-1,0,no_previous_contact,no,0,1.0986122886681098,0.0
42,management,single,tertiary,no,10561,no,no,unknown,16,may,2,-1,0,no_previous_contact,no,0,1.0986122886681098,0.0
30,services,single,tertiary,no,1785,no,no,cellular,8,aug,2,-1,0,no_previous_contact,no,0,1.0986122886681098,0.0
33,blue-collar,married,secondary,no,745,yes,no,unknown,23,may,4,-1,0,no_previous_contact,no,0,1.6094379124341003,0.0
57,technician,married,unknown,no,206,yes,no,unknown,5,may,3,-1,0,no_previous_contact,no,0,1.3862943611198906,0.0
24,unemployed,single,tertiary,no,39,yes,no,unknown,20,jun,3,-1,0,no_previous_contact,no,0,1.3862943611198906,0.0
34,blue-collar,single,secondary,no,128,yes,no,unknown,23,may,4,-1,0,no_previous_contact,no,0,1.6094379124341003,0.0
54,blue-collar,married,primary,no,2933,yes,no,unknown,15,may,2,-1,0,no_previous_contact,no,0,1.0986122886681098,0.0
51,blue-collar,married,primary,no,5206,yes,no,cellular,20,nov,3,-1,0,no_previous_contact,no,0,1.3862943611198906,0.0
56,technician,married,secondary,no,992,no,no,unknown,9,jun,1,-1,0,no_previous_contact,no,0,0.6931471805599453,0.0
26,admin.,married,tertiary,no,2855,no,no,cellular,30,mar,3,-1,0,no_previous_contact,no,0,1.3862943611198906,0.0
54,management,married,tertiary,no,656,yes,yes,cellular,27,aug,6,-1,0,no_previous_contact,no,0,1.9459101490553132,0.0
38,blue-collar,married,secondary,no,732,yes,yes,unknown,20,may,1,-1,0,no_previous_contact,no,0,0.6931471805599453,0.0
47,management,divorced,tertiary,no,83,no,no,cellular,19,aug,2,-1,0,no_previous_contact,no,0,1.0986122886681098,0.0
55,unknown,married,secondary,no,2206,no,no,cellular,12,aug,1,91,5,success,yes,1,0.6931471805599453,1.791759469228055
41,technician,married,secondary,no,501,yes,no,unknown,19,may,5,-1,0,no_previous_contact,yes,0,1.791759469228055,0.0
30,admin.,single,secondary,no,1009,yes,no,cellular,29,jan,1,-1,0,no_previous_contact,no,0,0.6931471805599453,0.0
33,technician,married,secondary,no,6419,no,no,cellular,7,aug,3,-1,0,no_previous_contact,no,0,1.3862943611198906,0.0
82,retired,married,tertiary,no,278,no,no,cellular,16,feb,7,-1,0,no_previous_contact,no,0,2.0794415416798357,0.0
29,management,single,tertiary,no,10436,no,no,unknown,27,may,2,-1,0,no_previous_contact,no,0,1.0986122886681098,0.0
29,services,single,secondary,no,0,no,no,unknown,1,jul,1,514,3,failure,no,1,0.6931471805599453,1.3862943611198906
34,entrepreneur,married,secondary,no,455,yes,no,cellular,20,nov,1,-1,0,no_previous_contact,no,0,0.6931471805599453,0.0
35,technician,single,secondary,no,1227,no,no,cellular,18,mar,4,90,6,other,yes,1,1.6094379124341003,1.9459101490553132
33,technician,married,secondary,no,-805,no,no,cellular,7,jul,2,-1,0,no_previous_contact,no,0,1.0986122886681098,0.0
33,technician,single,secondary,no,341,no,yes,unknown,12,may,3,-1,0,no_previous_contact,no,0,1.3862943611198906,0.0
32,management,single,tertiary,no,0,no,no,cellular,5,feb,4,-1,0,no_previous_contact,yes,0,1.6094379124341003,0.0
42,admin.,single,secondary,no,243,yes,no,unknown,14,may,5,-1,0,no_previous_contact,no,0,1.791759469228055,0.0
43,management,married,tertiary,no,28,yes,no,cellular,15,may,1,176,1,failure,no,1,0.6931471805599453,0.6931471805599453
32,unemployed,married,tertiary,no,1,no,no,cellular,25,jul,2,-1,0,no_previous_contact,no,0,1.0986122886681098,0.0
30,blue-collar,married,primary,no,346,yes,no,unknown,3,jun,1,-1,0,no_previous_contact,no,0,0.6931471805599453,0.0
32,blue-collar,married,secondary,no,2561,yes,no,unknown,20,may,2,-1,0,no_previous_contact,no,0,1.0986122886681098,0.0
43,technician,married,secondary,no,236,no,no,unknown,17,jun,4,-1,0,no_previous_contact,no,0,1.6094379124341003,0.0
36,admin.,single,secondary,no,-301,no,yes,cellular,22,jul,3,-1,0,no_previous_contact,no,0,1.3862943611198906,0.0
49,housemaid,divorced,unknown,no,2754,no,no,unknown,6,jun,2,-1,0,no_previous_contact,no,0,1.0986122886681098,0.0
45,technician,married,secondary,no,398,yes,no,cellular,29,jan,1,246,5,failure,no,1,0.6931471805599453,1.791759469228055
34,admin.,single,secondary,no,673,yes,no,cellular,29,jan,1,260,2,failure,no,1,0.6931471805599453,1.0986122886681098
36,management,single,tertiary,no,265,yes,no,cellular,17,apr,1,-1,0,no_previous_contact,no,0,0.6931471805599453,0.0
38,admin.,single,unknown,no,446,yes,no,unknown,13,may,1,-1,0,no_previous_contact,no,0,0.6931471805599453,0.0
45,blue-collar,married,secondary,no,130,yes,no,unknown,30,may,1,-1,0,no_previous_contact,no,0,0.6931471805599453,0.0
41,unemployed,married,secondary,no,1077,yes,yes,telephone,9,dec,3,387,2,failure,yes,1,1.3862943611198906,1.0986122886681098
38,admin.,single,secondary,no,439,no,no,unknown,16,jun,4,-1,0,no_previous_contact,no,0,1.6094379124341003,0.0
42,management,divorced,tertiary,no,238,no,no,cellular,25,sep,1,-1,0,no_previous_contact,yes,0,0.6931471805599453,0.0
37,management,single,tertiary,no,0,no,no,cellular,7,jul,3,-1,0,no_previous_contact,no,0,1.3862943611198906,0.0
37,services,single,secondary,no,2657,yes,no,unknown,18,jun,1,-1,0,no_previous_contact,no,0,0.6931471805599453,0.0
64,retired,married,secondary,no,504,no,no,cellular,11,aug,1,14,3,other,no,1,0.6931471805599453,1.3862943611198906
44,technician,married,secondary,no,497,yes,no,unknown,3,jun,2,-1,0,no_previous_contact,no,0,1.0986122886681098,0.0
42,management,divorced,secondary,no,317,yes,no,cellular,20,apr,3,-1,0,no_previous_contact,no,0,1.3862943611198906,0.0
32,technician,married,secondary,no,253,yes,no,cellular,21,nov,1,170,3,failure,no,1,0.6931471805599453,1.3862943611198906
33,admin.,married,secondary,no,139,yes,yes,cellular,13,may,1,-1,0,no_previous_contact,no,0,0.6931471805599453,0.0
46,blue-collar,married,primary,no,143,yes,no,unknown,7,may,1,-1,0,no_previous_contact,no,0,0.6931471805599453,0.0
40,self-employed,married,secondary,no,2,no,no,cellular,22,aug,5,-1,0,no_previous_contact,no,0,1.791759469228055,0.0
53,admin.,divorced,secondary,no,592,yes,no,unknown,13,may,1,-1,0,no_previous_contact,no,0,0.6931471805599453,0.0
33,technician,single,secondary,no,116,no,yes,cellular,4,aug,1,-1,0,no_previous_contact,no,0,0.6931471805599453,0.0
32,services,single,secondary,no,6857,no,no,cellular,2,feb,1,-1,0,no_previous_contact,no,0,0.6931471805599453,0.0
32,technician,single,secondary,no,-569,yes,no,cellular,6,may,1,-1,0,no_previous_contact,no,0,0.6931471805599453,0.0
43,technician,married,primary,no,4844,yes,no,cellular,19,nov,1,-1,0,no_previous_contact,no,0,0.6931471805599453,0.0
39,technician,divorced,tertiary,no,665,yes,no,cellular,8,may,8,-1,0,no_previous_contact,no,0,2.1972245773362196,0.0
28,blue-collar,single,secondary,yes,-871,yes,no,unknown,12,may,4,-1,0,no_previous_contact,no,0,1.6094379124341003,0.0
32,admin.,married,secondary,no,0,yes,no,cellular,30,jul,5,-1,0,no_previous_contact,no,0,1.791759469228055,0.0
32,technician,single,tertiary,no,849,yes,no,cellular,28,jul,5,-1,0,no_previous_contact,no,0,1.791759469228055,0.0
52,services,married,secondary,no,-1,no,yes,unknown,26,jun,3,-1,0,no_previous_contact,no,0,1.3862943611198906,0.0
46,entrepreneur,married,primary,no,5130,yes,yes,cellular,11,may,1,-1,0,no_previous_contact,no,0,0.6931471805599453,0.0
34,blue-collar,married,secondary,no,1988,yes,no,telephone,29,jan,1,266,2,failure,no,1,0.6931471805599453,1.0986122886681098
43,admin.,married,secondary,no,352,no,yes,cellular,31,jul,4,-1,0,no_previous_contact,no,0,1.6094379124341003,0.0
20,student,single,secondary,no,53,no,no,cellular,11,aug,1,-1,0,no_previous_contact,no,0,0.6931471805599453,0.0
30,blue-collar,single,primary,no,185,no,no,unknown,26,jun,1,-1,0,no_previous_contact,no,0,0.6931471805599453,0.0
41,unemployed,single,tertiary,no,79,no,no,telephone,9,nov,1,390,2,success,yes,1,0.6931471805599453,1.0986122886681098
37,admin.,married,secondary,no,3427,no,no,cellular,27,feb,1,-1,0,no_previous_contact,no,0,0.6931471805599453,0.0
59,unemployed,divorced,secondary,no,7469,no,no,cellular,22,feb,1,130,1,failure,no,1,0.6931471805599453,0.6931471805599453
56,technician,married,tertiary,no,272,no,no,cellular,26,aug,2,-1,0,no_previous_contact,no,0,1.0986122886681098,0.0
39,blue-collar,married,secondary,no,56,yes,no,telephone,20,apr,1,-1,0,no_previous_contact,no,0,0.6931471805599453,0.0
34,blue-collar,single,secondary,no,1923,no,no,cellular,11,aug,1,-1,0,no_previous_contact,no,0,0.6931471805599453,0.0
75,retired,married,secondary,no,1470,no,no,telephone,27,feb,1,-1,0,no_previous_contact,no,0,0.6931471805599453,0.0
48,services,married,secondary,no,473,no,yes,cellular,6,aug,2,-1,0,no_previous_contact,no,0,1.0986122886681098,0.0
43,technician,married,secondary,no,1667,no,yes,cellular,4,feb,3,-1,0,no_previous_contact,no,0,1.3862943611198906,0.0
28,admin.,married,secondary,no,-201,yes,no,unknown,12,may,4,-1,0,no_previous_contact,no,0,1.6094379124341003,0.0
33,management,married,tertiary,no,2907,no,no,cellular,8,aug,1,-1,0,no_previous_contact,no,0,0.6931471805599453,0.0
28,blue-collar,single,secondary,no,975,yes,no,unknown,18,jun,3,-1,0,no_previous_contact,no,0,1.3862943611198906,0.0
35,services,divorced,secondary,no,35,yes,no,cellular,7,jul,4,-1,0,no_previous_contact,no,0,1.6094379124341003,0.0
32,services,married,secondary,no,914,no,no,cellular,15,jun,1,-1,0,no_previous_contact,yes,0,0.6931471805599453,0.0
30,blue-collar,single,secondary,no,99,yes,no,unknown,2,jun,4,-1,0,no_previous_contact,no,0,1.6094379124341003,0.0
52,admin.,married,secondary,no,0,no,no,unknown,18,jun,1,-1,0,no_previous_contact,no,0,0.6931471805599453,0.0
31,management,single,tertiary,no,635,yes,no,unknown,15,may,2,-1,0,no_previous_contact,no,0,1.0986122886681098,0.0
46,admin.,divorced,primary,no,429,yes,no,cellular,26,apr,2,369,2,success,yes,1,1.0986122886681098,1.0986122886681098
52,management,married,secondary,no,173,no,no,unknown,23,may,5,-1,0,no_previous_contact,no,0,1.791759469228055,0.0
57,retired,married,primary,no,-171,yes,no,unknown,3,jun,2,-1,0,no_previous_contact,no,0,1.0986122886681098,0.0
33,admin.,married,secondary,no,105,yes,no,unknown,26,may,4,-1,0,no_previous_contact,no,0,1.6094379124341003,0.0
36,self-employed,single,tertiary,no,351,no,no,cellular,5,feb,1,-1,0,no_previous_contact,no,0,0.6931471805599453,0.0
32,services,single,secondary,no,1364,yes,yes,unknown,17,jun,5,-1,0,no_previous_contact,no,0,1.791759469228055,0.0
53,blue-collar,divorced,primary,no,235,no,no,cellular,30,jul,2,-1,0,no_previous_contact,no,0,1.0986122886681098,0.0
41,unemployed,single,secondary,no,75,yes,no,cellular,8,may,2,344,1,failure,no,1,1.0986122886681098,0.6931471805599453
30,management,divorced,tertiary,no,477,yes,no,telephone,6,may,1,-1,0,no_previous_contact,no,0,0.6931471805599453,0.0
56,management,married,primary,no,31,yes,no,cellular,12,may,2,-1,0,no_previous_contact,no,0,1.0986122886681098,0.0
28,technician,single,secondary,yes,-1042,yes,no,unknown,6,jun,2,-1,0,no_previous_contact,yes,0,1.0986122886681098,0.0
41,admin.,married,secondary,no,14968,no,no,cellular,23,jul,4,-1,0,no_previous_contact,yes,0,1.6094379124341003,0.0
37,management,single,tertiary,no,198,no,no,cellular,20,aug,5,-1,0,no_previous_contact,no,0,1.791759469228055,0.0
59,blue-collar,married,secondary,no,1376,no,yes,unknown,9,may,4,-1,0,no_previous_contact,no,0,1.6094379124341003,0.0
27,management,single,tertiary,no,1995,yes,no,unknown,28,may,2,-1,0,no_previous_contact,no,0,1.0986122886681098,0.0
34,management,married,tertiary,no,3031,no,no,cellular,14,aug,6,-1,0,no_previous_contact,no,0,1.9459101490553132,0.0
44,self-employed,married,secondary,no,313,no,no,cellular,6,aug,4,-1,0,no_previous_contact,no,0,1.6094379124341003,0.0
37,management,single,tertiary,no,4543,yes,no,cellular,8,may,1,340,5,failure,no,1,0.6931471805599453,1.791759469228055
52,entrepreneur,divorced,tertiary,no,199,yes,yes,cellular,3,feb,1,236,2,failure,no,1,0.6931471805599453,1.0986122886681098
55,management,married,primary,no,1691,yes,no,cellular,13,may,2,174,1,failure,no,1,1.0986122886681098,0.6931471805599453
46,blue-collar,married,secondary,no,450,yes,no,cellular,17,apr,1,-1,0,no_previous_contact,no,0,0.6931471805599453,0.0
54,blue-collar,married,primary,no,258,no,no,telephone,26,feb,1,-1,0,no_previous_contact,no,0,0.6931471805599453,0.0
34,management,married,primary,no,2026,yes,no,unknown,17,jun,8,-1,0,no_previous_contact,no,0,2.1972245773362196,0.0
54,management,married,tertiary,no,16843,no,no,unknown,11,jun,1,-1,0,no_previous_contact,no,0,0.6931471805599453,0.0
34,blue-collar,married,secondary,no,763,yes,no,unknown,27,may,1,-1,0,no_previous_contact,no,0,0.6931471805599453,0.0
35,housemaid,married,primary,no,0,no,yes,telephone,9,jul,1,-1,0,no_previous_contact,no,0,0.6931471805599453,0.0
35,blue-collar,married,secondary,no,911,yes,no,cellular,20,nov,2,181,5,other,no,1,1.0986122886681098,1.791759469228055
69,retired,married,primary,no,2398,no,no,cellular,12,apr,1,186,1,failure,no,1,0.6931471805599453,0.6931471805599453
41,management,married,tertiary,no,651,no,no,cellular,4,aug,1,-1,0,no_previous_contact,no,0,0.6931471805599453,0.0
37,management,married,tertiary,no,630,no,no,cellular,30,apr,1,87,1,success,yes,1,0.6931471805599453,0.6931471805599453
45,services,married,secondary,no,24,yes,no,cellular,15,jul,3,-1,0,no_previous_contact,no,0,1.3862943611198906,0.0
76,retired,divorced,primary,no,2693,no,no,cellular,23,apr,5,184,2,success,no,1,1.791759469228055,1.0986122886681098
36,management,married,tertiary,no,1477,no,no,cellular,7,aug,2,-1,0,no_previous_contact,no,0,1.0986122886681098,0.0
35,services,single,secondary,no,35,yes,no,cellular,14,may,1,-1,0,no_previous_contact,no,0,0.6931471805599453,0.0
39,blue-collar,married,primary,no,398,yes,no,cellular,12,may,1,-1,0,no_previous_contact,no,0,0.6931471805599453,0.0
45,self-employed,married,secondary,no,0,no,no,cellular,18,aug,6,-1,0,no_previous_contact,no,0,1.9459101490553132,0.0
35,technician,married,secondary,no,13,no,no,cellular,22,aug,2,-1,0,no_previous_contact,no,0,1.0986122886681098,0.0
30,blue-collar,single,secondary,no,-42,no,no,cellular,7,jul,2,-1,0,no_previous_contact,no,0,1.0986122886681098,0.0
36,management,married,tertiary,no,1,yes,yes,cellular,13,apr,2,-1,0,no_previous_contact,no,0,1.0986122886681098,0.0
36,entrepreneur,single,secondary,no,157,yes,no,unknown,8,may,1,-1,0,no_previous_contact,no,0,0.6931471805599453,0.0
50,admin.,divorced,secondary,no,175,no,no,cellular,22,jul,3,-1,0,no_previous_contact,no,0,1.3862943611198906,0.0
53,technician,married,secondary,no,-440,no,no,cellular,30,jul,33,-1,0,no_previous_contact,no,0,3.5263605246161616,0.0
37,entrepreneur,married,secondary,no,2055,yes,yes,cellular,10,jul,4,-1,0,no_previous_contact,no,0,1.6094379124341003,0.0
60,management,married,primary,no,92,no,no,telephone,2,feb,1,-1,0,no_previous_contact,no,0,0.6931471805599453,0.0
44,services,married,secondary,no,-395,yes,no,cellular,5,may,1,-1,0,no_previous_contact,yes,0,0.6931471805599453,0.0
34,admin.,married,tertiary,no,69,no,yes,cellular,4,aug,3,1,6,success,yes,1,1.3862943611198906,1.9459101490553132
27,blue-collar,single,secondary,no,294,yes,yes,unknown,28,may,2,-1,0,no_previous_contact,yes,0,1.0986122886681098,0.0
39,technician,married,tertiary,no,-276,no,yes,cellular,11,aug,4,-1,0,no_previous_contact,no,0,1.6094379124341003,0.0
35,management,single,tertiary,no,2928,yes,no,cellular,18,nov,1,-1,0,no_previous_contact,no,0,0.6931471805599453,0.0
60,retired,divorced,tertiary,no,2166,no,no,unknown,20,jun,9,-1,0,no_previous_contact,no,0,2.302585092994046,0.0
83,housemaid,divorced,primary,no,5944,no,no,cellular,30,jul,3,-1,0,no_previous_contact,no,0,1.3862943611198906,0.0
38,entrepreneur,divorced,tertiary,no,504,yes,no,unknown,26,may,3,-1,0,no_previous_contact,no,0,1.3862943611198906,0.0
39,blue-collar,married,primary,no,0,yes,no,unknown,4,jun,4,-1,0,no_previous_contact,no,0,1.6094379124341003,0.0
40,technician,married,secondary,no,826,no,no,unknown,24,feb,1,267,2,other,no,1,0.6931471805599453,1.0986122886681098
51,technician,married,tertiary,no,-3,no,no,cellular,25,aug,9,-1,0,no_previous_contact,no,0,2.302585092994046,0.0
42,services,married,secondary,no,1007,no,no,unknown,5,jun,1,-1,0,no_previous_contact,no,0,0.6931471805599453,0.0
26,entrepreneur,single,secondary,no,681,no,yes,unknown,27,may,1,-1,0,no_previous_contact,no,0,0.6931471805599453,0.0
36,admin.,married,secondary,no,68,no,yes,cellular,8,jul,4,-1,0,no_previous_contact,no,0,1.6094379124341003,0.0
42,management,divorced,tertiary,no,20,no,no,cellular,25,jul,2,-1,0,no_previous_contact,no,0,1.0986122886681098,0.0
41,management,married,tertiary,no,1092,no,no,cellular,5,aug,1,-1,0,no_previous_contact,yes,0,0.6931471805599453,0.0
41,management,married,secondary,no,0,yes,no,cellular,2,feb,2,264,1,other,no,1,1.0986122886681098,0.6931471805599453
46,technician,single,unknown,no,578,no,no,cellular,28,jan,3,-1,0,no_previous_contact,no,0,1.3862943611198906,0.0
40,admin.,divorced,secondary,no,2550,yes,no,unknown,2,jun,2,-1,0,no_previous_contact,no,0,1.0986122886681098,0.0
51,management,married,primary,yes,57,yes,yes,unknown,8,may,1,-1,0,no_previous_contact,no,0,0.6931471805599453,0.0
53,admin.,married,secondary,no,10541,no,no,cellular,9,nov,1,-1,0,no_previous_contact,yes,0,0.6931471805599453,0.0
36,technician,single,tertiary,no,3241,yes,yes,cellular,17,apr,2,-1,0,no_previous_contact,no,0,1.0986122886681098,0.0
38,technician,single,secondary,no,207,no,no,unknown,19,jun,2,-1,0,no_previous_contact,no,0,1.0986122886681098,0.0
51,management,divorced,tertiary,no,0,no,no,cellular,13,aug,2,-1,0,no_previous_contact,no,0,1.0986122886681098,0.0
38,services,single,secondary,no,36,yes,no,unknown,19,may,1,-1,0,no_previous_contact,no,0,0.6931471805599453,0.0
30,self-employed,married,secondary,no,581,yes,no,cellular,21,nov,3,-1,0,no_previous_contact,no,0,1.3862943611198906,0.0
34,services,married,secondary,no,9,yes,no,cellular,17,jul,1,-1,0,no_previous_contact,no,0,0.6931471805599453,0.0
39,blue-collar,married,primary,no,3324,no,no,cellular,9,jul,1,-1,0,no_previous_contact,no,0,0.6931471805599453,0.0
30,self-employed,single,secondary,no,299,yes,no,unknown,16,may,17,-1,0,no_previous_contact,no,0,2.8903717578961645,0.0
39,management,married,tertiary,no,198,yes,no,unknown,19,may,8,-1,0,no_previous_contact,no,0,2.1972245773362196,0.0
32,technician,married,secondary,no,0,no,no,cellular,19,aug,1,-1,0,no_previous_contact,no,0,0.6931471805599453,0.0
41,blue-collar,married,primary,no,89,yes,no,cellular,15,may,3,359,2,other,no,1,1.3862943611198906,1.0986122886681098
33,management,married,tertiary,no,26721,no,no,cellular,5,feb,3,-1,0,no_previous_contact,no,0,1.3862943611198906,0.0
34,management,single,tertiary,no,76,yes,no,cellular,13,may,2,371,3,failure,yes,1,1.0986122886681098,1.3862943611198906
34,management,married,tertiary,no,498,yes,no,unknown,23,may,2,-1,0,no_previous_contact,no,0,1.0986122886681098,0.0
43,management,married,tertiary,no,1429,yes,no,cellular,19,nov,1,198,2,other,yes,1,0.6931471805599453,1.0986122886681098
51,blue-collar,divorced,primary,no,1236,yes,no,cellular,10,jul,1,-1,0,no_previous_contact,no,0,0.6931471805599453,0.0
36,management,single,tertiary,no,436,no,no,cellular,13,apr,1,595,2,failure,yes,1,0.6931471805599453,1.0986122886681098
30,services,single,secondary,no,3485,no,no,cellular,2,feb,2,-1,0,no_previous_contact,no,0,1.0986122886681098,0.0
43,blue-collar,married,secondary,no,3311,yes,no,telephone,20,nov,2,184,3,other,no,1,1.0986122886681098,1.3862943611198906
39,unemployed,married,secondary,no,0,yes,no,unknown,20,may,1,-1,0,no_previous_contact,no,0,0.6931471805599453,0.0
58,blue-collar,married,primary,no,853,no,no,cellular,7,jul,3,-1,0,no_previous_contact,no,0,1.3862943611198906,0.0
59,management,divorced,tertiary,no,3096,no,no,cellular,26,aug,17,-1,0,no_previous_contact,no,0,2.8903717578961645,0.0
40,entrepreneur,divorced,secondary,no,2998,yes,no,cellular,18,jul,3,-1,0,no_previous_contact,yes,0,1.3862943611198906,0.0
43,services,divorced,secondary,no,266,yes,yes,cellular,20,apr,1,152,1,failure,no,1,0.6931471805599453,0.6931471805599453
37,blue-collar,married,primary,no,1796,yes,yes,cellular,17,apr,2,-1,0,no_previous_contact,no,0,1.0986122886681098,0.0
53,retired,divorced,secondary,no,-172,yes,yes,cellular,17,apr,1,-1,0,no_previous_contact,no,0,0.6931471805599453,0.0
34,technician,married,secondary,no,484,no,no,unknown,9,may,4,-1,0,no_previous_contact,no,0,1.6094379124341003,0.0
32,blue-collar,divorced,secondary,no,0,yes,no,unknown,2,jun,2,-1,0,no_previous_contact,no,0,1.0986122886681098,0.0
27,student,single,secondary,no,1423,no,no,unknown,29,jun,1,-1,0,no_previous_contact,no,0,0.6931471805599453,0.0
54,blue-collar,divorced,primary,no,215,yes,no,unknown,4,jun,5,-1,0,no_previous_contact,no,0,1.791759469228055,0.0
37,blue-collar,married,primary,no,253,yes,no,unknown,19,jun,2,-1,0,no_previous_contact,no,0,1.0986122886681098,0.0
46,entrepreneur,married,unknown,no,676,yes,yes,unknown,15,may,3,-1,0,no_previous_contact,no,0,1.3862943611198906,0.0
39,management,married,tertiary,no,139,no,yes,unknown,28,may,7,-1,0,no_previous_contact,no,0,2.0794415416798357,0.0
34,blue-collar,married,secondary,no,678,yes,no,cellular,17,apr,1,-1,0,no_previous_contact,no,0,0.6931471805599453,0.0
47,services,married,secondary,no,367,yes,no,cellular,12,may,1,306,4,success,yes,1,0.6931471805599453,1.6094379124341003
36,services,married,secondary,no,1746,yes,no,unknown,26,may,1,-1,0,no_previous_contact,no,0,0.6931471805599453,0.0
30,student,single,unknown,no,809,no,no,unknown,2,jun,2,-1,0,no_previous_contact,no,0,1.0986122886681098,0.0
35,management,single,tertiary,no,635,no,no,cellular,15,jul,12,-1,0,no_previous_contact,no,0,2.5649493574615367,0.0
34,admin.,single,unknown,no,2434,yes,no,unknown,6,may,4,-1,0,no_previous_contact,no,0,1.6094379124341003,0.0
44,services,married,secondary,no,-22,yes,no,unknown,15,may,1,-1,0,no_previous_contact,no,0,0.6931471805599453,0.0
59,retired,divorced,secondary,no,514,yes,no,cellular,17,nov,1,188,1,other,no,1,0.6931471805599453,0.6931471805599453
40,admin.,divorced,secondary,no,212,no,no,unknown,7,jan,1,-1,0,no_previous_contact,no,0,0.6931471805599453,0.0
48,admin.,divorced,secondary,no,-480,no,no,cellular,18,may,2,355,1,failure,no,1,1.0986122886681098,0.6931471805599453
27,management,single,tertiary,yes,1414,yes,no,cellular,2,feb,1,-1,0,no_previous_contact,no,0,0.6931471805599453,0.0
33,admin.,single,secondary,no,434,yes,no,unknown,20,may,1,-1,0,no_previous_contact,no,0,0.6931471805599453,0.0
39,services,married,secondary,no,800,yes,no,cellular,8,may,2,-1,0,no_previous_contact,no,0,1.0986122886681098,0.0
77,retired,married,primary,no,2223,no,no,telephone,10,aug,2,187,1,success,no,1,1.0986122886681098,0.6931471805599453
43,admin.,single,secondary,no,386,no,no,cellular,12,oct,1,92,4,success,no,1,0.6931471805599453,1.6094379124341003
55,management,married,primary,no,113,no,no,cellular,12,aug,1,457,3,failure,yes,1,0.6931471805599453,1.3862943611198906
32,technician,single,tertiary,no,2340,no,no,cellular,26,may,1,97,2,success,no,1,0.6931471805599453,1.0986122886681098
44,technician,married,secondary,no,227,yes,yes,cellular,8,may,1,262,2,failure,no,1,0.6931471805599453,1.0986122886681098
47,technician,married,tertiary,no,282,yes,no,unknown,16,may,1,-1,0,no_previous_contact,no,0,0.6931471805599453,0.0
32,blue-collar,single,secondary,no,123,yes,no,cellular,8,jul,4,-1,0,no_previous_contact,no,0,1.6094379124341003,0.0
47,services,married,unknown,no,12839,yes,no,cellular,7,may,1,171,4,failure,no,1,0.6931471805599453,1.6094379124341003
37,management,married,primary,no,1404,yes,no,cellular,2,feb,1,-1,0,no_previous_contact,no,0,0.6931471805599453,0.0
43,management,married,tertiary,no,438,no,no,unknown,17,jun,2,-1,0,no_previous_contact,no,0,1.0986122886681098,0.0
53,management,divorced,tertiary,yes,0,yes,yes,cellular,30,jul,5,-1,0,no_previous_contact,no,0,1.791759469228055,0.0
31,management,single,tertiary,no,0,no,no,cellular,27,aug,3,-1,0,no_previous_contact,no,0,1.3862943611198906,0.0
30,entrepreneur,divorced,tertiary,no,1192,no,no,cellular,29,jan,2,-1,0,no_previous_contact,no,0,1.0986122886681098,0.0
53,self-employed,married,tertiary,no,235,no,no,unknown,18,jun,3,-1,0,no_previous_contact,no,0,1.3862943611198906,0.0
35,management,married,tertiary,no,0,yes,no,unknown,21,oct,1,-1,0,no_previous_contact,no,0,0.6931471805599453,0.0
34,management,single,tertiary,no,808,no,no,cellular,26,may,2,97,1,other,no,1,1.0986122886681098,0.6931471805599453
32,management,single,tertiary,no,23,no,no,cellular,22,may,2,-1,0,no_previous_contact,no,0,1.0986122886681098,0.0
31,blue-collar,single,tertiary,no,-701,yes,no,unknown,27,may,3,-1,0,no_previous_contact,no,0,1.3862943611198906,0.0
52,retired,divorced,primary,no,353,no,no,cellular,31,jul,4,-1,0,no_previous_contact,no,0,1.6094379124341003,0.0
64,retired,married,secondary,no,3189,no,no,telephone,15,jun,1,-1,0,no_previous_contact,yes,0,0.6931471805599453,0.0
43,entrepreneur,married,secondary,no,469,no,yes,cellular,20,aug,2,-1,0,no_previous_contact,no,0,1.0986122886681098,0.0
31,blue-collar,single,secondary,no,1415,yes,no,unknown,7,may,1,-1,0,no_previous_contact,no,0,0.6931471805599453,0.0
37,blue-collar,married,primary,no,0,yes,no,cellular,17,apr,2,315,4,failure,no,1,1.0986122886681098,1.6094379124341003
25,technician,married,tertiary,no,2551,no,no,cellular,28,dec,3,-1,0,no_previous_contact,yes,0,1.3862943611198906,0.0
38,technician,married,tertiary,no,206,no,no,cellular,8,apr,2,-1,0,no_previous_contact,yes,0,1.0986122886681098,0.0
46,admin.,married,secondary,no,0,no,yes,cellular,10,aug,1,-1,0,no_previous_contact,no,0,0.6931471805599453,0.0
25,management,single,tertiary,no,6246,no,no,cellular,9,jun,3,-1,0,no_previous_contact,no,0,1.3862943611198906,0.0
49,management,divorced,tertiary,no,169,yes,no,unknown,28,may,1,-1,0,no_previous_contact,no,0,0.6931471805599453,0.0
50,blue-collar,married,primary,no,5872,yes,no,cellular,5,may,3,-1,0,no_previous_contact,yes,0,1.3862943611198906,0.0
29,technician,married,secondary,no,273,no,no,cellular,4,feb,2,-1,0,no_previous_contact,yes,0,1.0986122886681098,0.0
48,management,married,tertiary,no,4006,no,no,cellular,25,jul,4,-1,0,no_previous_contact,no,0,1.6094379124341003,0.0
26,services,single,secondary,no,136,no,no,cellular,20,apr,1,-1,0,no_previous_contact,yes,0,0.6931471805599453,0.0
44,technician,single,secondary,no,293,yes,no,cellular,8,may,2,358,1,failure,no,1,1.0986122886681098,0.6931471805599453
46,management,divorced,tertiary,no,675,no,yes,unknown,12,jun,2,-1,0,no_previous_contact,no,0,1.0986122886681098,0.0
61,retired,divorced,secondary,no,291,no,no,cellular,24,jul,5,-1,0,no_previous_contact,no,0,1.791759469228055,0.0
41,housemaid,married,secondary,no,1638,yes,no,cellular,23,jul,1,-1,0,no_previous_contact,no,0,0.6931471805599453,0.0
45,technician,married,secondary,no,376,no,yes,cellular,18,aug,2,-1,0,no_previous_contact,no,0,1.0986122886681098,0.0
51,management,single,unknown,no,1277,no,no,cellular,22,feb,5,294,1,failure,no,1,1.791759469228055,0.6931471805599453
56,admin.,single,secondary,no,2815,yes,no,cellular,11,sep,1,-1,0,no_previous_contact,yes,0,0.6931471805599453,0.0
52,blue-collar,divorced,primary,no,196,yes,no,unknown,7,may,3,-1,0,no_previous_contact,no,0,1.3862943611198906,0.0
56,retired,married,primary,no,133,no,yes,unknown,12,jun,2,-1,0,no_previous_contact,no,0,1.0986122886681098,0.0
51,technician,divorced,secondary,no,43,no,no,cellular,30,jul,2,-1,0,no_previous_contact,no,0,1.0986122886681098,0.0
46,blue-collar,divorced,primary,no,2870,no,no,unknown,18,jun,6,-1,0,no_previous_contact,no,0,1.9459101490553132,0.0
42,technician,married,unknown,no,0,no,no,unknown,11,jun,1,-1,0,no_previous_contact,no,0,0.6931471805599453,0.0
28,self-employed,single,tertiary,no,160,no,no,unknown,11,nov,1,-1,0,no_previous_contact,yes,0,0.6931471805599453,0.0
48,management,married,unknown,no,598,no,no,unknown,9,jun,2,-1,0,no_previous_contact,no,0,1.0986122886681098,0.0
45,management,married,tertiary,no,3370,no,no,unknown,12,jun,3,-1,0,no_previous_contact,no,0,1.3862943611198906,0.0
56,admin.,married,secondary,no,1694,no,no,cellular,21,aug,10,-1,0,no_previous_contact,yes,0,2.3978952727983707,0.0
55,technician,married,secondary,no,0,yes,yes,cellular,2,mar,1,-1,0,no_previous_contact,yes,0,0.6931471805599453,0.0
82,retired,married,primary,no,103,no,no,cellular,1,sep,1,-1,0,no_previous_contact,no,0,0.6931471805599453,0.0
52,blue-collar,divorced,primary,no,1758,yes,no,unknown,15,may,1,-1,0,no_previous_contact,no,0,0.6931471805599453,0.0
33,blue-collar,married,secondary,no,-349,yes,no,unknown,6,may,1,-1,0,no_previous_contact,no,0,0.6931471805599453,0.0
37,management,married,primary,no,3953,yes,no,cellular,6,apr,2,138,1,failure,no,1,1.0986122886681098,0.6931471805599453
56,technician,married,unknown,no,689,no,no,cellular,31,jul,2,-1,0,no_previous_contact,no,0,1.0986122886681098,0.0
31,technician,single,tertiary,no,1214,no,no,cellular,3,feb,1,-1,0,no_previous_contact,no,0,0.6931471805599453,0.0
40,management,single,tertiary,no,0,yes,no,cellular,26,aug,16,-1,0,no_previous_contact,no,0,2.833213344056216,0.0
28,admin.,married,secondary,no,22,yes,yes,cellular,14,may,2,-1,0,no_previous_contact,no,0,1.0986122886681098,0.0
65,management,married,secondary,no,5251,no,no,telephone,14,apr,5,-1,0,no_previous_contact,no,0,1.791759469228055,0.0
30,entrepreneur,married,secondary,no,1539,yes,yes,unknown,27,may,9,-1,0,no_previous_contact,no,0,2.302585092994046,0.0
43,services,divorced,secondary,no,206,yes,no,unknown,14,may,1,-1,0,no_previous_contact,no,0,0.6931471805599453,0.0
30,admin.,single,secondary,no,585,no,yes,cellular,2,feb,6,-1,0,no_previous_contact,no,0,1.9459101490553132,0.0
47,housemaid,divorced,secondary,no,26,no,no,cellular,22,aug,4,-1,0,no_previous_contact,no,0,1.6094379124341003,0.0
30,services,married,secondary,no,44,yes,yes,cellular,22,jul,1,-1,0,no_previous_contact,no,0,0.6931471805599453,0.0
61,retired,married,secondary,no,243,no,no,cellular,20,apr,1,-1,0,no_previous_contact,yes,0,0.6931471805599453,0.0
56,retired,married,primary,no,1947,no,no,cellular,30,apr,2,-1,0,no_previous_contact,no,0,1.0986122886681098,0.0
48,admin.,married,secondary,no,1800,yes,no,unknown,18,jun,1,-1,0,no_previous_contact,no,0,0.6931471805599453,0.0
29,blue-collar,married,primary,no,0,yes,no,unknown,13,may,1,-1,0,no_previous_contact,no,0,0.6931471805599453,0.0
45,technician,married,secondary,no,581,no,no,cellular,8,aug,2,-1,0,no_previous_contact,no,0,1.0986122886681098,0.0
27,technician,married,secondary,no,876,yes,no,cellular,18,may,1,355,1,failure,no,1,0.6931471805599453,0.6931471805599453
43,blue-collar,married,primary,no,3664,no,no,telephone,29,jul,1,-1,0,no_previous_contact,no,0,0.6931471805599453,0.0
27,student,single,secondary,no,2245,no,no,cellular,18,jan,1,-1,0,no_previous_contact,no,0,0.6931471805599453,0.0
43,technician,married,secondary,no,3288,yes,no,cellular,21,nov,3,-1,0,no_previous_contact,yes,0,1.3862943611198906,0.0
37,blue-collar,married,primary,no,120,yes,no,cellular,8,may,4,358,1,other,no,1,1.6094379124341003,0.6931471805599453
43,management,married,tertiary,no,5670,yes,no,cellular,20,nov,4,189,2,failure,no,1,1.6094379124341003,1.0986122886681098
47,management,married,tertiary,no,6637,yes,no,cellular,17,apr,2,-1,0,no_previous_contact,no,0,1.0986122886681098,0.0
35,management,single,tertiary,no,3576,yes,no,cellular,19,aug,1,-1,0,no_previous_contact,no,0,0.6931471805599453,0.0
35,technician,married,tertiary,no,703,no,no,cellular,20,apr,1,-1,0,no_previous_contact,no,0,0.6931471805599453,0.0
48,blue-collar,divorced,primary,no,-18,yes,no,unknown,8,may,1,-1,0,no_previous_contact,no,0,0.6931471805599453,0.0
48,management,divorced,tertiary,no,4961,yes,no,unknown,17,jun,1,-1,0,no_previous_contact,no,0,0.6931471805599453,0.0
36,admin.,married,secondary,no,0,yes,yes,cellular,9,feb,2,-1,0,no_previous_contact,no,0,1.0986122886681098,0.0
44,admin.,single,secondary,no,1534,no,no,cellular,7,aug,1,99,2,other,yes,1,0.6931471805599453,1.0986122886681098
37,management,married,tertiary,no,1113,no,no,cellular,2,mar,1,182,1,success,yes,1,0.6931471805599453,0.6931471805599453
32,blue-collar,single,secondary,no,1670,yes,no,cellular,18,may,1,-1,0,no_previous_contact,no,0,0.6931471805599453,0.0
30,management,single,tertiary,no,890,no,no,cellular,27,aug,18,-1,0,no_previous_contact,no,0,2.9444389791664403,0.0
41,entrepreneur,married,secondary,no,2105,yes,no,cellular,18,nov,1,-1,0,no_previous_contact,no,0,0.6931471805599453,0.0
37,services,married,secondary,no,-349,yes,no,unknown,27,may,5,-1,0,no_previous_contact,no,0,1.791759469228055,0.0
46,technician,married,secondary,no,363,yes,no,cellular,6,aug,3,-1,0,no_previous_contact,no,0,1.3862943611198906,0.0
48,blue-collar,married,primary,no,584,yes,no,unknown,14,may,1,-1,0,no_previous_contact,no,0,0.6931471805599453,0.0
51,technician,married,unknown,no,-168,no,no,cellular,31,jul,3,-1,0,no_previous_contact,no,0,1.3862943611198906,0.0
40,technician,single,secondary,no,2141,no,no,cellular,18,nov,3,-1,0,no_previous_contact,no,0,1.3862943611198906,0.0
31,unemployed,single,secondary,no,199,yes,no,unknown,16,may,1,-1,0,no_previous_contact,no,0,0.6931471805599453,0.0
47,technician,married,secondary,no,93,no,yes,cellular,18,nov,1,-1,0,no_previous_contact,no,0,0.6931471805599453,0.0
48,technician,married,tertiary,no,310,no,no,unknown,6,may,1,-1,0,no_previous_contact,no,0,0.6931471805599453,0.0
49,management,single,tertiary,no,1093,yes,no,cellular,18,nov,1,-1,0,no_previous_contact,no,0,0.6931471805599453,0.0
29,technician,single,secondary,no,401,yes,no,cellular,5,feb,2,-1,0,no_previous_contact,no,0,1.0986122886681098,0.0
45,blue-collar,married,unknown,no,248,yes,no,unknown,6,may,5,-1,0,no_previous_contact,no,0,1.791759469228055,0.0
34,management,married,tertiary,no,519,no,no,cellular,11,aug,3,-1,0,no_previous_contact,no,0,1.3862943611198906,0.0
23,blue-collar,single,secondary,no,214,yes,no,unknown,28,may,1,-1,0,no_previous_contact,no,0,0.6931471805599453,0.0
41,unemployed,single,secondary,no,169,yes,no,cellular,11,may,1,-1,0,no_previous_contact,no,0,0.6931471805599453,0.0
31,admin.,divorced,secondary,no,217,yes,no,cellular,30,jan,2,-1,0,no_previous_contact,yes,0,1.0986122886681098,0.0
58,unemployed,married,secondary,no,687,yes,no,cellular,30,apr,2,-1,0,no_previous_contact,yes,0,1.0986122886681098,0.0
53,management,married,secondary,no,90,yes,no,telephone,20,apr,5,-1,0,no_previous_contact,no,0,1.791759469228055,0.0
33,blue-collar,married,secondary,no,-241,yes,yes,unknown,27,may,1,-1,0,no_previous_contact,no,0,0.6931471805599453,0.0
60,management,married,tertiary,no,0,yes,no,cellular,8,jul,1,-1,0,no_previous_contact,no,0,0.6931471805599453,0.0
44,management,single,tertiary,no,9956,yes,no,unknown,13,may,2,-1,0,no_previous_contact,no,0,1.0986122886681098,0.0
33,management,single,tertiary,yes,-5,no,no,cellular,18,aug,4,-1,0,no_previous_contact,no,0,1.6094379124341003,0.0
32,self-employed,married,tertiary,no,266,no,yes,cellular,20,nov,1,-1,0,no_previous_contact,no,0,0.6931471805599453,0.0
33,management,married,tertiary,no,158,no,no,cellular,30,apr,2,83,2,success,no,1,1.0986122886681098,1.0986122886681098
31,blue-collar,single,secondary,no,54,no,no,unknown,18,jun,3,-1,0,no_previous_contact,no,0,1.3862943611198906,0.0
35,blue-collar,married,secondary,no,514,yes,no,unknown,20,may,2,-1,0,no_previous_contact,no,0,1.0986122886681098,0.0
42,admin.,married,secondary,no,-396,yes,no,cellular,11,may,1,308,4,failure,no,1,0.6931471805599453,1.6094379124341003
57,admin.,divorced,secondary,no,1403,yes,no,cellular,16,jul,2,-1,0,no_previous_contact,no,0,1.0986122886681098,0.0
45,entrepreneur,married,tertiary,no,3689,yes,no,cellular,7,may,1,169,5,failure,no,1,0.6931471805599453,1.791759469228055
57,technician,divorced,secondary,no,-305,yes,no,cellular,14,jul,4,-1,0,no_previous_contact,no,0,1.6094379124341003,0.0
40,admin.,married,secondary,no,6,yes,no,unknown,6,may,3,-1,0,no_previous_contact,no,0,1.3862943611198906,0.0
41,entrepreneur,married,tertiary,no,171,yes,no,unknown,12,may,4,-1,0,no_previous_contact,no,0,1.6094379124341003,0.0
54,blue-collar,married,primary,no,69,no,no,cellular,17,nov,1,-1,0,no_previous_contact,no,0,0.6931471805599453,0.0
30,technician,married,tertiary,no,1103,yes,yes,cellular,29,jul,15,-1,0,no_previous_contact,no,0,2.772588722239781,0.0
80,retired,married,tertiary,no,3669,no,no,cellular,30,jun,1,-1,0,no_previous_contact,no,0,0.6931471805599453,0.0
51,technician,married,unknown,no,425,yes,no,unknown,19,may,3,-1,0,no_previous_contact,no,0,1.3862943611198906,0.0
59,admin.,married,secondary,no,1001,no,no,unknown,6,jun,2,-1,0,no_previous_contact,no,0,1.0986122886681098,0.0
27,services,married,primary,no,921,no,no,cellular,2,feb,1,-1,0,no_previous_contact,no,0,0.6931471805599453,0.0
36,management,single,tertiary,no,2685,no,yes,cellular,20,nov,2,-1,0,no_previous_contact,no,0,1.0986122886681098,0.0
34,technician,married,tertiary,no,0,yes,yes,cellular,28,apr,2,-1,0,no_previous_contact,no,0,1.0986122886681098,0.0
31,unemployed,single,primary,no,406,no,no,cellular,4,feb,1,-1,0,no_previous_contact,yes,0,0.6931471805599453,0.0
50,admin.,divorced,secondary,no,223,no,no,cellular,5,feb,1,-1,0,no_previous_contact,no,0,0.6931471805599453,0.0
49,management,divorced,tertiary,no,112,no,no,cellular,25,aug,10,-1,0,no_previous_contact,no,0,2.3978952727983707,0.0
32,admin.,single,secondary,no,678,yes,no,cellular,4,feb,1,246,4,failure,yes,1,0.6931471805599453,1.6094379124341003
50,blue-collar,married,secondary,no,616,yes,no,cellular,6,aug,6,-1,0,no_previous_contact,no,0,1.9459101490553132,0.0
38,blue-collar,married,unknown,no,0,yes,no,cellular,2,apr,2,267,1,failure,no,1,1.0986122886681098,0.6931471805599453
32,housemaid,married,secondary,no,156,no,yes,cellular,28,aug,4,-1,0,no_previous_contact,no,0,1.6094379124341003,0.0
35,admin.,married,tertiary,no,948,yes,no,cellular,8,jun,1,-1,0,no_previous_contact,no,0,0.6931471805599453,0.0
53,blue-collar,married,secondary,no,813,yes,no,unknown,21,may,16,-1,0,no_previous_contact,no,0,2.833213344056216,0.0
42,management,divorced,secondary,no,830,yes,no,unknown,19,may,1,-1,0,no_previous_contact,no,0,0.6931471805599453,0.0
35,blue-collar,married,secondary,no,73,no,no,unknown,9,may,3,-1,0,no_previous_contact,no,0,1.3862943611198906,0.0
55,retired,married,secondary,no,120,no,no,cellular,27,aug,3,-1,0,no_previous_contact,no,0,1.3862943611198906,0.0
58,management,married,tertiary,no,299,no,no,cellular,16,jul,4,-1,0,no_previous_contact,no,0,1.6094379124341003,0.0
58,unemployed,married,secondary,no,4497,yes,no,unknown,29,may,1,-1,0,no_previous_contact,no,0,0.6931471805599453,0.0
22,student,single,unknown,no,1,no,no,telephone,15,jun,4,-1,0,no_previous_contact,no,0,1.6094379124341003,0.0
49,technician,married,tertiary,no,0,yes,no,cellular,21,nov,1,-1,0,no_previous_contact,no,0,0.6931471805599453,0.0
27,admin.,married,secondary,no,1475,yes,no,unknown,27,may,1,-1,0,no_previous_contact,no,0,0.6931471805599453,0.0
40,blue-collar,married,unknown,no,874,no,no,unknown,14,may,1,-1,0,no_previous_contact,no,0,0.6931471805599453,0.0
34,management,single,tertiary,no,966,yes,no,cellular,12,aug,3,-1,0,no_previous_contact,no,0,1.3862943611198906,0.0
30,management,single,tertiary,no,938,no,no,cellular,26,may,2,105,1,other,no,1,1.0986122886681098,0.6931471805599453
30,technician,single,secondary,no,341,no,no,unknown,23,feb,1,-1,0,no_previous_contact,no,0,0.6931471805599453,0.0
34,admin.,single,secondary,no,713,no,no,cellular,5,feb,2,-1,0,no_previous_contact,no,0,1.0986122886681098,0.0
41,management,married,tertiary,no,6060,yes,no,unknown,15,may,2,-1,0,no_previous_contact,no,0,1.0986122886681098,0.0
31,housemaid,married,secondary,no,0,yes,no,cellular,10,jul,1,-1,0,no_previous_contact,no,0,0.6931471805599453,0.0
59,housemaid,married,primary,no,0,no,no,unknown,9,jun,1,-1,0,no_previous_contact,no,0,0.6931471805599453,0.0
26,admin.,single,secondary,no,255,no,no,cellular,30,apr,1,80,1,success,yes,1,0.6931471805599453,0.6931471805599453
44,technician,divorced,secondary,no,106,yes,no,unknown,17,nov,1,175,1,failure,no,1,0.6931471805599453,0.6931471805599453
33,admin.,married,secondary,no,30,yes,no,telephone,5,may,2,-1,0,no_previous_contact,no,0,1.0986122886681098,0.0
43,blue-collar,divorced,primary,no,219,no,no,telephone,13,nov,1,-1,0,no_previous_contact,no,0,0.6931471805599453,0.0
32,services,married,secondary,no,414,yes,no,cellular,3,feb,2,272,1,failure,no,1,1.0986122886681098,0.6931471805599453
41,management,married,secondary,no,6,no,no,cellular,5,may,1,-1,0,no_previous_contact,no,0,0.6931471805599453,0.0
41,services,married,tertiary,no,881,no,no,cellular,30,oct,3,-1,0,no_previous_contact,yes,0,1.3862943611198906,0.0
48,admin.,married,primary,no,4459,yes,no,cellular,3,apr,2,240,1,failure,no,1,1.0986122886681098,0.6931471805599453
57,retired,divorced,primary,yes,0,no,yes,cellular,24,jul,2,-1,0,no_previous_contact,no,0,1.0986122886681098,0.0
32,self-employed,married,tertiary,no,189,yes,no,unknown,6,jun,2,-1,0,no_previous_contact,no,0,1.0986122886681098,0.0
35,technician,married,secondary,no,150,no,no,cellular,18,aug,5,-1,0,no_previous_contact,no,0,1.791759469228055,0.0
29,blue-collar,married,secondary,no,177,yes,no,unknown,12,may,3,-1,0,no_previous_contact,no,0,1.3862943611198906,0.0
34,blue-collar,married,primary,no,-204,yes,no,cellular,14,may,6,-1,0,no_previous_contact,no,0,1.9459101490553132,0.0
32,management,divorced,tertiary,no,1804,yes,no,cellular,13,may,1,355,1,failure,no,1,0.6931471805599453,0.6931471805599453
32,blue-collar,married,secondary,no,687,yes,no,unknown,9,may,1,-1,0,no_previous_contact,no,0,0.6931471805599453,0.0
43,technician,married,secondary,no,629,no,no,cellular,5,aug,1,-1,0,no_previous_contact,no,0,0.6931471805599453,0.0
34,technician,divorced,secondary,no,558,yes,no,cellular,7,may,2,167,5,failure,no,1,1.0986122886681098,1.791759469228055
30,technician,married,secondary,no,-910,yes,no,cellular,15,may,2,298,1,failure,no,1,1.0986122886681098,0.6931471805599453
37,admin.,married,secondary,no,2254,no,no,telephone,2,feb,2,-1,0,no_previous_contact,no,0,1.0986122886681098,0.0
55,retired,married,primary,no,8894,no,no,unknown,11,jun,1,-1,0,no_previous_contact,no,0,0.6931471805599453,0.0
60,admin.,married,secondary,no,-396,yes,no,cellular,11,may,1,350,1,failure,no,1,0.6931471805599453,0.6931471805599453
35,services,single,secondary,no,49,no,no,cellular,30,jan,1,-1,0,no_previous_contact,no,0,0.6931471805599453,0.0
37,blue-collar,single,tertiary,no,1436,yes,no,cellular,12,may,2,-1,0,no_previous_contact,no,0,1.0986122886681098,0.0
24,technician,single,secondary,no,1298,no,no,cellular,1,sep,1,-1,0,no_previous_contact,no,0,0.6931471805599453,0.0
28,blue-collar,married,secondary,no,0,yes,yes,unknown,3,jun,1,-1,0,no_previous_contact,no,0,0.6931471805599453,0.0
33,technician,single,tertiary,no,6127,no,no,cellular,8,aug,3,-1,0,no_previous_contact,no,0,1.3862943611198906,0.0
40,unemployed,married,secondary,no,3382,yes,no,unknown,14,may,1,-1,0,no_previous_contact,no,0,0.6931471805599453,0.0
36,management,single,tertiary,no,490,no,no,cellular,28,aug,8,98,1,failure,yes,1,2.1972245773362196,0.6931471805599453
